code,name,rows,start,end,is_st,short_listing,zero_volume_days,zero_volume_ratio,limit_up_days,limit_down_days,limit_day_ratio
000001.SZ,平安银行,3920,2010-01-04,2026-06-11,False,False,0,0.0,10,10,0.00510204081632653
000002.SZ,万科A,3835,2010-01-04,2026-06-11,False,False,0,0.0,27,5,0.008344198174706649
000004.SZ,*ST国华,3709,2010-02-11,2026-04-27,True,False,0,0.0,103,49,0.04098139660285791
000006.SZ,深振业A,3865,2010-01-04,2026-06-11,False,False,0,0.0,67,41,0.027943078913324707
000007.SZ,全新好,3379,2010-01-04,2026-06-11,False,False,0,0.0,47,40,0.02574726250369932
000008.SZ,神州高铁,3669,2010-01-20,2026-06-11,False,False,0,0.0,52,19,0.019351321886072498
000009.SZ,中国宝安,3880,2010-01-04,2026-06-11,False,False,0,0.0,71,38,0.02809278350515464
000010.SZ,美丽生态,3231,2010-01-04,2026-06-11,False,False,0,0.0,89,29,0.036521200866604764
000011.SZ,深物业A,3963,2010-01-04,2026-06-11,False,False,0,0.0,69,44,0.02851375220792329
000012.SZ,南玻A,3945,2010-01-04,2026-06-11,False,False,0,0.0,38,25,0.01596958174904943
000014.SZ,沙河股份,3984,2010-01-04,2026-06-11,False,False,0,0.0,94,51,0.03639558232931727
000016.SZ,深康佳A,3876,2010-01-04,2026-06-11,False,False,0,0.0,76,31,0.02760577915376677
000017.SZ,深中华A,3612,2010-03-18,2026-06-11,False,False,0,0.0,110,39,0.04125138427464009
000019.SZ,深粮控股,3754,2010-01-04,2026-06-11,False,False,0,0.0,65,35,0.02663825253063399
000020.SZ,深华发A,3692,2010-01-04,2026-06-11,False,False,0,0.0,117,53,0.04604550379198267
000021.SZ,深科技,3959,2010-01-04,2026-06-11,False,False,0,0.0,57,34,0.02298560242485476
000025.SZ,特力A,3956,2010-01-04,2026-06-11,False,False,0,0.0,138,42,0.0455005055611729
000026.SZ,飞亚达,3976,2010-01-04,2026-06-11,False,False,0,0.0,49,31,0.02012072434607646
000027.SZ,深圳能源,3940,2010-01-04,2026-06-11,False,False,0,0.0,30,22,0.013197969543147208
000028.SZ,国药一致,3863,2010-01-04,2026-06-11,False,False,0,0.0,18,10,0.007248252653378203
000029.SZ,深深房A,2979,2010-01-04,2026-06-11,False,False,0,0.0,69,36,0.035246727089627394
000030.SZ,富奥股份,3656,2010-01-04,2026-06-11,False,False,0,0.0,29,17,0.012582056892778994
000031.SZ,大悦城,3796,2010-01-04,2026-06-11,False,False,0,0.0,46,29,0.01975763962065332
000032.SZ,深桑达A,3706,2010-01-04,2026-06-11,False,False,0,0.0,86,47,0.03588774959525094
000034.SZ,神州数码,3374,2010-09-03,2026-06-11,False,False,0,0.0,63,28,0.026970954356846474
000035.SZ,中国天楹,3190,2010-01-04,2026-06-11,False,False,0,0.0,24,14,0.011912225705329153
000036.SZ,华联控股,3937,2010-01-04,2026-06-11,False,False,0,0.0,47,30,0.019558039116078233
000037.SZ,深南电A,3700,2010-01-04,2026-06-11,False,False,0,0.0,105,42,0.039729729729729726
000039.SZ,中集集团,3953,2010-01-04,2026-06-11,False,False,0,0.0,19,21,0.010118897040222615
000042.SZ,中洲控股,3780,2010-01-04,2026-06-11,False,False,0,0.0,36,27,0.016666666666666666
000045.SZ,深纺织A,3794,2010-01-04,2026-06-11,False,False,0,0.0,66,41,0.02820242488139167
000048.SZ,京基智农,3800,2010-01-04,2026-06-11,False,False,0,0.0,50,34,0.022105263157894735
000049.SZ,德赛电池,3945,2010-01-04,2026-06-11,False,False,0,0.0,64,25,0.02256020278833967
000050.SZ,深天马A,3780,2010-01-04,2026-06-11,False,False,0,0.0,53,33,0.02275132275132275
000055.SZ,方大集团,3960,2010-01-04,2026-06-11,False,False,0,0.0,40,29,0.017424242424242425
000056.SZ,皇庭国际,3810,2010-01-04,2026-06-11,False,False,0,0.0,104,59,0.04278215223097113
000058.SZ,深赛格,3540,2010-01-04,2026-06-11,False,False,0,0.0,96,41,0.038700564971751415
000059.SZ,华锦股份,3866,2010-01-04,2026-06-11,False,False,0,0.0,20,13,0.008535954474909468
000060.SZ,中金岭南,3969,2010-01-04,2026-06-11,False,False,0,0.0,35,30,0.0163769211388259
000061.SZ,农产品,3875,2010-01-04,2026-06-11,False,False,0,0.0,32,19,0.013161290322580645
000062.SZ,深圳华强,3869,2010-01-04,2026-06-11,False,False,0,0.0,102,49,0.03902817265443267
000063.SZ,中兴通讯,3903,2010-01-04,2026-06-11,False,False,0,0.0,34,30,0.016397642838841917
000065.SZ,北方国际,3854,2010-01-04,2026-06-11,False,False,0,0.0,69,36,0.027244421380384017
000066.SZ,中国长城,3750,2010-01-04,2026-06-11,False,False,0,0.0,70,17,0.0232
000068.SZ,华控赛格,3498,2010-01-04,2026-06-11,False,False,0,0.0,81,22,0.02944539736992567
000069.SZ,华侨城A,3940,2010-01-04,2026-06-11,False,False,0,0.0,19,18,0.009390862944162437
000070.SZ,特发信息,3825,2010-01-04,2026-06-11,False,False,0,0.0,105,45,0.0392156862745098
000078.SZ,海王生物,3960,2010-01-04,2026-06-11,False,False,0,0.0,72,34,0.026767676767676767
000088.SZ,盐田港,3898,2010-01-04,2026-06-11,False,False,0,0.0,38,23,0.01564905079527963
000089.SZ,深圳机场,3981,2010-01-04,2026-06-11,False,False,0,0.0,10,12,0.00552624968600854
000090.SZ,天健集团,3925,2010-01-04,2026-06-11,False,False,0,0.0,31,24,0.014012738853503185
000096.SZ,广聚能源,3984,2010-01-04,2026-06-11,False,False,0,0.0,51,30,0.02033132530120482
000099.SZ,中信海直,3860,2010-01-04,2026-06-11,False,False,0,0.0,55,32,0.022538860103626945
000100.SZ,TCL科技,3774,2010-01-04,2026-06-11,False,False,0,0.0,24,16,0.010598834128245893
000151.SZ,中成股份,3970,2010-01-04,2026-06-11,False,False,0,0.0,105,50,0.03904282115869018
000153.SZ,丰原药业,3641,2010-01-04,2026-06-11,False,False,0,0.0,52,29,0.0222466355396869
000155.SZ,川能动力,3449,2010-01-04,2026-06-11,False,False,0,0.0,57,19,0.022035372571759932
000156.SZ,华数传媒,3140,2012-10-19,2026-06-11,False,False,0,0.0,52,25,0.024522292993630575
000157.SZ,中联重科,3977,2010-01-04,2026-06-11,False,False,0,0.0,19,12,0.0077948202162434
000158.SZ,常山北明,3898,2010-01-04,2026-06-11,False,False,0,0.0,107,46,0.039250897896357106
000159.SZ,国际实业,3838,2010-01-08,2026-06-11,False,False,0,0.0,72,41,0.029442417926003127
000166.SZ,申万宏源,2733,2015-01-26,2026-06-11,False,False,0,0.0,12,10,0.00804976216611782
000301.SZ,东方盛虹,3805,2010-01-04,2026-06-11,False,False,0,0.0,42,24,0.017345597897503284
000333.SZ,美的集团,3029,2013-09-18,2026-06-11,False,False,0,0.0,3,5,0.002641135688345989
000338.SZ,潍柴动力,3982,2010-01-04,2026-06-11,False,False,0,0.0,10,12,0.0055248618784530384
000400.SZ,许继电气,3918,2010-01-04,2026-06-11,False,False,0,0.0,40,17,0.01454823889739663
000401.SZ,金隅冀东,3812,2010-01-04,2026-06-11,False,False,0,0.0,34,26,0.015739769150052464
000402.SZ,金融街,3983,2010-01-04,2026-06-11,False,False,0,0.0,38,17,0.013808686919407481
000403.SZ,派林生物,2932,2013-02-08,2026-06-11,False,False,0,0.0,17,4,0.007162346521145975
000404.SZ,长虹华意,3961,2010-01-04,2026-06-11,False,False,0,0.0,28,22,0.012623074981065387
000407.SZ,胜利股份,3780,2010-01-04,2026-06-11,False,False,0,0.0,37,23,0.015873015873015872
000408.SZ,藏格矿业,3772,2010-01-04,2026-06-11,False,False,0,0.0,41,36,0.0204135737009544
000409.SZ,云鼎科技,3710,2010-01-04,2026-06-11,False,False,0,0.0,66,32,0.026415094339622643
000410.SZ,沈阳机床,3910,2010-01-04,2026-06-11,False,False,0,0.0,55,33,0.022506393861892585
000411.SZ,英特集团,3811,2010-01-04,2026-06-11,False,False,0,0.0,65,37,0.02676462870637628
000415.SZ,渤海租赁,3426,2010-01-04,2026-06-11,False,False,0,0.0,39,24,0.01838879159369527
000417.SZ,合百集团,3975,2010-01-04,2026-06-11,False,False,0,0.0,30,25,0.013836477987421384
000419.SZ,通程控股,3978,2010-01-04,2026-06-11,False,False,0,0.0,39,34,0.018350930115636
000420.SZ,吉林化纤,3926,2010-01-04,2026-06-11,False,False,0,0.0,55,26,0.020631686194600103
000421.SZ,南京公用,3926,2010-01-04,2026-06-11,False,False,0,0.0,54,27,0.020631686194600103
000422.SZ,湖北宜化,3924,2010-01-04,2026-06-11,False,False,0,0.0,37,30,0.017074413863404688
000423.SZ,东阿阿胶,3981,2010-01-04,2026-06-11,False,False,0,0.0,12,7,0.0047726701833710125
000425.SZ,徐工机械,3932,2010-01-04,2026-06-11,False,False,0,0.0,26,11,0.009409969481180062
000426.SZ,兴业银锡,3665,2010-01-28,2026-06-11,False,False,0,0.0,54,32,0.023465211459754432
000428.SZ,华天酒店,3871,2010-01-04,2026-06-11,False,False,0,0.0,62,43,0.027124773960216998
000429.SZ,粤高速A,3842,2010-01-04,2026-06-11,False,False,0,0.0,3,7,0.0026028110359187923
000430.SZ,ST张家界,3926,2010-01-04,2026-06-11,True,False,0,0.0,26,25,0.012990320937340805
000488.SZ,ST晨鸣,3956,2010-01-04,2026-06-11,True,False,0,0.0,17,14,0.007836198179979777
000498.SZ,山东路桥,3113,2013-02-08,2026-06-11,False,False,0,0.0,38,23,0.019595245743655638
000501.SZ,武商集团,3908,2010-01-04,2026-06-11,False,False,0,0.0,24,16,0.01023541453428864
000503.SZ,国新健康,3754,2010-01-04,2026-06-11,False,False,0,0.0,82,55,0.03649440596696857
000504.SZ,*ST生物,3485,2010-01-04,2026-06-10,True,False,0,0.0,56,39,0.027259684361549498
000505.SZ,京粮控股,3737,2010-01-04,2026-06-11,False,False,0,0.0,84,40,0.033181696548033185
000506.SZ,招金黄金,3609,2010-01-04,2026-06-11,False,False,0,0.0,108,41,0.041285674702133554
000507.SZ,珠海港,3955,2010-01-04,2026-06-11,False,False,0,0.0,38,24,0.015676359039190898
000509.SZ,华塑控股,3544,2010-01-04,2026-06-11,False,False,0,0.0,82,39,0.03414221218961625
000510.SZ,新金路,3834,2010-01-04,2026-06-11,False,False,0,0.0,73,28,0.02634324465310381
000513.SZ,丽珠集团,3886,2010-01-04,2026-06-11,False,False,0,0.0,11,12,0.005918682449819866
000514.SZ,渝开发,3893,2010-01-04,2026-06-11,False,False,0,0.0,84,46,0.033393269971744154
000516.SZ,国际医学,3786,2010-01-04,2026-06-11,False,False,0,0.0,52,33,0.022451135763338615
000517.SZ,荣安地产,3929,2010-01-04,2026-06-11,False,False,0,0.0,73,39,0.028505981165691016
000518.SZ,*ST四环,3863,2010-01-04,2026-06-11,True,False,0,0.0,82,21,0.026663215117784106
000519.SZ,中兵红箭,3785,2010-01-04,2026-06-11,False,False,0,0.0,43,20,0.0166446499339498
000520.SZ,凤凰航运,3421,2010-01-04,2026-06-11,False,False,0,0.0,74,29,0.03010815551008477
000521.SZ,长虹美菱,3955,2010-01-04,2026-06-11,False,False,0,0.0,47,17,0.01618204804045512
000523.SZ,红棉股份,3845,2010-01-04,2026-06-11,False,False,0,0.0,65,40,0.027308192457737322
000524.SZ,岭南控股,3802,2010-01-04,2026-06-11,False,False,0,0.0,74,46,0.03156233561283535
000525.SZ,红太阳,3933,2010-01-04,2026-06-11,False,False,0,0.0,23,20,0.010933129926264938
000526.SZ,学大教育,3463,2010-01-11,2026-06-11,False,False,0,0.0,99,35,0.038694773317932425
000528.SZ,柳工,3953,2010-01-04,2026-06-11,False,False,0,0.0,23,12,0.00885403491019479
000529.SZ,广弘控股,3880,2010-01-04,2026-06-11,False,False,0,0.0,44,21,0.01675257731958763
000530.SZ,冰山冷热,3969,2010-01-04,2026-06-11,False,False,0,0.0,70,34,0.02620307382212144
000531.SZ,穗恒运A,3882,2010-01-04,2026-06-11,False,False,0,0.0,40,22,0.015971148892323546
000532.SZ,华金资本,3932,2010-01-04,2026-06-11,False,False,0,0.0,65,49,0.02899287894201424
000533.SZ,顺钠股份,3806,2010-01-04,2026-06-11,False,False,0,0.0,84,49,0.034944823962165
000534.SZ,万泽股份,3590,2010-01-04,2026-06-11,False,False,0,0.0,49,17,0.01838440111420613
000536.SZ,华映科技,3818,2010-01-04,2026-06-11,False,False,0,0.0,104,36,0.03666841278156103
000537.SZ,中绿电,3843,2010-01-04,2026-06-11,False,False,0,0.0,49,43,0.023939630497007546
000538.SZ,云南白药,3823,2010-01-04,2026-06-11,False,False,0,0.0,12,5,0.004446769552707298
000539.SZ,粤电力A,3869,2010-01-04,2026-06-11,False,False,0,0.0,33,11,0.011372447660894288
000541.SZ,佛山照明,3955,2010-01-04,2026-06-11,False,False,0,0.0,28,29,0.01441213653603034
000543.SZ,皖能电力,3948,2010-01-04,2026-06-11,False,False,0,0.0,12,13,0.006332320162107396
000544.SZ,中原环保,3884,2010-01-04,2026-06-11,False,False,0,0.0,33,23,0.014418125643666324
000545.SZ,金浦钛业,3384,2010-01-04,2026-06-11,False,False,0,0.0,58,29,0.025709219858156027
000546.SZ,金圆股份,3845,2010-01-04,2026-06-11,False,False,0,0.0,68,39,0.027828348504551365
000547.SZ,航天发展,3538,2010-01-11,2026-06-11,False,False,0,0.0,76,43,0.033634821933295644
000548.SZ,湖南投资,3984,2010-01-04,2026-06-11,False,False,0,0.0,58,36,0.02359437751004016
000550.SZ,江铃汽车,3984,2010-01-04,2026-06-11,False,False,0,0.0,55,18,0.018323293172690762
000551.SZ,创元科技,3955,2010-01-04,2026-06-11,False,False,0,0.0,57,38,0.02402022756005057
000552.SZ,甘肃能化,3882,2010-01-04,2026-06-11,False,False,0,0.0,38,26,0.01648634724368882
000553.SZ,安道麦A,3594,2010-01-04,2026-06-11,False,False,0,0.0,44,15,0.016416249304396217
000554.SZ,泰山石油,3985,2010-01-04,2026-06-11,False,False,0,0.0,57,37,0.023588456712672522
000555.SZ,神州信息,3635,2010-01-04,2026-06-11,False,False,0,0.0,75,34,0.029986244841815682
000557.SZ,西部创业,2821,2010-01-04,2026-06-11,False,False,0,0.0,41,10,0.018078695498050336
000558.SZ,天府文旅,3722,2010-01-04,2026-06-11,False,False,0,0.0,89,42,0.03519613111230521
000559.SZ,万向钱潮,3960,2010-01-04,2026-06-11,False,False,0,0.0,76,34,0.027777777777777776
000560.SZ,我爱我家,3601,2010-01-04,2026-06-11,False,False,0,0.0,76,36,0.03110247153568453
000561.SZ,烽火电子,3970,2010-01-04,2026-06-11,False,False,0,0.0,71,33,0.02619647355163728
000563.SZ,陕国投A,3879,2010-01-04,2026-06-11,False,False,0,0.0,42,34,0.01959267852539314
000564.SZ,供销大集,3506,2010-01-04,2026-06-11,False,False,0,0.0,68,28,0.027381631488876214
000565.SZ,渝三峡A,3842,2010-01-04,2026-06-11,False,False,0,0.0,61,35,0.024986985944820406
000566.SZ,海南海药,3715,2010-01-04,2026-06-11,False,False,0,0.0,58,37,0.02557200538358008
000567.SZ,海德股份,3935,2010-01-04,2026-06-11,False,False,0,0.0,78,34,0.028462515883100382
000568.SZ,泸州老窖,3952,2010-01-04,2026-06-11,False,False,0,0.0,17,12,0.007338056680161943
000570.SZ,苏常柴A,3987,2010-01-04,2026-06-11,False,False,0,0.0,50,33,0.020817657386506146
000571.SZ,新大洲A,3689,2010-01-04,2026-06-11,False,False,0,0.0,46,32,0.02114394144754676
000572.SZ,海马汽车,3976,2010-01-04,2026-06-11,False,False,0,0.0,83,30,0.028420523138832997
000573.SZ,粤宏远A,3981,2010-01-04,2026-06-11,False,False,0,0.0,67,43,0.027631248430042703
000576.SZ,甘化科工,3855,2010-01-04,2026-06-11,False,False,0,0.0,62,41,0.026718547341115433
000581.SZ,威孚高科,3975,2010-01-04,2026-06-11,False,False,0,0.0,17,13,0.007547169811320755
000582.SZ,北部湾港,3688,2010-01-04,2026-06-11,False,False,0,0.0,41,24,0.01762472885032538
000586.SZ,汇源通信,3628,2010-01-04,2026-06-11,False,False,0,0.0,76,38,0.031422271223814774
000589.SZ,贵州轮胎,3970,2010-01-04,2026-06-11,False,False,0,0.0,16,18,0.008564231738035265
000590.SZ,启迪药业,3847,2010-01-04,2026-06-11,False,False,0,0.0,57,19,0.019755653756173643
000591.SZ,太阳能,3870,2010-01-04,2026-06-11,False,False,0,0.0,56,30,0.022222222222222223
000592.SZ,平潭发展,3809,2010-01-04,2026-06-11,False,False,0,0.0,98,51,0.039117878708322396
000593.SZ,德龙汇能,3860,2010-01-04,2026-06-11,False,False,0,0.0,77,40,0.030310880829015546
000595.SZ,*ST宝实,3763,2010-01-04,2026-06-11,True,False,0,0.0,134,43,0.04703693861280893
000596.SZ,古井贡酒,3980,2010-01-04,2026-06-11,False,False,0,0.0,36,15,0.012814070351758794
000597.SZ,东北制药,3940,2010-01-04,2026-06-11,False,False,0,0.0,43,24,0.01700507614213198
000598.SZ,兴蓉环境,3970,2010-01-04,2026-06-11,False,False,0,0.0,12,19,0.0078085642317380355
000599.SZ,青岛双星,3950,2010-01-04,2026-06-11,False,False,0,0.0,59,32,0.023037974683544304
000600.SZ,建投能源,3869,2010-01-04,2026-06-11,False,False,0,0.0,52,18,0.018092530369604547
000601.SZ,韶能股份,3906,2010-01-04,2026-06-11,False,False,0,0.0,51,24,0.019201228878648235
000603.SZ,盛达资源,3731,2010-05-05,2026-06-11,False,False,0,0.0,57,40,0.025998391852050388
000605.SZ,渤海股份,3617,2010-01-04,2026-06-11,False,False,0,0.0,69,43,0.03096488802875311
000607.SZ,华媒控股,3745,2010-01-04,2026-06-11,False,False,0,0.0,71,36,0.02857142857142857
000608.SZ,*ST阳光,3746,2010-01-04,2026-06-11,True,False,0,0.0,52,37,0.02375867592098238
000609.SZ,ST中迪,3855,2010-01-04,2026-06-11,True,False,0,0.0,91,49,0.03631647211413749
000610.SZ,西安旅游,3861,2010-01-04,2026-06-11,False,False,0,0.0,62,43,0.027195027195027196
000612.SZ,焦作万方,3714,2010-01-04,2026-06-11,False,False,0,0.0,59,30,0.023963381798599893
000615.SZ,*ST美谷,3750,2010-01-04,2026-06-11,True,False,0,0.0,85,50,0.036
000617.SZ,中油资本,3852,2010-01-04,2026-06-11,False,False,0,0.0,55,33,0.02284527518172378
000619.SZ,海螺新材,3936,2010-01-04,2026-06-11,False,False,0,0.0,50,31,0.020579268292682928
000620.SZ,盈新发展,3589,2011-07-08,2026-06-11,False,False,0,0.0,124,43,0.04653106714962385
000623.SZ,吉林敖东,3976,2010-01-11,2026-06-11,False,False,0,0.0,18,18,0.009054325955734407
000625.SZ,长安汽车,3888,2010-01-04,2026-06-11,False,False,0,0.0,44,13,0.014660493827160493
000626.SZ,远大控股,3814,2010-01-04,2026-06-11,False,False,0,0.0,110,41,0.03959098059779759
000628.SZ,高新发展,3600,2010-01-04,2026-06-11,False,False,0,0.0,92,43,0.0375
000629.SZ,钒钛股份,3492,2010-01-04,2026-06-11,False,False,0,0.0,53,21,0.021191294387170677
000630.SZ,铜陵有色,3812,2010-01-04,2026-06-11,False,False,0,0.0,37,8,0.01180482686253935
000631.SZ,顺发恒能,3983,2010-01-04,2026-06-11,False,False,0,0.0,70,27,0.02435350238513683
000632.SZ,三木集团,3979,2010-01-04,2026-06-11,False,False,0,0.0,67,48,0.028901734104046242
000633.SZ,合金投资,3520,2010-01-04,2026-06-11,False,False,0,0.0,91,41,0.0375
000635.SZ,英力特,3898,2010-01-04,2026-06-11,False,False,0,0.0,61,39,0.025654181631605953
000636.SZ,风华高科,3812,2010-01-04,2026-06-11,False,False,0,0.0,46,41,0.022822665267576075
000637.SZ,茂化实华,3975,2010-01-04,2026-06-11,False,False,0,0.0,53,33,0.021635220125786163
000638.SZ,*ST万方,3577,2010-01-04,2026-04-13,True,False,0,0.0,119,63,0.050880626223091974
000639.SZ,西王食品,3852,2010-02-04,2026-06-11,False,False,0,0.0,53,32,0.022066458982346833
000650.SZ,仁和药业,3907,2010-01-04,2026-06-11,False,False,0,0.0,23,16,0.009982083439979524
000651.SZ,格力电器,3822,2010-01-04,2026-06-11,False,False,0,0.0,13,9,0.0057561486132914706
000652.SZ,泰达股份,3816,2010-01-04,2026-06-11,False,False,0,0.0,57,23,0.020964360587002098
000655.SZ,金岭矿业,3875,2010-01-04,2026-06-11,False,False,0,0.0,47,30,0.019870967741935485
000656.SZ,*ST金科,3895,2010-01-04,2026-06-11,True,False,0,0.0,49,26,0.019255455712451863
000657.SZ,中钨高新,3133,2010-01-04,2026-06-11,False,False,0,0.0,48,23,0.022661985317586977
000659.SZ,珠海中富,3842,2010-01-04,2026-06-11,False,False,0,0.0,46,14,0.015616866215512754
000661.SZ,长春高新,3937,2010-01-04,2026-06-11,False,False,0,0.0,37,24,0.015494030988061977
000663.SZ,永安林业,3797,2010-01-04,2026-06-11,False,False,0,0.0,84,45,0.033974190150118516
000665.SZ,湖北广电,3772,2010-01-04,2026-06-11,False,False,0,0.0,81,27,0.02863202545068929
000668.SZ,*ST荣控,3656,2010-01-04,2026-06-11,True,False,0,0.0,50,36,0.023522975929978117
000669.SZ,ST金鸿,3756,2010-01-04,2026-06-11,True,False,0,0.0,37,25,0.01650692225772098
000670.SZ,盈方微,2316,2013-02-08,2026-06-11,False,False,0,0.0,90,43,0.057426597582038
000672.SZ,上峰水泥,3083,2013-04-26,2026-06-11,False,False,0,0.0,44,18,0.020110282192669478
000676.SZ,智度股份,3677,2010-01-04,2026-06-11,False,False,0,0.0,92,25,0.03181941800380745
000677.SZ,恒天海龙,3391,2010-01-04,2026-06-11,False,False,0,0.0,79,22,0.029784724270126805
000678.SZ,襄阳轴承,3827,2010-01-04,2026-06-11,False,False,0,0.0,90,49,0.03632087797230207
000679.SZ,大连友谊,3837,2010-01-04,2026-06-11,False,False,0,0.0,77,38,0.029971331769611677
000680.SZ,山推股份,3980,2010-01-04,2026-06-11,False,False,0,0.0,51,24,0.018844221105527637
000681.SZ,视觉中国,3086,2013-02-08,2026-06-11,False,False,0,0.0,97,50,0.04763447828904731
000682.SZ,东方电子,3776,2010-01-04,2026-06-11,False,False,0,0.0,38,20,0.015360169491525424
000683.SZ,博源化工,3859,2010-01-04,2026-06-11,False,False,0,0.0,33,19,0.01347499352163773
000685.SZ,中山公用,3959,2010-01-11,2026-06-11,False,False,0,0.0,14,10,0.006062136903258399
000686.SZ,东北证券,3969,2010-01-04,2026-06-11,False,False,0,0.0,27,24,0.012849584278155708
000688.SZ,国城矿业,2921,2013-04-26,2026-06-11,False,False,0,0.0,46,22,0.02327969873331051
000690.SZ,宝新能源,3935,2010-01-04,2026-06-11,False,False,0,0.0,20,15,0.008894536213468869
000691.SZ,*ST亚太,3723,2010-01-04,2026-06-11,True,False,0,0.0,63,41,0.027934461455815202
000692.SZ,惠天热电,3898,2010-01-04,2026-06-11,False,False,0,0.0,57,27,0.021549512570549
000695.SZ,滨海能源,3695,2010-01-04,2026-06-11,False,False,0,0.0,89,39,0.034641407307171856
000697.SZ,*ST炼石,3655,2010-05-18,2026-06-11,True,False,0,0.0,51,21,0.01969904240766074
000698.SZ,ST沈化,3882,2010-01-04,2026-06-11,True,False,0,0.0,63,33,0.02472952086553323
000700.SZ,模塑科技,3862,2010-01-04,2026-06-11,False,False,0,0.0,69,26,0.024598653547384774
000701.SZ,厦门信达,3958,2010-01-04,2026-06-11,False,False,0,0.0,74,47,0.03057099545224861
000702.SZ,正虹科技,3981,2010-01-04,2026-06-11,False,False,0,0.0,56,45,0.025370509922130118
000703.SZ,恒逸石化,3872,2010-01-04,2026-06-11,False,False,0,0.0,28,25,0.01368801652892562
000705.SZ,浙江震元,3956,2010-01-04,2026-06-11,False,False,0,0.0,43,28,0.0179474216380182
000707.SZ,双环科技,3855,2010-01-04,2026-06-11,False,False,0,0.0,19,14,0.008560311284046693
000708.SZ,中信特钢,3873,2010-01-04,2026-06-11,False,False,0,0.0,13,12,0.006454944487477408
000709.SZ,河钢股份,3926,2010-01-25,2026-06-11,False,False,0,0.0,19,11,0.007641365257259297
000710.SZ,贝瑞基因,3684,2010-01-04,2026-06-11,False,False,0,0.0,101,52,0.041530944625407164
000711.SZ,ST京蓝,3484,2010-01-04,2026-06-11,True,False,0,0.0,77,35,0.03214695752009185
000712.SZ,锦龙股份,3732,2010-01-04,2026-06-11,False,False,0,0.0,63,38,0.027063236870310824
000713.SZ,国投丰乐,3831,2010-01-04,2026-06-11,False,False,0,0.0,58,37,0.024797702949621508
000715.SZ,中兴商业,3762,2010-01-04,2026-06-11,False,False,0,0.0,54,38,0.024455077086656035
000716.SZ,黑芝麻,3512,2010-01-04,2026-06-11,False,False,0,0.0,81,44,0.03559225512528474
000717.SZ,中南股份,3891,2010-01-04,2026-06-11,False,False,0,0.0,63,28,0.023387304034952455
000718.SZ,苏宁环球,3822,2010-01-04,2026-06-11,False,False,0,0.0,53,31,0.02197802197802198
000719.SZ,中原传媒,3306,2011-12-02,2026-06-11,False,False,0,0.0,46,21,0.02026618269812462
000720.SZ,新能泰山,3724,2010-01-04,2026-06-11,False,False,0,0.0,72,22,0.025241675617615467
000721.SZ,西安饮食,3888,2010-01-04,2026-06-11,False,False,0,0.0,97,47,0.037037037037037035
000722.SZ,湖南发展,3456,2010-01-05,2026-06-11,False,False,0,0.0,83,38,0.03501157407407408
000723.SZ,美锦能源,3681,2010-01-04,2026-06-11,False,False,0,0.0,81,41,0.033143167617495244
000725.SZ,京东方A,3974,2010-01-04,2026-06-11,False,False,0,0.0,17,10,0.0067941620533467535
000726.SZ,鲁泰A,3951,2010-01-04,2026-06-11,False,False,0,0.0,6,9,0.0037965072133637054
000727.SZ,冠捷科技,3849,2010-01-04,2026-06-11,False,False,0,0.0,63,27,0.02338269680436477
000728.SZ,国元证券,3953,2010-01-04,2026-06-11,False,False,0,0.0,27,24,0.012901593726283835
000729.SZ,燕京啤酒,3981,2010-01-04,2026-06-11,False,False,0,0.0,13,5,0.00452147701582517
000731.SZ,四川美丰,3984,2010-01-04,2026-06-11,False,False,0,0.0,33,29,0.015562248995983935
000733.SZ,振华科技,3954,2010-01-04,2026-06-11,False,False,0,0.0,45,31,0.019221041982802226
000735.SZ,罗牛山,3963,2010-01-04,2026-06-11,False,False,0,0.0,56,25,0.02043906131718395
000736.SZ,*ST中地,3889,2010-01-04,2026-06-11,True,False,0,0.0,110,56,0.04268449472872204
000737.SZ,北方铜业,3919,2010-01-04,2026-06-11,False,False,0,0.0,56,25,0.02066853789231947
000738.SZ,航发控制,3951,2010-01-04,2026-06-11,False,False,0,0.0,54,34,0.022272842318400404
000739.SZ,普洛药业,3884,2010-01-04,2026-06-11,False,False,0,0.0,29,23,0.013388259526261586
000750.SZ,国海证券,3548,2011-08-09,2026-06-11,False,False,0,0.0,53,29,0.023111612175873732
000751.SZ,锌业股份,3602,2010-01-04,2026-06-11,False,False,0,0.0,52,27,0.02193225985563576
000752.SZ,ST西发,3886,2010-01-04,2026-06-11,True,False,0,0.0,47,38,0.021873391662377766
000753.SZ,漳州发展,3949,2010-01-04,2026-06-11,False,False,0,0.0,65,27,0.023297037224613827
000755.SZ,山西高速,3599,2010-01-04,2026-06-11,False,False,0,0.0,57,32,0.024729091414281746
000756.SZ,新华制药,3923,2010-01-04,2026-06-11,False,False,0,0.0,75,22,0.02472597501911802
000757.SZ,浩物股份,2952,2013-02-08,2026-06-11,False,False,0,0.0,57,38,0.03218157181571816
000758.SZ,中色股份,3947,2010-01-04,2026-06-11,False,False,0,0.0,60,31,0.02305548517861667
000759.SZ,中百集团,3832,2010-01-04,2026-06-11,False,False,0,0.0,69,37,0.027661795407098122
000761.SZ,本钢板材,3935,2010-01-04,2026-06-11,False,False,0,0.0,29,12,0.010419313850063533
000762.SZ,西藏矿业,3910,2010-01-04,2026-06-11,False,False,0,0.0,83,49,0.03375959079283888
000766.SZ,通化金马,3554,2010-01-04,2026-06-11,False,False,0,0.0,70,33,0.028981429375351718
000767.SZ,晋控电力,3838,2010-01-04,2026-06-11,False,False,0,0.0,62,24,0.022407503908285567
000768.SZ,中航西飞,3959,2010-01-04,2026-06-11,False,False,0,0.0,37,29,0.016670876483960595
000776.SZ,广发证券,3943,2010-02-12,2026-06-11,False,False,0,0.0,38,18,0.014202383971595232
000777.SZ,中核科技,3942,2010-01-04,2026-06-11,False,False,0,0.0,48,36,0.0213089802130898
000778.SZ,新兴铸管,3914,2010-01-04,2026-06-11,False,False,0,0.0,21,15,0.009197751660705161
000779.SZ,甘咨询,3795,2010-01-04,2026-06-11,False,False,0,0.0,64,43,0.028194993412384718
000782.SZ,恒申新材,3860,2010-01-04,2026-06-11,False,False,0,0.0,40,15,0.014248704663212436
000783.SZ,长江证券,3965,2010-01-04,2026-06-11,False,False,0,0.0,34,16,0.012610340479192938
000785.SZ,居然智家,3806,2010-01-04,2026-06-11,False,False,0,0.0,59,38,0.025486074619022595
000786.SZ,北新建材,3839,2010-01-04,2026-06-11,False,False,0,0.0,17,6,0.005991143526960146
000788.SZ,北大医药,3835,2010-01-04,2026-06-11,False,False,0,0.0,54,26,0.020860495436766623
000789.SZ,万年青,3974,2010-01-04,2026-06-11,False,False,0,0.0,35,23,0.01459486663311525
000790.SZ,华神科技,3884,2010-01-04,2026-06-11,False,False,0,0.0,66,39,0.027033985581874358
000791.SZ,甘肃能源,3906,2010-01-04,2026-06-11,False,False,0,0.0,79,31,0.02816180235535074
000792.SZ,盐湖股份,3608,2010-01-04,2026-06-11,False,False,0,0.0,23,23,0.012749445676274944
000793.SZ,ST华闻,3556,2010-01-04,2026-06-11,True,False,0,0.0,69,39,0.030371203599550055
000795.SZ,英洛华,3832,2010-01-04,2026-06-11,False,False,0,0.0,86,31,0.030532359081419623
000796.SZ,凯撒旅业,3508,2010-01-04,2026-06-11,False,False,0,0.0,83,37,0.03420752565564424
000797.SZ,中国武夷,3955,2010-01-04,2026-06-11,False,False,0,0.0,78,41,0.03008849557522124
000798.SZ,中水渔业,3869,2010-01-04,2026-06-11,False,False,0,0.0,82,58,0.036185060739209095
000799.SZ,酒鬼酒,3880,2010-01-04,2026-06-11,False,False,0,0.0,50,16,0.017010309278350514
000800.SZ,一汽解放,3956,2010-01-04,2026-06-11,False,False,0,0.0,39,25,0.016177957532861477
000801.SZ,四川九洲,3931,2010-01-04,2026-06-11,False,False,0,0.0,67,43,0.027982701602645637
000802.SZ,北京文化,3809,2010-01-04,2026-06-11,False,False,0,0.0,61,35,0.02520346547650302
000803.SZ,山高环能,3686,2010-01-04,2026-06-11,False,False,0,0.0,50,46,0.026044492674986434
000807.SZ,云铝股份,3876,2010-01-04,2026-06-11,False,False,0,0.0,56,37,0.023993808049535603
000809.SZ,和展能源,3967,2010-01-04,2026-06-11,False,False,0,0.0,37,31,0.017141416687673303
000810.SZ,创维数字,3622,2010-01-04,2026-06-11,False,False,0,0.0,89,37,0.034787410270568746
000811.SZ,冰轮环境,3891,2010-01-04,2026-06-11,False,False,0,0.0,50,34,0.02158828064764842
000812.SZ,陕西金叶,3680,2010-01-04,2026-06-11,False,False,0,0.0,81,35,0.03152173913043478
000813.SZ,德展健康,3666,2010-06-18,2026-06-11,False,False,0,0.0,61,25,0.023458810692853247
000815.SZ,美利云,3621,2010-01-04,2026-06-11,False,False,0,0.0,116,32,0.040872687103010216
000816.SZ,智慧农业,3875,2010-01-04,2026-06-11,False,False,0,0.0,81,30,0.02864516129032258
000818.SZ,航锦科技,3534,2010-01-04,2026-06-11,False,False,0,0.0,66,33,0.02801358234295416
000819.SZ,岳阳兴长,3983,2010-01-04,2026-06-11,False,False,0,0.0,81,38,0.029876977152899824
000820.SZ,*ST节能,3064,2010-01-04,2026-06-11,True,False,0,0.0,69,46,0.037532637075718016
000821.SZ,京山轻机,3786,2010-01-04,2026-06-11,False,False,0,0.0,73,44,0.030903328050713153
000822.SZ,山东海化,3980,2010-01-04,2026-06-11,False,False,0,0.0,37,27,0.016080402010050253
000823.SZ,超声电子,3983,2010-01-04,2026-06-11,False,False,0,0.0,39,30,0.01732362540798393
000825.SZ,太钢不锈,3876,2010-01-04,2026-06-11,False,False,0,0.0,33,18,0.013157894736842105
000826.SZ,启迪环境,3898,2010-01-04,2026-06-11,False,False,0,0.0,60,26,0.022062596203181118
000828.SZ,东莞控股,3913,2010-01-04,2026-06-11,False,False,0,0.0,37,22,0.01507794531050345
000829.SZ,天音控股,3730,2010-01-04,2026-06-11,False,False,0,0.0,97,49,0.039142091152815014
000830.SZ,鲁西化工,3971,2010-01-04,2026-06-11,False,False,0,0.0,23,28,0.012843112566104256
000831.SZ,中国稀土,3509,2010-01-04,2026-06-11,False,False,0,0.0,71,33,0.02963807352522086
000833.SZ,粤桂股份,3790,2010-01-04,2026-06-11,False,False,0,0.0,69,37,0.027968337730870714
000837.SZ,秦川机床,3910,2010-01-04,2026-06-11,False,False,0,0.0,57,32,0.02276214833759591
000838.SZ,财信发展,3858,2010-01-04,2026-06-11,False,False,0,0.0,127,43,0.04406428201140487
000839.SZ,国安股份,3854,2010-01-04,2026-06-11,False,False,0,0.0,55,23,0.020238713025428127
000848.SZ,承德露露,3986,2010-01-04,2026-06-11,False,False,0,0.0,25,20,0.011289513296537882
000850.SZ,华茂股份,3830,2010-01-11,2026-06-11,False,False,0,0.0,32,18,0.013054830287206266
000851.SZ,*ST高鸿,3613,2010-01-04,2025-09-26,True,False,0,0.0,60,41,0.027954608358704676
000852.SZ,石化机械,3903,2010-01-04,2026-06-11,False,False,0,0.0,57,47,0.026646169613118113
000856.SZ,冀东装备,3963,2010-01-04,2026-06-11,False,False,0,0.0,83,47,0.03280343174362856
000858.SZ,五粮液,3926,2010-01-04,2026-06-11,False,False,0,0.0,9,9,0.004584819154355578
000859.SZ,国风新材,3956,2010-01-04,2026-06-11,False,False,0,0.0,94,44,0.03488372093023256
000860.SZ,顺鑫农业,3945,2010-01-04,2026-06-11,False,False,0,0.0,31,18,0.012420785804816223
000862.SZ,银星能源,3667,2010-01-04,2026-06-11,False,False,0,0.0,78,23,0.02754295064085083
000863.SZ,三湘印象,3233,2012-08-03,2026-06-11,False,False,0,0.0,69,30,0.030621713578719456
000868.SZ,安凯客车,3883,2010-01-04,2026-06-11,False,False,0,0.0,86,42,0.03296420293587433
000869.SZ,张裕A,3976,2010-01-04,2026-06-11,False,False,0,0.0,12,8,0.005030181086519115
000875.SZ,吉电股份,3856,2010-01-04,2026-06-11,False,False,0,0.0,55,24,0.020487551867219917
000876.SZ,新希望,3803,2010-01-04,2026-06-11,False,False,0,0.0,33,12,0.011832763607678149
000877.SZ,天山股份,3938,2010-01-04,2026-06-11,False,False,0,0.0,44,29,0.018537328593194517
000878.SZ,云南铜业,3826,2010-01-04,2026-06-11,False,False,0,0.0,34,21,0.014375326711970726
000880.SZ,潍柴重机,3973,2010-01-04,2026-06-11,False,False,0,0.0,74,40,0.02869368235590234
000881.SZ,中广核技,3807,2010-01-04,2026-06-11,False,False,0,0.0,48,16,0.016811137378513266
000882.SZ,华联股份,3871,2010-01-04,2026-06-11,False,False,0,0.0,49,20,0.01782485145957117
000883.SZ,湖北能源,3848,2010-01-04,2026-06-11,False,False,0,0.0,36,15,0.013253638253638254
000885.SZ,城发环境,3885,2010-01-04,2026-06-11,False,False,0,0.0,70,32,0.026254826254826256
000886.SZ,海南高速,3982,2010-01-04,2026-06-11,False,False,0,0.0,55,32,0.021848317428427924
000887.SZ,中鼎股份,3765,2010-01-04,2026-06-11,False,False,0,0.0,27,22,0.01301460823373174
000888.SZ,峨眉山A,3980,2010-01-04,2026-06-11,False,False,0,0.0,22,15,0.0092964824120603
000889.SZ,中嘉博创,3550,2010-01-04,2026-06-11,False,False,0,0.0,89,28,0.03295774647887324
000890.SZ,法尔胜,3805,2010-01-04,2026-06-11,False,False,0,0.0,94,36,0.03416557161629435
000892.SZ,欢瑞世纪,3680,2010-01-04,2026-06-11,False,False,0,0.0,95,35,0.035326086956521736
000893.SZ,亚钾国际,3683,2010-01-04,2026-06-11,False,False,0,0.0,45,35,0.021721422753190334
000895.SZ,双汇发展,3772,2010-01-04,2026-06-11,False,False,0,0.0,11,11,0.005832449628844115
000897.SZ,津滨发展,3960,2010-01-04,2026-06-11,False,False,0,0.0,66,24,0.022727272727272728
000898.SZ,鞍钢股份,3980,2010-01-04,2026-06-11,False,False,0,0.0,19,13,0.008040201005025126
000899.SZ,赣能股份,3917,2010-01-04,2026-06-11,False,False,0,0.0,68,32,0.02552974214960429
000900.SZ,现代投资,3800,2010-01-04,2026-06-11,False,False,0,0.0,5,18,0.0060526315789473685
000901.SZ,航天科技,3840,2010-01-04,2026-06-11,False,False,0,0.0,63,31,0.024479166666666666
000902.SZ,新洋丰,3848,2010-01-04,2026-06-11,False,False,0,0.0,21,16,0.009615384615384616
000903.SZ,ST云动,3818,2010-01-04,2026-06-11,True,False,0,0.0,62,29,0.023834468308014667
000905.SZ,厦门港务,3938,2010-01-04,2026-06-11,False,False,0,0.0,61,24,0.021584560690705943
000906.SZ,浙商中拓,3846,2010-01-04,2026-06-11,False,False,0,0.0,54,39,0.02418096723868955
000908.SZ,*ST景峰,3831,2010-01-04,2026-06-10,True,False,0,0.0,59,23,0.021404333072304882
000909.SZ,ST数源,3957,2010-01-04,2026-06-11,True,False,0,0.0,77,45,0.03083143795804903
000910.SZ,大亚圣象,3967,2010-01-04,2026-06-11,False,False,0,0.0,38,20,0.014620620115956643
000911.SZ,广农糖业,3927,2010-01-04,2026-06-11,False,False,0,0.0,52,26,0.019862490450725745
000912.SZ,泸天化,3619,2010-01-04,2026-06-11,False,False,0,0.0,45,18,0.017408123791102514
000913.SZ,钱江摩托,3943,2010-01-04,2026-06-11,False,False,0,0.0,53,25,0.019781891960436216
000915.SZ,华特达因,3987,2010-01-04,2026-06-11,False,False,0,0.0,26,27,0.013293202909455732
000917.SZ,电广传媒,3682,2010-01-04,2026-06-11,False,False,0,0.0,53,26,0.021455730581205867
000919.SZ,金陵药业,3987,2010-01-04,2026-06-11,False,False,0,0.0,28,15,0.010785051417105593
000920.SZ,沃顿科技,3775,2010-01-04,2026-06-11,False,False,0,0.0,59,34,0.024635761589403973
000921.SZ,海信家电,3963,2010-01-04,2026-06-11,False,False,0,0.0,34,14,0.012112036336109008
000922.SZ,佳电股份,3836,2010-01-04,2026-06-11,False,False,0,0.0,63,34,0.025286757038581856
000923.SZ,河钢资源,3837,2010-01-04,2026-06-11,False,False,0,0.0,74,57,0.03414125618973156
000925.SZ,众合科技,3732,2010-01-04,2026-06-11,False,False,0,0.0,40,33,0.019560557341907824
000926.SZ,福星股份,3944,2010-01-04,2026-06-11,False,False,0,0.0,27,25,0.013184584178498986
000927.SZ,中国铁物,3895,2010-01-04,2026-06-11,False,False,0,0.0,57,15,0.01848523748395379
000928.SZ,中钢国际,3879,2010-01-04,2026-06-11,False,False,0,0.0,67,39,0.027326630574890435
000929.SZ,*ST兰黄,3845,2010-01-04,2026-06-11,True,False,0,0.0,55,37,0.023927178153446034
000930.SZ,中粮科技,3840,2010-01-04,2026-06-11,False,False,0,0.0,55,29,0.021875
000931.SZ,中关村,3908,2010-01-04,2026-06-11,False,False,0,0.0,49,35,0.021494370522006142
000932.SZ,华菱钢铁,3816,2010-01-04,2026-06-11,False,False,0,0.0,29,12,0.010744234800838574
000933.SZ,神火股份,3952,2010-01-04,2026-06-11,False,False,0,0.0,44,42,0.021761133603238867
000935.SZ,四川双马,3711,2010-01-04,2026-06-11,False,False,0,0.0,82,27,0.029372136890326056
000936.SZ,华西股份,3935,2010-01-04,2026-06-11,False,False,0,0.0,67,42,0.02770012706480305
000937.SZ,冀中能源,3975,2010-01-04,2026-06-11,False,False,0,0.0,32,22,0.013584905660377358
000938.SZ,紫光股份,3779,2010-01-04,2026-06-11,False,False,0,0.0,71,34,0.027785128340830908
000948.SZ,南天信息,3877,2010-01-04,2026-06-11,False,False,0,0.0,105,52,0.04049522826928037
000949.SZ,新乡化纤,3952,2010-01-04,2026-06-11,False,False,0,0.0,50,24,0.018724696356275303
000950.SZ,重药控股,3386,2010-01-04,2026-06-11,False,False,0,0.0,45,21,0.019492025989367986
000951.SZ,中国重汽,3986,2010-01-04,2026-06-11,False,False,0,0.0,29,17,0.01154039136979428
000952.SZ,广济药业,3865,2010-01-04,2026-06-11,False,False,0,0.0,45,29,0.019146183699870634
000953.SZ,河化股份,3728,2010-01-04,2026-06-11,False,False,0,0.0,88,50,0.03701716738197425
000955.SZ,欣龙控股,3856,2010-01-04,2026-06-11,False,False,0,0.0,77,38,0.02982365145228216
000957.SZ,中通客车,3953,2010-01-04,2026-06-11,False,False,0,0.0,80,40,0.03035669112066785
000958.SZ,电投产融,3866,2010-01-04,2026-06-11,False,False,0,0.0,73,31,0.026901189860320744
000959.SZ,首钢股份,3582,2010-01-04,2026-06-11,False,False,0,0.0,46,15,0.017029592406476828
000960.SZ,锡业股份,3879,2010-01-04,2026-06-11,False,False,0,0.0,36,34,0.018045888115493684
000962.SZ,东方钽业,3806,2010-01-04,2026-06-11,False,False,0,0.0,65,28,0.024435102469784552
000963.SZ,华东医药,3943,2010-01-04,2026-06-11,False,False,0,0.0,16,13,0.007354805985290388
000965.SZ,天保基建,3978,2010-01-04,2026-06-11,False,False,0,0.0,72,33,0.026395173453996983
000966.SZ,长源电力,3967,2010-01-04,2026-06-11,False,False,0,0.0,50,26,0.019158053945046636
000967.SZ,盈峰环境,3761,2010-01-04,2026-06-11,False,False,0,0.0,40,26,0.017548524328636
000968.SZ,蓝焰控股,3771,2010-01-04,2026-06-11,False,False,0,0.0,52,23,0.01988862370723946
000969.SZ,安泰科技,3893,2010-01-04,2026-06-11,False,False,0,0.0,38,28,0.016953506293347034
000970.SZ,中科三环,3966,2010-01-04,2026-06-11,False,False,0,0.0,47,36,0.020927887039838628
000972.SZ,*ST中基,3618,2010-01-04,2026-06-11,True,False,0,0.0,41,19,0.01658374792703151
000973.SZ,佛塑科技,3845,2010-01-04,2026-06-11,False,False,0,0.0,67,36,0.026788036410923276
000975.SZ,山金国际,3655,2010-01-04,2026-06-11,False,False,0,0.0,41,34,0.02051983584131327
000977.SZ,浪潮信息,3907,2010-01-04,2026-06-11,False,False,0,0.0,76,40,0.0296902994625032
000978.SZ,桂林旅游,3914,2010-01-04,2026-06-11,False,False,0,0.0,31,27,0.01481859989780276
000980.SZ,众泰汽车,3808,2010-01-04,2026-06-11,False,False,0,0.0,84,23,0.02809873949579832
000981.SZ,山子高科,3240,2011-08-26,2026-06-11,False,False,0,0.0,75,26,0.03117283950617284
000983.SZ,山西焦煤,3972,2010-01-04,2026-06-11,False,False,0,0.0,32,21,0.013343403826787512
000985.SZ,大庆华科,3983,2010-01-04,2026-06-11,False,False,0,0.0,56,37,0.02334923424554356
000987.SZ,越秀资本,3805,2010-01-04,2026-06-11,False,False,0,0.0,59,34,0.024441524310118267
000988.SZ,华工科技,3975,2010-01-04,2026-06-11,False,False,0,0.0,43,33,0.019119496855345912
000989.SZ,九芝堂,3878,2010-01-04,2026-06-11,False,False,0,0.0,30,21,0.013151108818978855
000990.SZ,诚志股份,3776,2010-01-04,2026-06-11,False,False,0,0.0,41,16,0.015095338983050847
000993.SZ,闽东电力,3968,2010-01-04,2026-06-11,False,False,0,0.0,91,41,0.03326612903225806
000995.SZ,皇台酒业,3140,2010-01-04,2026-06-11,False,False,0,0.0,56,23,0.02515923566878981
000997.SZ,新大陆,3835,2010-01-04,2026-06-11,False,False,0,0.0,51,24,0.01955671447196871
000998.SZ,隆平高科,3822,2010-01-04,2026-06-11,False,False,0,0.0,37,23,0.015698587127158554
000999.SZ,华润三九,3910,2010-01-04,2026-06-11,False,False,0,0.0,16,10,0.006649616368286445
001201.SZ,东瑞股份,1240,2021-04-28,2026-06-11,False,False,0,0.0,3,8,0.008870967741935484
001202.SZ,炬申股份,1239,2021-04-29,2026-06-11,False,False,0,0.0,34,16,0.04035512510088781
001203.SZ,大中矿业,1235,2021-05-10,2026-06-11,False,False,0,0.0,36,3,0.031578947368421054
001205.SZ,盛航股份,1232,2021-05-13,2026-06-11,False,False,0,0.0,20,8,0.022727272727272728
001206.SZ,依依股份,1220,2021-05-18,2026-06-11,False,False,0,0.0,26,10,0.029508196721311476
001207.SZ,联科科技,1204,2021-06-23,2026-06-11,False,False,0,0.0,17,11,0.023255813953488372
001208.SZ,华菱线缆,1203,2021-06-24,2026-06-11,False,False,0,0.0,47,14,0.05070656691604322
001209.SZ,洪兴股份,1182,2021-07-23,2026-06-11,False,False,0,0.0,34,27,0.051607445008460234
001210.SZ,金房能源,1178,2021-07-29,2026-06-11,False,False,0,0.0,25,13,0.03225806451612903
001211.SZ,双枪科技,1173,2021-08-05,2026-06-11,False,False,0,0.0,17,11,0.023870417732310314
001212.SZ,中旗新材,1159,2021-08-23,2026-06-11,False,False,0,0.0,46,13,0.05090595340811044
001213.SZ,中铁特货,1149,2021-09-08,2026-06-11,False,False,0,0.0,10,1,0.009573542210617928
001215.SZ,千味央厨,1151,2021-09-06,2026-06-11,False,False,0,0.0,33,5,0.03301476976542137
001216.SZ,华瓷股份,1127,2021-10-19,2026-06-11,False,False,0,0.0,30,12,0.037267080745341616
001217.SZ,华尔泰,1136,2021-09-29,2026-06-11,False,False,0,0.0,30,12,0.03697183098591549
001218.SZ,丽臣实业,1129,2021-10-15,2026-06-11,False,False,0,0.0,3,7,0.008857395925597875
001219.SZ,青岛食品,1125,2021-10-21,2026-06-11,False,False,0,0.0,18,12,0.02666666666666667
001222.SZ,源飞宠物,922,2022-08-18,2026-06-11,False,False,0,0.0,23,9,0.03470715835140998
001223.SZ,欧克科技,846,2022-12-12,2026-06-11,False,False,0,0.0,22,8,0.03546099290780142
001225.SZ,和泰机电,800,2023-02-22,2026-06-11,False,False,0,0.0,13,8,0.02625
001226.SZ,拓山重工,963,2022-06-22,2026-06-11,False,False,0,0.0,20,12,0.033229491173416406
001227.SZ,兰州银行,1064,2022-01-17,2026-06-11,False,False,0,0.0,10,3,0.012218045112781954
001228.SZ,永泰运,997,2022-04-29,2026-06-11,False,False,0,0.0,20,9,0.029087261785356068
001229.SZ,魅视科技,930,2022-08-08,2026-06-11,False,False,0,0.0,28,9,0.03978494623655914
001230.SZ,劲旅环境,946,2022-07-15,2026-06-11,False,False,0,0.0,7,4,0.011627906976744186
001231.SZ,农心科技,921,2022-08-19,2026-06-11,False,False,0,0.0,18,9,0.029315960912052116
001234.SZ,泰慕士,1068,2022-01-11,2026-06-11,False,False,0,0.0,40,27,0.06273408239700375
001236.SZ,弘业期货,931,2022-08-05,2026-06-11,False,False,0,0.0,55,12,0.0719656283566058
001238.SZ,浙江正特,901,2022-09-19,2026-06-11,False,False,0,0.0,21,10,0.03440621531631521
001239.SZ,永达股份,603,2023-12-12,2026-06-11,False,False,0,0.0,27,12,0.06467661691542288
001255.SZ,博菲电气,892,2022-09-30,2026-06-11,False,False,0,0.0,33,17,0.05605381165919283
001256.SZ,炜冈科技,851,2022-12-05,2026-06-11,False,False,0,0.0,14,8,0.025851938895417155
001258.SZ,立新能源,938,2022-07-27,2026-06-11,False,False,0,0.0,29,3,0.03411513859275053
001259.SZ,利仁科技,913,2022-08-31,2026-06-11,False,False,0,0.0,23,9,0.03504928806133625
001260.SZ,坤泰股份,804,2023-02-16,2026-06-11,False,False,0,0.0,14,9,0.028606965174129355
001266.SZ,宏英智能,1039,2022-02-28,2026-06-11,False,False,0,0.0,34,15,0.04716073147256978
001267.SZ,汇绿生态,1102,2021-11-17,2026-06-11,False,False,0,0.0,49,15,0.05807622504537205
001268.SZ,联合精密,957,2022-06-30,2026-06-11,False,False,0,0.0,26,9,0.03657262277951933
001269.SZ,欧晶科技,892,2022-09-30,2026-06-11,False,False,0,0.0,45,8,0.05941704035874439
001270.SZ,*ST铖昌,970,2022-06-06,2026-06-11,True,False,0,0.0,32,11,0.0443298969072165
001277.SZ,速达股份,426,2024-09-03,2026-06-11,False,False,0,0.0,8,4,0.028169014084507043
001278.SZ,一彬科技,790,2023-03-08,2026-06-11,False,False,0,0.0,18,9,0.03417721518987342
001279.SZ,强邦新材,405,2024-10-11,2026-06-11,False,False,0,0.0,3,4,0.01728395061728395
001282.SZ,三联锻造,739,2023-05-24,2026-06-11,False,False,0,0.0,25,8,0.044654939106901215
001283.SZ,豪鹏科技,910,2022-09-05,2026-06-11,False,False,0,0.0,8,6,0.015384615384615385
001286.SZ,陕西能源,768,2023-04-10,2026-06-11,False,False,0,0.0,0,1,0.0013020833333333333
001287.SZ,中电港,768,2023-04-10,2026-06-11,False,False,0,0.0,17,7,0.03125
001288.SZ,运机集团,1118,2021-11-01,2026-06-11,False,False,0,0.0,15,7,0.01967799642218247
001289.SZ,龙源电力,1059,2022-01-24,2026-06-11,False,False,0,0.0,6,0,0.0056657223796034
001296.SZ,长江材料,1079,2021-12-24,2026-06-11,False,False,0,0.0,31,11,0.03892493049119555
001298.SZ,好上好,876,2022-10-31,2026-06-11,False,False,0,0.0,49,19,0.0776255707762557
001299.SZ,美能能源,876,2022-10-31,2026-06-11,False,False,0,0.0,27,10,0.04223744292237443
001300.SZ,三柏硕,884,2022-10-19,2026-06-11,False,False,0,0.0,26,16,0.04751131221719457
001301.SZ,尚太科技,834,2022-12-28,2026-06-11,False,False,0,0.0,18,2,0.023980815347721823
001306.SZ,夏厦精密,621,2023-11-16,2026-06-11,False,False,0,0.0,16,4,0.0322061191626409
001308.SZ,康冠科技,1025,2022-03-18,2026-06-11,False,False,0,0.0,10,7,0.016585365853658537
001309.SZ,德明利,956,2022-07-01,2026-06-11,False,False,0,0.0,51,12,0.06589958158995816
001311.SZ,多利科技,797,2023-02-27,2026-06-11,False,False,0,0.0,12,5,0.02132998745294856
001313.SZ,粤海饲料,1047,2022-02-16,2026-06-11,False,False,0,0.0,26,6,0.030563514804202482
001314.SZ,亿道信息,797,2023-02-14,2026-06-11,False,False,0,0.0,28,9,0.04642409033877039
001316.SZ,润贝航科,961,2022-06-24,2026-06-11,False,False,0,0.0,39,7,0.047866805411030174
001317.SZ,三羊马,1092,2021-11-30,2026-06-11,False,False,0,0.0,47,13,0.054945054945054944
001318.SZ,阳光乳业,985,2022-05-20,2026-06-11,False,False,0,0.0,27,3,0.030456852791878174
001319.SZ,铭科精技,991,2022-05-12,2026-06-11,False,False,0,0.0,34,11,0.045408678102926335
001322.SZ,箭牌家居,879,2022-10-26,2026-06-11,False,False,0,0.0,9,3,0.013651877133105802
001323.SZ,慕思股份,962,2022-06-23,2026-06-11,False,False,0,0.0,1,1,0.002079002079002079
001324.SZ,长青科技,741,2023-05-22,2026-06-11,False,False,0,0.0,19,7,0.03508771929824561
001326.SZ,联域股份,626,2023-11-09,2026-06-11,False,False,0,0.0,12,3,0.023961661341853034
001328.SZ,登康口腔,768,2023-04-10,2026-06-11,False,False,0,0.0,7,3,0.013020833333333334
001330.SZ,博纳影业,922,2022-08-18,2026-06-11,False,False,0,0.0,34,17,0.055314533622559656
001331.SZ,胜通能源,888,2022-09-08,2026-05-27,False,False,0,0.0,34,15,0.05518018018018018
001332.SZ,锡装股份,900,2022-09-20,2026-06-11,False,False,0,0.0,21,6,0.03
001333.SZ,光华股份,848,2022-12-08,2026-06-11,False,False,0,0.0,11,6,0.020047169811320754
001336.SZ,楚环科技,940,2022-07-25,2026-06-11,False,False,0,0.0,14,14,0.029787234042553193
001337.SZ,四川黄金,793,2023-03-03,2026-06-11,False,False,0,0.0,37,5,0.05296343001261034
001338.SZ,永顺泰,864,2022-11-16,2026-06-11,False,False,0,0.0,17,5,0.02546296296296296
001339.SZ,智微智能,925,2022-08-15,2026-06-11,False,False,0,0.0,47,11,0.0627027027027027
001358.SZ,兴欣新材,596,2023-12-21,2026-06-11,False,False,0,0.0,8,5,0.02181208053691275
001359.SZ,平安电工,533,2024-03-28,2026-06-11,False,False,0,0.0,16,3,0.03564727954971857
001360.SZ,南矿集团,768,2023-04-10,2026-06-11,False,False,0,0.0,21,9,0.0390625
001366.SZ,播恩集团,791,2023-03-07,2026-06-11,False,False,0,0.0,27,9,0.045512010113780026
001367.SZ,海森药业,768,2023-04-10,2026-06-11,False,False,0,0.0,8,7,0.01953125
001368.SZ,通达创智,787,2023-03-13,2026-06-11,False,False,0,0.0,16,8,0.030495552731893267
001373.SZ,翔腾新材,733,2023-06-01,2026-06-11,False,False,0,0.0,19,9,0.03819918144611187
001376.SZ,百通能源,630,2023-11-03,2026-06-11,False,False,0,0.0,22,13,0.05555555555555555
001378.SZ,德冠新材,634,2023-10-30,2026-06-11,False,False,0,0.0,2,8,0.015772870662460567
001379.SZ,腾达科技,576,2024-01-19,2026-06-11,False,False,0,0.0,25,11,0.0625
001380.SZ,华纬科技,745,2023-05-16,2026-06-11,False,False,0,0.0,18,5,0.03087248322147651
001387.SZ,雪祺电气,582,2024-01-11,2026-06-11,False,False,0,0.0,8,7,0.02577319587628866
001389.SZ,广合科技,530,2024-04-02,2026-06-11,False,False,0,0.0,23,3,0.04905660377358491
001696.SZ,宗申动力,3833,2010-01-04,2026-06-11,False,False,0,0.0,49,29,0.020349595617010174
001872.SZ,招商港口,3700,2010-01-04,2026-06-11,False,False,0,0.0,29,8,0.01
001896.SZ,豫能控股,3845,2010-01-04,2026-06-11,False,False,0,0.0,125,44,0.04395318595578673
001914.SZ,招商积余,3894,2010-01-04,2026-06-11,False,False,0,0.0,59,35,0.024139702105803802
001965.SZ,招商公路,2051,2017-12-25,2026-06-11,False,False,0,0.0,6,2,0.0039005363237445147
001979.SZ,招商蛇口,2520,2015-12-30,2026-06-11,False,False,0,0.0,7,7,0.005555555555555556
002001.SZ,新和成,3966,2010-01-04,2026-06-11,False,False,0,0.0,14,23,0.009329299041855773
002003.SZ,伟星股份,3882,2010-01-04,2026-06-11,False,False,0,0.0,11,15,0.006697578567748583
002004.SZ,华邦健康,3825,2010-01-04,2026-06-11,False,False,0,0.0,13,24,0.009673202614379085
002005.SZ,ST德豪,3703,2010-01-04,2026-06-11,True,False,0,0.0,19,22,0.011072103699702943
002006.SZ,精工科技,3632,2010-01-04,2026-06-11,False,False,0,0.0,101,27,0.03524229074889868
002007.SZ,华兰生物,3972,2010-01-04,2026-06-11,False,False,0,0.0,16,19,0.008811681772406849
002008.SZ,大族激光,3965,2010-01-04,2026-06-11,False,False,0,0.0,43,21,0.01614123581336696
002009.SZ,天奇股份,3836,2010-01-04,2026-06-11,False,False,0,0.0,68,40,0.028154327424400417
002010.SZ,传化智联,3840,2010-01-04,2026-06-11,False,False,0,0.0,30,16,0.011979166666666667
002011.SZ,盾安环境,3796,2010-01-04,2026-06-11,False,False,0,0.0,55,32,0.02291886195995785
002012.SZ,凯恩股份,3639,2010-01-04,2026-06-11,False,False,0,0.0,53,45,0.026930475405331136
002014.SZ,永新股份,3879,2010-01-04,2026-06-11,False,False,0,0.0,21,15,0.009280742459396751
002015.SZ,协鑫能科,3444,2010-01-04,2026-06-11,False,False,0,0.0,54,16,0.02032520325203252
002016.SZ,世荣兆业,3916,2010-01-04,2026-06-11,False,False,0,0.0,55,42,0.02477017364657814
002017.SZ,东信和平,3952,2010-01-04,2026-06-11,False,False,0,0.0,87,46,0.03365384615384615
002019.SZ,亿帆医药,3873,2010-01-04,2026-06-11,False,False,0,0.0,45,36,0.020914020139426802
002020.SZ,京新药业,3879,2010-01-04,2026-06-11,False,False,0,0.0,32,8,0.010311936065996391
002021.SZ,中捷资源,3648,2010-01-04,2026-06-11,False,False,0,0.0,41,29,0.01918859649122807
002022.SZ,科华生物,3946,2010-01-04,2026-06-11,False,False,0,0.0,36,29,0.016472377090724785
002023.SZ,海特高新,3971,2010-01-04,2026-06-11,False,False,0,0.0,43,43,0.02165701334676404
002024.SZ,ST易购,3952,2010-01-04,2026-06-11,True,False,0,0.0,32,16,0.012145748987854251
002025.SZ,航天电器,3792,2010-01-04,2026-06-11,False,False,0,0.0,41,33,0.019514767932489453
002026.SZ,山东威达,3864,2010-01-04,2026-06-11,False,False,0,0.0,49,22,0.018374741200828156
002027.SZ,分众传媒,3885,2010-01-04,2026-06-11,False,False,0,0.0,57,17,0.01904761904761905
002028.SZ,思源电气,3984,2010-01-04,2026-06-11,False,False,0,0.0,26,25,0.012801204819277108
002029.SZ,七匹狼,3968,2010-01-04,2026-06-11,False,False,0,0.0,25,31,0.014112903225806451
002030.SZ,达安基因,3926,2010-01-04,2026-06-11,False,False,0,0.0,66,32,0.024961793173713703
002031.SZ,巨轮智能,3924,2010-01-04,2026-06-11,False,False,0,0.0,74,39,0.028797145769622834
002032.SZ,苏泊尔,3980,2010-01-04,2026-06-11,False,False,0,0.0,12,10,0.005527638190954774
002033.SZ,丽江股份,3884,2010-01-04,2026-06-11,False,False,0,0.0,27,13,0.010298661174047374
002034.SZ,旺能环境,3848,2010-01-04,2026-06-11,False,False,0,0.0,43,34,0.02001039501039501
002035.SZ,华帝股份,3924,2010-01-04,2026-06-11,False,False,0,0.0,35,24,0.015035677879714576
002036.SZ,联创电子,3868,2010-01-04,2026-06-11,False,False,0,0.0,79,41,0.031023784901758014
002037.SZ,保利联合,3798,2010-01-04,2026-06-11,False,False,0,0.0,70,31,0.02659294365455503
002038.SZ,双鹭药业,3980,2010-01-04,2026-06-11,False,False,0,0.0,29,22,0.012814070351758794
002039.SZ,黔源电力,3985,2010-01-04,2026-06-11,False,False,0,0.0,17,14,0.0077791718946047675
002040.SZ,南京港,3844,2010-01-04,2026-06-11,False,False,0,0.0,63,26,0.02315296566077003
002041.SZ,登海种业,3984,2010-01-04,2026-06-11,False,False,0,0.0,58,26,0.02108433734939759
002042.SZ,华孚时尚,3964,2010-01-04,2026-06-11,False,False,0,0.0,26,29,0.013874873864783047
002043.SZ,兔宝宝,3865,2010-01-04,2026-06-11,False,False,0,0.0,56,14,0.018111254851228976
002044.SZ,美年健康,3681,2010-01-04,2026-06-11,False,False,0,0.0,59,32,0.024721543058951374
002045.SZ,国光电器,3926,2010-01-04,2026-06-11,False,False,0,0.0,81,45,0.032093734080489045
002046.SZ,国机精工,3889,2010-01-04,2026-06-11,False,False,0,0.0,86,33,0.030599125739264592
002047.SZ,*ST宝鹰,3730,2010-01-04,2026-06-11,True,False,0,0.0,60,24,0.022520107238605896
002048.SZ,宁波华翔,3869,2010-01-04,2026-06-11,False,False,0,0.0,36,19,0.01421555957611786
002049.SZ,紫光国微,3696,2010-01-04,2026-06-11,False,False,0,0.0,71,31,0.027597402597402596
002050.SZ,三花智控,3866,2010-01-04,2026-06-11,False,False,0,0.0,36,22,0.015002586652871184
002051.SZ,中工国际,3788,2010-01-04,2026-06-11,False,False,0,0.0,38,27,0.017159450897571277
002052.SZ,同洲电子,3693,2010-01-04,2026-06-11,False,False,0,0.0,56,28,0.022745735174654752
002053.SZ,云南能投,3720,2010-01-04,2026-06-11,False,False,0,0.0,62,26,0.023655913978494623
002054.SZ,德美化工,3961,2010-01-04,2026-06-11,False,False,0,0.0,53,44,0.02448876546326685
002055.SZ,得润电子,3886,2010-01-04,2026-06-11,False,False,0,0.0,90,55,0.03731343283582089
002056.SZ,横店东磁,3975,2010-01-04,2026-06-11,False,False,0,0.0,49,38,0.02188679245283019
002057.SZ,中钢天源,3743,2010-01-04,2026-06-11,False,False,0,0.0,64,27,0.024312049158429067
002058.SZ,*ST威尔,3943,2010-01-04,2026-06-11,True,False,0,0.0,82,50,0.03347704793304591
002059.SZ,云南旅游,3641,2010-01-04,2026-06-11,False,False,0,0.0,69,35,0.028563581433672068
002060.SZ,广东建工,3939,2010-01-04,2026-06-11,False,False,0,0.0,40,28,0.017263264788017263
002061.SZ,浙江交科,3739,2010-01-04,2026-06-11,False,False,0,0.0,35,29,0.017116876170098955
002062.SZ,宏润建设,3961,2010-01-04,2026-06-11,False,False,0,0.0,58,26,0.02120676596818985
002063.SZ,远光软件,3893,2010-01-04,2026-06-11,False,False,0,0.0,31,41,0.018494734138196762
002064.SZ,华峰化学,3967,2010-01-04,2026-06-11,False,False,0,0.0,23,18,0.010335265944038316
002065.SZ,东华软件,3675,2010-01-04,2026-06-11,False,False,0,0.0,30,25,0.014965986394557823
002066.SZ,瑞泰科技,3975,2010-01-04,2026-06-11,False,False,0,0.0,74,46,0.03018867924528302
002067.SZ,景兴纸业,3971,2010-01-04,2026-06-11,False,False,0,0.0,55,33,0.0221606648199446
002068.SZ,黑猫股份,3964,2010-01-04,2026-06-11,False,False,0,0.0,60,37,0.02447023208879919
002069.SZ,獐子岛,3813,2010-01-04,2026-06-11,False,False,0,0.0,47,30,0.02019407290847102
002072.SZ,凯瑞德,3480,2010-01-04,2026-06-11,False,False,0,0.0,55,50,0.03017241379310345
002073.SZ,软控股份,3943,2010-01-04,2026-06-11,False,False,0,0.0,33,30,0.015977681968044635
002074.SZ,国轩高科,3762,2010-01-04,2026-06-11,False,False,0,0.0,70,38,0.028708133971291867
002075.SZ,沙钢股份,3064,2010-01-04,2026-06-11,False,False,0,0.0,68,30,0.03198433420365535
002076.SZ,*ST星光,3658,2010-01-04,2026-06-11,True,False,0,0.0,87,44,0.035811919081465284
002077.SZ,大港股份,3878,2010-01-04,2026-06-11,False,False,0,0.0,110,53,0.04203197524497163
002078.SZ,太阳纸业,3950,2010-01-04,2026-06-11,False,False,0,0.0,15,18,0.008354430379746836
002079.SZ,苏州固锝,3925,2010-01-04,2026-06-11,False,False,0,0.0,49,34,0.021146496815286624
002080.SZ,中材科技,3856,2010-01-04,2026-06-11,False,False,0,0.0,48,27,0.01945020746887967
002081.SZ,金螳螂,3926,2010-01-04,2026-06-11,False,False,0,0.0,34,26,0.015282730514518594
002082.SZ,万邦德,3604,2010-01-04,2026-06-11,False,False,0,0.0,64,24,0.0244173140954495
002083.SZ,孚日股份,3986,2010-01-04,2026-06-11,False,False,0,0.0,37,25,0.015554440541896638
002084.SZ,海鸥住工,3929,2010-01-04,2026-06-11,False,False,0,0.0,83,52,0.03435988801221685
002085.SZ,万丰奥威,3831,2010-01-04,2026-06-11,False,False,0,0.0,51,31,0.021404333072304882
002086.SZ,东方海洋,3865,2010-01-04,2026-06-11,False,False,0,0.0,44,35,0.020439844760672704
002088.SZ,鲁阳节能,3913,2010-01-04,2026-06-11,False,False,0,0.0,29,22,0.01303347814975722
002090.SZ,金智科技,3843,2010-01-04,2026-06-11,False,False,0,0.0,61,30,0.023679417122040074
002091.SZ,江苏国泰,3839,2010-01-04,2026-06-11,False,False,0,0.0,37,20,0.014847616566814275
002092.SZ,中泰化学,3808,2010-01-04,2026-06-11,False,False,0,0.0,28,24,0.01365546218487395
002093.SZ,国脉科技,3953,2010-01-04,2026-06-11,False,False,0,0.0,77,36,0.02858588413862889
002094.SZ,青岛金王,3773,2010-01-04,2026-06-11,False,False,0,0.0,87,47,0.035515504903260005
002095.SZ,生意宝,3987,2010-01-04,2026-06-11,False,False,0,0.0,121,48,0.04238776022071733
002096.SZ,易普力,3904,2010-01-04,2026-06-11,False,False,0,0.0,69,39,0.027663934426229508
002097.SZ,山河智能,3876,2010-01-04,2026-06-11,False,False,0,0.0,42,18,0.015479876160990712
002098.SZ,浔兴股份,3652,2010-01-04,2026-06-11,False,False,0,0.0,92,55,0.040251916757940855
002099.SZ,海翔药业,3789,2010-01-04,2026-06-11,False,False,0,0.0,39,34,0.019266297176035892
002100.SZ,天康生物,3895,2010-01-04,2026-06-11,False,False,0,0.0,38,24,0.015917843388960205
002101.SZ,广东鸿图,3861,2010-01-04,2026-06-11,False,False,0,0.0,69,34,0.026677026677026677
002102.SZ,能特科技,3621,2010-01-04,2026-06-11,False,False,0,0.0,41,23,0.01767467550400442
002103.SZ,广博股份,3666,2010-01-04,2026-06-11,False,False,0,0.0,121,46,0.045553737043098744
002104.SZ,恒宝股份,3925,2010-01-04,2026-06-11,False,False,0,0.0,75,27,0.025987261146496816
002105.SZ,信隆健康,3968,2010-01-04,2026-06-11,False,False,0,0.0,70,47,0.029485887096774195
002106.SZ,莱宝高科,3832,2010-01-04,2026-06-11,False,False,0,0.0,23,23,0.012004175365344467
002107.SZ,沃华医药,3962,2010-01-04,2026-06-11,False,False,0,0.0,55,30,0.021453811206461382
002108.SZ,沧州明珠,3940,2010-01-04,2026-06-11,False,False,0,0.0,74,40,0.028934010152284265
002109.SZ,兴化股份,3798,2010-01-04,2026-06-11,False,False,0,0.0,47,22,0.018167456556082148
002110.SZ,三钢闽光,3698,2010-01-04,2026-06-11,False,False,0,0.0,35,25,0.016224986479177934
002111.SZ,威海广泰,3892,2010-01-04,2026-06-11,False,False,0,0.0,28,23,0.013103802672147996
002112.SZ,三变科技,3645,2010-01-04,2026-06-11,False,False,0,0.0,90,36,0.0345679012345679
002114.SZ,罗平锌电,3799,2010-01-04,2026-06-11,False,False,0,0.0,86,40,0.03316662279547249
002115.SZ,三维通信,3807,2010-01-04,2026-06-11,False,False,0,0.0,72,47,0.0312582085631731
002116.SZ,中国海诚,3916,2010-01-04,2026-06-11,False,False,0,0.0,57,30,0.022216547497446375
002117.SZ,东港股份,3966,2010-01-04,2026-06-11,False,False,0,0.0,49,38,0.02193645990922844
002119.SZ,康强电子,3869,2010-01-04,2026-06-11,False,False,0,0.0,98,43,0.03644352545877488
002120.SZ,韵达股份,3868,2010-01-04,2026-06-11,False,False,0,0.0,59,32,0.023526370217166494
002121.SZ,科陆电子,3800,2010-01-04,2026-06-11,False,False,0,0.0,67,30,0.025526315789473685
002122.SZ,汇洲智能,3788,2010-01-04,2026-06-11,False,False,0,0.0,65,35,0.026399155227032733
002123.SZ,梦网科技,3842,2010-01-04,2026-06-11,False,False,0,0.0,74,38,0.029151483602290473
002124.SZ,天邦食品,3927,2010-01-04,2026-06-11,False,False,0,0.0,56,31,0.02215431627196333
002125.SZ,湘潭电化,3851,2010-01-04,2026-06-11,False,False,0,0.0,96,57,0.03972994027525318
002126.SZ,银轮股份,3902,2010-01-04,2026-06-11,False,False,0,0.0,46,23,0.017683239364428498
002127.SZ,南极电商,3652,2010-01-04,2026-06-11,False,False,0,0.0,61,26,0.023822562979189485
002128.SZ,电投能源,3835,2010-01-04,2026-06-11,False,False,0,0.0,22,20,0.010951760104302478
002129.SZ,TCL中环,3513,2010-01-04,2026-06-11,False,False,0,0.0,53,39,0.02618844292627384
002130.SZ,沃尔核材,3899,2010-01-04,2026-06-11,False,False,0,0.0,61,35,0.02462169787124904
002131.SZ,利欧股份,3653,2010-01-04,2026-06-11,False,False,0,0.0,88,38,0.03449219819326581
002132.SZ,恒星科技,3880,2010-01-04,2026-06-11,False,False,0,0.0,49,30,0.020360824742268042
002133.SZ,广宇集团,3976,2010-01-04,2026-06-11,False,False,0,0.0,41,34,0.01886317907444668
002134.SZ,天津普林,3844,2010-01-04,2026-06-11,False,False,0,0.0,76,46,0.03173777315296566
002135.SZ,东南网架,3949,2010-01-04,2026-06-11,False,False,0,0.0,49,29,0.019751835907824766
002136.SZ,安纳达,3968,2010-01-04,2026-06-11,False,False,0,0.0,71,45,0.029233870967741934
002137.SZ,实益达,3802,2010-01-04,2026-06-11,False,False,0,0.0,96,39,0.035507627564439766
002138.SZ,顺络电子,3976,2010-01-04,2026-06-11,False,False,0,0.0,25,22,0.011820925553319919
002139.SZ,拓邦股份,3945,2010-01-04,2026-06-11,False,False,0,0.0,44,31,0.019011406844106463
002140.SZ,东华科技,3969,2010-01-04,2026-06-11,False,False,0,0.0,55,34,0.022423784328546234
002141.SZ,贤丰控股,3790,2010-01-04,2026-06-11,False,False,0,0.0,71,43,0.03007915567282322
002142.SZ,宁波银行,3974,2010-01-04,2026-06-11,False,False,0,0.0,10,9,0.004781077000503271
002144.SZ,宏达高科,3973,2010-01-04,2026-06-11,False,False,0,0.0,24,32,0.01409514220991694
002145.SZ,钛能化学,3657,2010-01-04,2026-06-11,False,False,0,0.0,38,31,0.018867924528301886
002146.SZ,荣盛发展,3938,2010-01-04,2026-06-11,False,False,0,0.0,63,31,0.023869984763839513
002148.SZ,北纬科技,3909,2010-01-04,2026-06-11,False,False,0,0.0,93,58,0.03862880532105398
002149.SZ,西部材料,3920,2010-01-04,2026-06-11,False,False,0,0.0,71,43,0.029081632653061223
002150.SZ,通润装备,3911,2010-01-04,2026-06-11,False,False,0,0.0,89,42,0.03349526975198159
002151.SZ,北斗星通,3791,2010-01-04,2026-06-11,False,False,0,0.0,59,30,0.023476655236085466
002152.SZ,广电运通,3924,2010-01-04,2026-06-11,False,False,0,0.0,36,19,0.01401630988786952
002153.SZ,石基信息,3866,2010-01-04,2026-06-11,False,False,0,0.0,74,45,0.030781169167097777
002154.SZ,报喜鸟,3970,2010-01-04,2026-06-11,False,False,0,0.0,41,28,0.017380352644836273
002155.SZ,湖南黄金,3902,2010-01-04,2026-06-11,False,False,0,0.0,49,23,0.018452075858534086
002156.SZ,通富微电,3885,2010-01-04,2026-06-11,False,False,0,0.0,64,37,0.025997425997425997
002157.SZ,正邦科技,3879,2010-01-04,2026-06-11,False,False,0,0.0,59,27,0.02217066254189224
002158.SZ,汉钟精机,3973,2010-01-04,2026-06-11,False,False,0,0.0,76,32,0.027183488547696956
002159.SZ,三特索道,3826,2010-01-04,2026-06-11,False,False,0,0.0,28,20,0.012545739675901725
002160.SZ,常铝股份,3700,2010-01-04,2026-06-08,False,False,0,0.0,81,39,0.032432432432432434
002161.SZ,远望谷,3829,2010-01-04,2026-06-11,False,False,0,0.0,86,47,0.03473491773308958
002162.SZ,悦心健康,3840,2010-01-04,2026-06-11,False,False,0,0.0,95,39,0.034895833333333334
002163.SZ,海南发展,3834,2010-01-04,2026-06-11,False,False,0,0.0,97,48,0.03781950965049557
002164.SZ,宁波东力,3804,2010-01-04,2026-06-11,False,False,0,0.0,103,36,0.036540483701366984
002165.SZ,红宝丽,3896,2010-01-04,2026-06-11,False,False,0,0.0,78,36,0.029260780287474333
002166.SZ,莱茵生物,3862,2010-01-04,2026-06-11,False,False,0,0.0,74,30,0.026929052304505437
002167.SZ,东方锆业,3824,2010-01-04,2026-06-11,False,False,0,0.0,66,40,0.027719665271966527
002168.SZ,*ST惠程,3570,2010-01-04,2026-06-11,True,False,0,0.0,77,45,0.03417366946778711
002169.SZ,智光电气,3903,2010-01-04,2026-06-11,False,False,0,0.0,74,41,0.02946451447604407
002170.SZ,芭田股份,3866,2010-01-04,2026-06-11,False,False,0,0.0,55,38,0.02405587170201759
002171.SZ,楚江新材,3740,2010-01-04,2026-06-11,False,False,0,0.0,50,35,0.022727272727272728
002172.SZ,澳洋健康,3885,2010-01-04,2026-06-11,False,False,0,0.0,93,36,0.033204633204633204
002173.SZ,创新医疗,3817,2010-01-04,2026-06-11,False,False,0,0.0,103,35,0.0361540476814252
002174.SZ,游族网络,3740,2010-01-04,2026-06-11,False,False,0,0.0,69,27,0.025668449197860963
002175.SZ,东方智造,3602,2010-01-04,2026-06-11,False,False,0,0.0,102,55,0.04358689616879512
002176.SZ,江特电机,3833,2010-01-04,2026-06-11,False,False,0,0.0,75,48,0.03208974693451604
002177.SZ,御银股份,3945,2010-01-04,2026-06-11,False,False,0,0.0,115,46,0.04081115335868188
002178.SZ,延华智能,3880,2010-01-04,2026-06-11,False,False,0,0.0,122,62,0.04742268041237113
002179.SZ,中航光电,3977,2010-01-04,2026-06-11,False,False,0,0.0,28,34,0.0155896404324868
002180.SZ,纳思达,3648,2010-01-04,2026-06-11,False,False,0,0.0,58,32,0.024671052631578948
002181.SZ,粤传媒,3879,2010-01-04,2026-06-11,False,False,0,0.0,114,51,0.042536736272235115
002182.SZ,宝武镁业,3967,2010-01-04,2026-06-11,False,False,0,0.0,53,38,0.022939248802621628
002183.SZ,怡亚通,3835,2010-01-04,2026-06-11,False,False,0,0.0,63,29,0.023989569752281618
002184.SZ,海得控制,3932,2010-01-04,2026-06-11,False,False,0,0.0,97,52,0.0378942014242116
002185.SZ,华天科技,3957,2010-01-04,2026-06-11,False,False,0,0.0,46,30,0.0192064695476371
002186.SZ,全聚德,3969,2010-01-04,2026-06-11,False,False,0,0.0,26,15,0.010330057949105569
002187.SZ,广百股份,3974,2010-01-04,2026-06-11,False,False,0,0.0,57,34,0.022898842476094614
002188.SZ,中天服务,3798,2010-01-04,2026-06-11,False,False,0,0.0,82,53,0.035545023696682464
002189.SZ,中光学,3815,2010-01-04,2026-06-11,False,False,0,0.0,96,48,0.03774574049803408
002190.SZ,成飞集成,3731,2010-01-04,2026-06-11,False,False,0,0.0,117,45,0.04341999463950683
002191.SZ,劲嘉股份,3854,2010-01-04,2026-06-11,False,False,0,0.0,23,15,0.009859885832900882
002192.SZ,融捷股份,3864,2010-01-04,2026-06-11,False,False,0,0.0,111,37,0.038302277432712216
002193.SZ,如意集团,3750,2010-01-04,2026-06-11,False,False,0,0.0,73,44,0.0312
002194.SZ,武汉凡谷,3938,2010-01-04,2026-06-11,False,False,0,0.0,75,36,0.0281868969019807
002195.SZ,岩山科技,3894,2010-01-04,2026-06-11,False,False,0,0.0,96,41,0.035182331792501284
002196.SZ,方正电机,3828,2010-01-04,2026-06-11,False,False,0,0.0,96,34,0.03396029258098224
002197.SZ,ST证通,3935,2010-01-04,2026-06-11,True,False,0,0.0,84,49,0.033799237611181705
002198.SZ,嘉应制药,3828,2010-01-04,2026-06-11,False,False,0,0.0,40,40,0.02089864158829676
002199.SZ,*ST东晶,3753,2010-01-04,2026-06-11,True,False,0,0.0,98,44,0.03783639754862776
002200.SZ,*ST交投,3831,2010-01-04,2026-06-11,True,False,0,0.0,12,25,0.009658052727747325
002201.SZ,九鼎新材,3766,2010-01-04,2026-06-11,False,False,0,0.0,106,42,0.03929899097185342
002202.SZ,金风科技,3968,2010-01-04,2026-06-11,False,False,0,0.0,39,17,0.014112903225806451
002203.SZ,海亮股份,3749,2010-01-04,2026-06-11,False,False,0,0.0,27,12,0.010402774073086157
002204.SZ,大连重工,3957,2010-01-04,2026-06-11,False,False,0,0.0,71,44,0.029062421026029822
002205.SZ,国统股份,3963,2010-01-04,2026-06-11,False,False,0,0.0,68,59,0.03204642947262175
002206.SZ,海利得,3949,2010-01-04,2026-06-11,False,False,0,0.0,35,19,0.013674347936186377
002207.SZ,准油股份,3629,2010-01-04,2026-06-11,False,False,0,0.0,89,46,0.03720033066960595
002208.SZ,合肥城建,3952,2010-01-04,2026-06-11,False,False,0,0.0,102,48,0.03795546558704453
002209.SZ,达意隆,3817,2010-01-04,2026-06-11,False,False,0,0.0,63,34,0.025412627718103223
002210.SZ,飞马国际,3738,2010-01-04,2026-06-11,False,False,0,0.0,67,37,0.027822364901016586
002211.SZ,ST宏达,3589,2010-01-04,2026-06-11,True,False,0,0.0,83,49,0.03677904708832544
002212.SZ,天融信,3728,2010-01-04,2026-06-11,False,False,0,0.0,50,17,0.017972103004291844
002213.SZ,大为股份,3914,2010-01-04,2026-06-11,False,False,0,0.0,98,44,0.036280020439448134
002214.SZ,*ST大立,3827,2010-01-04,2026-06-11,True,False,0,0.0,36,32,0.017768487065586622
002215.SZ,诺普信,3919,2010-01-04,2026-06-11,False,False,0,0.0,34,33,0.01709619800969635
002216.SZ,三全食品,3966,2010-01-04,2026-06-11,False,False,0,0.0,27,15,0.01059001512859304
002217.SZ,合力泰,3777,2010-01-04,2026-06-11,False,False,0,0.0,63,30,0.024622716441620333
002218.SZ,拓日新能,3970,2010-01-04,2026-06-11,False,False,0,0.0,77,30,0.02695214105793451
002219.SZ,新里程,3513,2010-01-04,2026-06-11,False,False,0,0.0,55,27,0.023341873042983206
002221.SZ,东华能源,3939,2010-01-04,2026-06-11,False,False,0,0.0,26,23,0.01243970550901244
002222.SZ,福晶科技,3985,2010-01-04,2026-06-11,False,False,0,0.0,59,38,0.024341279799247176
002223.SZ,鱼跃医疗,3910,2010-01-04,2026-06-11,False,False,0,0.0,21,17,0.009718670076726343
002224.SZ,三力士,3875,2010-01-04,2026-06-11,False,False,0,0.0,33,19,0.013419354838709678
002225.SZ,濮耐股份,3866,2010-01-04,2026-06-11,False,False,0,0.0,45,21,0.017071908949818936
002226.SZ,江南化工,3644,2010-01-04,2026-06-11,False,False,0,0.0,37,27,0.01756311745334797
002227.SZ,奥特迅,3955,2010-01-04,2026-06-11,False,False,0,0.0,109,47,0.039443742098609354
002228.SZ,合兴包装,3840,2010-01-04,2026-06-11,False,False,0,0.0,25,19,0.011458333333333333
002229.SZ,鸿博股份,3952,2010-01-04,2026-06-11,False,False,0,0.0,141,74,0.054402834008097166
002230.SZ,科大讯飞,3906,2010-01-04,2026-06-11,False,False,0,0.0,44,30,0.01894521249359959
002231.SZ,*ST奥维,3751,2010-01-04,2026-01-29,True,False,0,0.0,102,55,0.0418555051986137
002232.SZ,启明信息,3974,2010-01-04,2026-06-11,False,False,0,0.0,93,49,0.035732259687971814
002233.SZ,塔牌集团,3939,2010-01-04,2026-06-11,False,False,0,0.0,21,21,0.010662604722010662
002234.SZ,民和股份,3972,2010-01-04,2026-06-11,False,False,0,0.0,58,35,0.023413897280966767
002235.SZ,安妮股份,3773,2010-01-04,2026-06-11,False,False,0,0.0,104,64,0.04452690166975881
002236.SZ,大华股份,3968,2010-01-04,2026-06-11,False,False,0,0.0,22,16,0.009576612903225807
002237.SZ,恒邦股份,3962,2010-01-04,2026-06-11,False,False,0,0.0,37,20,0.014386673397274103
002238.SZ,天威视讯,3830,2010-01-04,2026-06-11,False,False,0,0.0,59,41,0.02610966057441253
002239.SZ,奥特佳,3463,2010-01-04,2026-06-11,False,False,0,0.0,91,28,0.03436326884204447
002240.SZ,盛新锂能,3701,2010-01-04,2026-06-11,False,False,0,0.0,89,45,0.03620643069440692
002241.SZ,歌尔股份,3967,2010-01-04,2026-06-11,False,False,0,0.0,31,30,0.01537685908747164
002242.SZ,九阳股份,3956,2010-01-04,2026-06-11,False,False,0,0.0,38,24,0.015672396359959553
002243.SZ,力合科创,3960,2010-01-04,2026-06-11,False,False,0,0.0,72,42,0.02878787878787879
002244.SZ,滨江集团,3974,2010-01-04,2026-06-11,False,False,0,0.0,34,17,0.012833417211877201
002245.SZ,蔚蓝锂芯,3944,2010-01-04,2026-06-11,False,False,0,0.0,68,33,0.025608519269776878
002246.SZ,北化股份,3760,2010-01-04,2026-06-11,False,False,0,0.0,84,44,0.03404255319148936
002247.SZ,聚力文化,3867,2010-01-04,2026-06-11,False,False,0,0.0,53,41,0.02430824928885441
002248.SZ,华东数控,3721,2010-01-04,2026-06-11,False,False,0,0.0,92,29,0.03251814028486966
002249.SZ,大洋电机,3866,2010-01-04,2026-06-11,False,False,0,0.0,44,30,0.019141231246766685
002250.SZ,联化科技,3960,2010-01-04,2026-06-11,False,False,0,0.0,16,23,0.009848484848484848
002251.SZ,步步高,3899,2010-01-04,2026-06-11,False,False,0,0.0,53,23,0.019492177481405488
002252.SZ,上海莱士,3498,2010-01-04,2026-06-11,False,False,0,0.0,31,17,0.0137221269296741
002253.SZ,*ST智胜,3963,2010-01-04,2026-06-11,True,False,0,0.0,81,58,0.035074438556649004
002254.SZ,泰和新材,3940,2010-01-04,2026-06-11,False,False,0,0.0,29,14,0.010913705583756345
002255.SZ,海陆重工,3786,2010-01-04,2026-06-11,False,False,0,0.0,63,35,0.025884838880084523
002256.SZ,兆新股份,3606,2010-01-04,2026-06-11,False,False,0,0.0,114,41,0.04298391569606212
002258.SZ,利尔化学,3953,2010-01-04,2026-06-11,False,False,0,0.0,32,29,0.01543131798633949
002259.SZ,升达林业,3740,2010-01-04,2026-06-11,False,False,0,0.0,35,23,0.015508021390374332
002261.SZ,拓维信息,3818,2010-01-04,2026-06-11,False,False,0,0.0,137,55,0.05028810895756941
002262.SZ,恩华药业,3986,2010-01-04,2026-06-11,False,False,0,0.0,18,20,0.009533366783743101
002263.SZ,大东南,3503,2010-01-04,2026-06-11,False,False,0,0.0,67,30,0.02769055095632315
002264.SZ,新华都,3774,2010-01-04,2026-06-11,False,False,0,0.0,76,40,0.03073661897191309
002265.SZ,建设工业,3871,2010-01-04,2026-06-11,False,False,0,0.0,125,52,0.04572461896150865
002266.SZ,浙富控股,3829,2010-01-04,2026-06-11,False,False,0,0.0,28,25,0.013841734134238705
002267.SZ,陕天然气,3978,2010-01-04,2026-06-11,False,False,0,0.0,8,11,0.0047762694821518355
002268.SZ,电科网安,3862,2010-01-04,2026-06-11,False,False,0,0.0,53,40,0.024080787156913516
002269.SZ,美邦服饰,3938,2010-01-04,2026-06-11,False,False,0,0.0,109,39,0.037582529202640935
002270.SZ,华明装备,3786,2010-01-04,2026-06-11,False,False,0,0.0,58,32,0.02377179080824089
002271.SZ,东方雨虹,3968,2010-01-04,2026-06-11,False,False,0,0.0,29,26,0.013860887096774193
002272.SZ,川润股份,3784,2010-01-04,2026-06-11,False,False,0,0.0,110,39,0.03937632135306554
002273.SZ,水晶光电,3917,2010-01-04,2026-06-11,False,False,0,0.0,52,41,0.023742660199131987
002274.SZ,华昌化工,3946,2010-01-04,2026-06-11,False,False,0,0.0,53,38,0.023061327927014697
002275.SZ,桂林三金,3981,2010-01-04,2026-06-11,False,False,0,0.0,17,14,0.007786988193921126
002276.SZ,万马股份,3890,2010-01-04,2026-06-11,False,False,0,0.0,63,31,0.02416452442159383
002277.SZ,友阿股份,3957,2010-01-04,2026-06-11,False,False,0,0.0,63,36,0.025018953752843062
002278.SZ,神开股份,3771,2010-01-04,2026-06-11,False,False,0,0.0,59,50,0.02890479978785468
002279.SZ,久其软件,3836,2010-01-04,2026-06-11,False,False,0,0.0,120,48,0.043795620437956206
002281.SZ,光迅科技,3925,2010-01-04,2026-06-11,False,False,0,0.0,60,30,0.022929936305732482
002282.SZ,博深股份,3813,2010-01-04,2026-06-11,False,False,0,0.0,60,36,0.025177025963808025
002283.SZ,天润工业,3839,2010-01-04,2026-06-11,False,False,0,0.0,45,27,0.01875488408439698
002284.SZ,亚太股份,3950,2010-01-04,2026-06-11,False,False,0,0.0,70,38,0.027341772151898733
002285.SZ,世联行,3950,2010-01-04,2026-06-11,False,False,0,0.0,90,45,0.03417721518987342
002286.SZ,保龄宝,3831,2010-01-04,2026-06-11,False,False,0,0.0,62,23,0.02218741842860872
002287.SZ,奇正藏药,3979,2010-01-04,2026-06-11,False,False,0,0.0,51,28,0.01985423473234481
002289.SZ,*ST宇顺,3538,2010-01-04,2026-06-11,True,False,0,0.0,65,31,0.027133973996608253
002290.SZ,禾盛新材,3843,2010-01-04,2026-06-11,False,False,0,0.0,96,54,0.039032006245121
002291.SZ,遥望科技,3846,2010-01-04,2026-06-11,False,False,0,0.0,95,46,0.036661466458658344
002292.SZ,奥飞娱乐,3840,2010-01-04,2026-06-11,False,False,0,0.0,75,44,0.030989583333333334
002293.SZ,罗莱生活,3960,2010-01-04,2026-06-11,False,False,0,0.0,17,17,0.008585858585858586
002294.SZ,信立泰,3986,2010-01-04,2026-06-11,False,False,0,0.0,22,20,0.010536879076768691
002295.SZ,精艺股份,3895,2010-01-04,2026-06-11,False,False,0,0.0,41,33,0.018998716302952502
002296.SZ,辉煌科技,3842,2010-01-04,2026-06-11,False,False,0,0.0,51,39,0.02342529932326913
002297.SZ,博云新材,3744,2010-01-04,2026-06-11,False,False,0,0.0,79,45,0.03311965811965812
002298.SZ,中电鑫龙,3836,2010-01-04,2026-06-11,False,False,0,0.0,77,49,0.032846715328467155
002299.SZ,圣农发展,3865,2010-01-04,2026-06-11,False,False,0,0.0,17,16,0.008538163001293661
002300.SZ,太阳电缆,3980,2010-01-04,2026-06-11,False,False,0,0.0,70,39,0.027386934673366833
002301.SZ,齐心集团,3629,2010-01-04,2026-06-11,False,False,0,0.0,40,22,0.017084596307522733
002302.SZ,西部建设,3882,2010-01-04,2026-06-11,False,False,0,0.0,77,33,0.02833590932509016
002303.SZ,美盈森,3850,2010-01-04,2026-06-11,False,False,0,0.0,27,25,0.013506493506493506
002304.SZ,洋河股份,3980,2010-01-04,2026-06-11,False,False,0,0.0,14,12,0.006532663316582915
002305.SZ,*ST南置,3894,2010-01-04,2026-06-11,True,False,0,0.0,80,41,0.031073446327683617
002306.SZ,*ST云网,3564,2010-01-04,2026-06-10,True,False,0,0.0,67,22,0.024971941638608306
002307.SZ,北新路桥,3960,2010-01-04,2026-06-11,False,False,0,0.0,83,39,0.03080808080808081
002309.SZ,中利集团,3743,2010-01-04,2026-06-11,False,False,0,0.0,49,29,0.020838899278653487
002310.SZ,东方园林,3754,2010-01-04,2026-06-11,False,False,0,0.0,38,22,0.015982951518380393
002311.SZ,海大集团,3966,2010-01-04,2026-06-11,False,False,0,0.0,10,13,0.005799293998991427
002312.SZ,川发龙蟒,3579,2010-01-04,2026-06-11,False,False,0,0.0,91,51,0.03967588711930707
002313.SZ,日海智能,3848,2010-01-04,2026-06-11,False,False,0,0.0,80,48,0.033264033264033266
002314.SZ,南山控股,3793,2010-01-04,2026-06-11,False,False,0,0.0,65,33,0.025837068283680462
002315.SZ,焦点科技,3984,2010-01-04,2026-06-11,False,False,0,0.0,79,49,0.0321285140562249
002316.SZ,亚联发展,3537,2010-01-04,2026-06-11,False,False,0,0.0,90,40,0.03675431156347187
002317.SZ,众生药业,3918,2010-01-04,2026-06-11,False,False,0,0.0,60,26,0.021949974476773864
002318.SZ,久立特材,3954,2010-01-04,2026-06-11,False,False,0,0.0,28,28,0.014162873039959535
002319.SZ,乐通股份,3764,2010-01-04,2026-06-11,False,False,0,0.0,69,52,0.032146652497343255
002320.SZ,海峡股份,3832,2010-01-04,2026-06-11,False,False,0,0.0,51,35,0.02244258872651357
002321.SZ,华英农业,3921,2010-01-04,2026-06-11,False,False,0,0.0,55,30,0.021678143330782964
002322.SZ,理工能科,3854,2010-01-04,2026-06-11,False,False,0,0.0,36,30,0.017125064867669952
002323.SZ,雅博股份,3525,2010-01-04,2026-06-11,False,False,0,0.0,84,39,0.03489361702127659
002324.SZ,普利特,3895,2010-01-04,2026-06-11,False,False,0,0.0,30,23,0.013607188703465983
002326.SZ,永太科技,3869,2010-01-04,2026-06-11,False,False,0,0.0,102,55,0.040578960971827345
002327.SZ,富安娜,3977,2010-01-04,2026-06-11,False,False,0,0.0,10,21,0.0077948202162434
002328.SZ,新朋股份,3915,2010-01-04,2026-06-11,False,False,0,0.0,45,34,0.020178799489144316
002329.SZ,皇氏集团,3823,2010-01-06,2026-06-11,False,False,0,0.0,69,45,0.029819513471095998
002330.SZ,得利斯,3907,2010-01-06,2026-06-11,False,False,0,0.0,69,45,0.029178397747632454
002331.SZ,皖通科技,3647,2010-01-06,2026-06-11,False,False,0,0.0,83,64,0.04030710172744722
002332.SZ,仙琚制药,3957,2010-01-12,2026-06-11,False,False,0,0.0,25,22,0.011877685114986101
002333.SZ,罗普斯金,3946,2010-01-12,2026-06-11,False,False,0,0.0,59,38,0.0245818550430816
002334.SZ,英威腾,3951,2010-01-13,2026-06-11,False,False,0,0.0,61,34,0.0240445456846368
002335.SZ,科华数据,3860,2010-01-13,2026-06-11,False,False,0,0.0,72,42,0.029533678756476684
002337.SZ,赛象科技,3934,2010-01-15,2026-06-11,False,False,0,0.0,82,43,0.03177427554651754
002338.SZ,奥普光电,3925,2010-01-15,2026-06-11,False,False,0,0.0,76,37,0.028789808917197453
002339.SZ,积成电子,3916,2010-01-22,2026-06-11,False,False,0,0.0,83,43,0.032175689479060264
002340.SZ,格林美,3888,2010-01-22,2026-06-11,False,False,0,0.0,40,22,0.01594650205761317
002342.SZ,巨力索具,3942,2010-01-26,2026-06-11,False,False,0,0.0,86,37,0.03120243531202435
002343.SZ,慈文传媒,3781,2010-01-26,2026-06-11,False,False,0,0.0,83,34,0.030944194657498016
002344.SZ,海宁皮城,3868,2010-01-26,2026-06-11,False,False,0,0.0,25,19,0.011375387797311272
002345.SZ,潮宏基,3758,2010-01-28,2026-06-11,False,False,0,0.0,27,17,0.011708355508249068
002346.SZ,柘中股份,3779,2010-01-28,2026-06-11,False,False,0,0.0,103,43,0.03863455940725059
002347.SZ,泰尔股份,3810,2010-01-28,2026-06-11,False,False,0,0.0,73,37,0.028871391076115485
002348.SZ,高乐股份,3819,2010-02-03,2026-06-11,False,False,0,0.0,97,43,0.036658811207122284
002349.SZ,精华制药,3741,2010-02-03,2026-06-11,False,False,0,0.0,85,32,0.03127506014434643
002350.SZ,北京科锐,3920,2010-02-03,2026-06-11,False,False,0,0.0,84,37,0.03086734693877551
002351.SZ,漫步者,3935,2010-02-05,2026-06-11,False,False,0,0.0,87,43,0.03303684879288437
002352.SZ,顺丰控股,3909,2010-02-05,2026-06-11,False,False,0,0.0,43,20,0.016116653875671526
002353.SZ,杰瑞股份,3847,2010-02-05,2026-06-11,False,False,0,0.0,22,25,0.01221731219131791
002354.SZ,天娱数科,3628,2010-02-09,2026-06-11,False,False,0,0.0,106,41,0.04051819184123484
002355.SZ,兴民智通,3835,2010-02-09,2026-06-11,False,False,0,0.0,84,48,0.03441981747066493
002356.SZ,赫美集团,3655,2010-02-09,2026-06-11,False,False,0,0.0,100,39,0.038030095759233926
002357.SZ,富临运业,3751,2010-02-10,2026-06-11,False,False,0,0.0,66,39,0.027992535323913624
002358.SZ,森源电气,3743,2010-02-10,2026-06-11,False,False,0,0.0,37,27,0.017098584023510555
002360.SZ,同德化工,3849,2010-03-03,2026-06-11,False,False,0,0.0,38,38,0.019745388412574696
002361.SZ,神剑股份,3849,2010-03-03,2026-06-11,False,False,0,0.0,83,37,0.03117692907248636
002362.SZ,汉王科技,3946,2010-03-03,2026-06-11,False,False,0,0.0,97,53,0.03801317790167258
002363.SZ,隆基机械,3925,2010-03-05,2026-06-11,False,False,0,0.0,59,49,0.027515923566878982
002364.SZ,中恒电气,3888,2010-03-05,2026-06-11,False,False,0,0.0,87,45,0.033950617283950615
002365.SZ,永安药业,3945,2010-03-05,2026-06-11,False,False,0,0.0,54,32,0.021799746514575412
002366.SZ,融发核电,3737,2010-03-12,2026-06-11,False,False,0,0.0,98,34,0.035322451164035325
002367.SZ,康力电梯,3874,2010-03-12,2026-06-11,False,False,0,0.0,23,21,0.011357769747031492
002368.SZ,太极股份,3718,2010-03-12,2026-06-11,False,False,0,0.0,46,27,0.01963421194190425
002369.SZ,卓翼科技,3693,2010-03-16,2026-06-11,False,False,0,0.0,86,40,0.03411860276198213
002370.SZ,亚太药业,3807,2010-03-16,2026-06-11,False,False,0,0.0,83,33,0.030470186498555294
002371.SZ,北方华创,3862,2010-03-16,2026-06-11,False,False,0,0.0,56,40,0.024857586742620404
002372.SZ,伟星新材,3930,2010-03-18,2026-06-11,False,False,0,0.0,17,20,0.009414758269720101
002373.SZ,千方科技,3655,2010-03-18,2026-06-11,False,False,0,0.0,54,35,0.024350205198358413
002374.SZ,中锐股份,3834,2010-03-18,2026-06-11,False,False,0,0.0,87,38,0.03260302556077204
002375.SZ,亚厦股份,3882,2010-03-23,2026-06-11,False,False,0,0.0,35,25,0.015455950540958269
002376.SZ,新北洋,3863,2010-03-23,2026-06-11,False,False,0,0.0,32,23,0.014237639140564327
002377.SZ,国创高新,3722,2010-03-23,2026-06-11,False,False,0,0.0,70,45,0.03089736700698549
002378.SZ,章源钨业,3898,2010-03-31,2026-06-11,False,False,0,0.0,79,30,0.027963057978450487
002379.SZ,宏创控股,3571,2010-03-31,2026-06-11,False,False,0,0.0,57,22,0.02212265471856623
002380.SZ,科远智慧,3915,2010-03-31,2026-06-11,False,False,0,0.0,62,34,0.024521072796934867
002381.SZ,双箭股份,3887,2010-04-02,2026-06-11,False,False,0,0.0,35,24,0.015178801131978389
002382.SZ,蓝帆医疗,3734,2010-04-02,2026-06-11,False,False,0,0.0,48,33,0.02169255490091055
002383.SZ,合众思壮,3709,2010-04-02,2026-06-11,False,False,0,0.0,73,40,0.030466433000808844
002384.SZ,东山精密,3715,2010-04-09,2026-06-11,False,False,0,0.0,53,31,0.022611036339165544
002385.SZ,大北农,3882,2010-04-09,2026-06-11,False,False,0,0.0,42,24,0.017001545595054096
002386.SZ,天原股份,3881,2010-04-09,2026-06-11,False,False,0,0.0,37,29,0.01700592630765267
002387.SZ,维信诺,3753,2010-04-13,2026-06-11,False,False,0,0.0,70,33,0.027444710897948307
002388.SZ,ST新亚,3749,2010-04-13,2026-06-11,True,False,0,0.0,82,48,0.034675913576953855
002389.SZ,航天彩虹,3643,2010-04-13,2026-06-11,False,False,0,0.0,64,38,0.027998902003842988
002390.SZ,信邦制药,3761,2010-04-16,2026-06-11,False,False,0,0.0,50,29,0.02100505184791279
002391.SZ,长青股份,3913,2010-04-16,2026-06-11,False,False,0,0.0,22,17,0.009966777408637873
002392.SZ,北京利尔,3773,2010-04-23,2026-06-11,False,False,0,0.0,29,30,0.015637423800689106
002393.SZ,力生制药,3910,2010-04-23,2026-06-11,False,False,0,0.0,19,15,0.008695652173913044
002394.SZ,联发股份,3907,2010-04-23,2026-06-11,False,False,0,0.0,21,21,0.010749936012285641
002395.SZ,双象股份,3871,2010-04-29,2026-06-11,False,False,0,0.0,81,57,0.03564970291914234
002396.SZ,星网锐捷,3670,2010-06-23,2026-06-11,False,False,0,0.0,37,42,0.021525885558583105
002397.SZ,梦洁股份,3899,2010-04-29,2026-06-11,False,False,0,0.0,65,39,0.026673506027186458
002398.SZ,垒知集团,3783,2010-05-06,2026-06-11,False,False,0,0.0,30,34,0.0169177901136664
002399.SZ,海普瑞,3671,2010-05-06,2026-06-11,False,False,0,0.0,19,18,0.010078997548351948
002400.SZ,省广集团,3677,2010-05-06,2026-06-11,False,False,0,0.0,86,30,0.03154745716616807
002401.SZ,中远海科,3817,2010-05-06,2026-06-11,False,False,0,0.0,85,48,0.03484411841760545
002402.SZ,和而泰,3877,2010-05-11,2026-06-11,False,False,0,0.0,66,45,0.028630384317771474
002403.SZ,爱仕达,3855,2010-05-11,2026-06-11,False,False,0,0.0,71,49,0.0311284046692607
002404.SZ,嘉欣丝绸,3860,2010-05-11,2026-06-11,False,False,0,0.0,37,20,0.014766839378238342
002405.SZ,四维图新,3759,2010-05-18,2026-06-11,False,False,0,0.0,52,53,0.027932960893854747
002406.SZ,远东传动,3871,2010-05-18,2026-06-11,False,False,0,0.0,47,33,0.02066649444587962
002407.SZ,多氟多,3804,2010-05-18,2026-06-11,False,False,0,0.0,85,41,0.033123028391167195
002408.SZ,齐翔腾达,3718,2010-05-18,2026-06-11,False,False,0,0.0,29,26,0.014792899408284023
002409.SZ,雅克科技,3592,2010-05-25,2026-06-11,False,False,0,0.0,44,24,0.01893095768374165
002410.SZ,广联达,3851,2010-05-25,2026-06-11,False,False,0,0.0,31,27,0.01506102311088029
002412.SZ,汉森制药,3768,2010-05-25,2026-06-11,False,False,0,0.0,29,30,0.015658174097664544
002413.SZ,雷科防务,3638,2010-05-28,2026-06-11,False,False,0,0.0,71,27,0.026937877954920284
002414.SZ,高德红外,3770,2010-07-16,2026-06-11,False,False,0,0.0,30,26,0.014854111405835544
002415.SZ,海康威视,3839,2010-05-28,2026-06-11,False,False,0,0.0,11,11,0.0057306590257879654
002416.SZ,爱施德,3816,2010-05-28,2026-06-11,False,False,0,0.0,64,43,0.028039832285115304
002418.SZ,康盛股份,3672,2010-06-01,2026-06-11,False,False,0,0.0,96,38,0.03649237472766884
002419.SZ,天虹股份,3884,2010-06-01,2026-06-11,False,False,0,0.0,29,21,0.012873326467559218
002420.SZ,毅昌科技,3875,2010-06-01,2026-06-11,False,False,0,0.0,42,34,0.01961290322580645
002421.SZ,达实智能,3772,2010-06-03,2026-06-11,False,False,0,0.0,63,34,0.025715800636267234
002422.SZ,科伦药业,3862,2010-06-03,2026-06-11,False,False,0,0.0,13,9,0.005696530295183843
002423.SZ,中粮资本,3717,2010-06-03,2026-06-11,False,False,0,0.0,98,47,0.03900995426419155
002424.SZ,贵州百灵,3868,2010-06-03,2026-06-11,False,False,0,0.0,53,28,0.02094105480868666
002425.SZ,ST凯文,3680,2010-06-08,2026-06-11,True,False,0,0.0,65,37,0.027717391304347826
002426.SZ,胜利精密,3555,2010-06-08,2026-06-11,False,False,0,0.0,74,28,0.02869198312236287
002427.SZ,尤夫股份,3679,2010-06-08,2026-06-11,False,False,0,0.0,79,32,0.03017124218537646
002428.SZ,云南锗业,3870,2010-06-08,2026-06-11,False,False,0,0.0,84,42,0.03255813953488372
002429.SZ,兆驰股份,3785,2010-06-10,2026-06-11,False,False,0,0.0,46,30,0.020079260237780713
002430.SZ,杭氧股份,3860,2010-06-10,2026-06-11,False,False,0,0.0,40,25,0.01683937823834197
002431.SZ,棕榈股份,3717,2010-06-10,2026-06-11,False,False,0,0.0,71,38,0.029324724239978478
002432.SZ,九安医疗,3839,2010-06-10,2026-06-11,False,False,0,0.0,130,54,0.047929148215681165
002434.SZ,万里扬,3734,2010-06-18,2026-06-11,False,False,0,0.0,40,32,0.0192822710230316
002436.SZ,兴森科技,3719,2010-06-18,2026-06-11,False,False,0,0.0,54,29,0.022317827372949718
002437.SZ,誉衡药业,3607,2010-06-23,2026-06-11,False,False,0,0.0,51,20,0.019683947879123927
002438.SZ,江苏神通,3750,2010-06-23,2026-06-11,False,False,0,0.0,32,22,0.0144
002439.SZ,启明星辰,3629,2010-06-23,2026-06-11,False,False,0,0.0,47,32,0.021769082391843483
002440.SZ,闰土股份,3804,2010-07-06,2026-06-11,False,False,0,0.0,31,19,0.013144058885383806
002441.SZ,众业达,3814,2010-07-06,2026-06-11,False,False,0,0.0,40,32,0.018877818563188254
002442.SZ,龙星科技,3566,2010-07-06,2026-06-11,False,False,0,0.0,69,33,0.02860347728547392
002443.SZ,金洲管道,3613,2010-07-06,2026-06-11,False,False,0,0.0,33,27,0.016606698034874065
002444.SZ,巨星科技,3854,2010-07-13,2026-06-11,False,False,0,0.0,27,32,0.015308770108977686
002445.SZ,中南文化,3523,2010-07-13,2026-06-11,False,False,0,0.0,47,25,0.02043712744819756
002446.SZ,盛路通信,3720,2010-07-13,2026-06-11,False,False,0,0.0,68,45,0.030376344086021505
002448.SZ,中原内配,3849,2010-07-16,2026-06-11,False,False,0,0.0,38,26,0.01662769550532606
002449.SZ,国星光电,3806,2010-07-16,2026-06-11,False,False,0,0.0,40,33,0.019180241723594324
002451.SZ,摩恩电气,3702,2010-07-20,2026-06-11,False,False,0,0.0,101,65,0.044840626688276604
002452.SZ,长高电新,3701,2010-07-20,2026-06-11,False,False,0,0.0,41,26,0.01810321534720346
002453.SZ,华软科技,3637,2010-07-20,2026-06-11,False,False,0,0.0,85,47,0.036293648611492986
002454.SZ,松芝股份,3804,2010-07-20,2026-06-11,False,False,0,0.0,48,29,0.02024185068349106
002455.SZ,百川股份,3799,2010-08-03,2026-06-11,False,False,0,0.0,71,40,0.029218215319821005
002456.SZ,欧菲光,3767,2010-08-03,2026-06-11,False,False,0,0.0,57,38,0.0252190071675073
002457.SZ,青龙管业,3842,2010-08-03,2026-06-11,False,False,0,0.0,62,40,0.02654867256637168
002458.SZ,益生股份,3730,2010-08-10,2026-06-11,False,False,0,0.0,69,37,0.028418230563002682
002459.SZ,晶澳科技,3753,2010-08-10,2026-06-11,False,False,0,0.0,61,55,0.030908606448174794
002460.SZ,赣锋锂业,3755,2010-08-10,2026-06-11,False,False,0,0.0,76,46,0.03249001331557923
002461.SZ,珠江啤酒,3786,2010-08-18,2026-06-11,False,False,0,0.0,30,21,0.01347068145800317
002462.SZ,嘉事堂,3724,2010-08-18,2026-06-11,False,False,0,0.0,39,28,0.01799140708915145
002463.SZ,沪电股份,3829,2010-08-18,2026-06-11,False,False,0,0.0,65,26,0.02376599634369287
002465.SZ,海格通信,3681,2010-08-31,2026-06-11,False,False,0,0.0,21,24,0.012224938875305624
002466.SZ,天齐锂业,3670,2010-08-31,2026-06-11,False,False,0,0.0,91,38,0.03514986376021798
002467.SZ,二六三,3755,2010-09-08,2026-06-11,False,False,0,0.0,102,41,0.038082556591211715
002468.SZ,申通快递,3687,2010-09-08,2026-06-11,False,False,0,0.0,63,29,0.024952535937076213
002469.SZ,三维化学,3727,2010-09-08,2026-06-11,False,False,0,0.0,58,41,0.026562919237993025
002470.SZ,金正大,3707,2010-09-08,2026-06-11,False,False,0,0.0,26,16,0.01132991637442676
002471.SZ,中超控股,3703,2010-09-10,2026-06-11,False,False,0,0.0,89,32,0.03267620847961113
002472.SZ,双环传动,3805,2010-09-10,2026-06-11,False,False,0,0.0,47,26,0.019185282522996058
002474.SZ,榕基软件,3749,2010-09-15,2026-06-11,False,False,0,0.0,78,40,0.031475060016004267
002475.SZ,立讯精密,3790,2010-09-15,2026-06-11,False,False,0,0.0,20,26,0.012137203166226913
002476.SZ,宝莫股份,3666,2010-09-15,2026-06-11,False,False,0,0.0,75,47,0.033278777959629025
002478.SZ,常宝股份,3728,2010-09-21,2026-06-11,False,False,0,0.0,36,23,0.01582618025751073
002479.SZ,富春环保,3767,2010-09-21,2026-06-11,False,False,0,0.0,20,23,0.011414919033713831
002480.SZ,新筑股份,3766,2010-09-21,2026-06-11,False,False,0,0.0,55,33,0.02336696760488582
002481.SZ,双塔食品,3679,2010-09-21,2026-06-11,False,False,0,0.0,50,27,0.02092960043490079
002482.SZ,广田集团,3754,2010-09-29,2026-06-11,False,False,0,0.0,44,31,0.019978689397975494
002483.SZ,润邦股份,3654,2010-09-29,2026-06-11,False,False,0,0.0,41,25,0.0180623973727422
002484.SZ,江海股份,3805,2010-09-29,2026-06-11,False,False,0,0.0,49,31,0.02102496714848883
002485.SZ,ST雪发,3460,2010-10-15,2026-06-11,True,False,0,0.0,17,22,0.011271676300578034
002486.SZ,嘉麟杰,3573,2010-10-15,2026-06-11,False,False,0,0.0,79,32,0.031066330814441646
002487.SZ,大金重工,3779,2010-10-15,2026-06-11,False,False,0,0.0,88,24,0.029637470230219634
002488.SZ,金固股份,3767,2010-10-21,2026-06-11,False,False,0,0.0,82,53,0.03583753650119458
002489.SZ,浙江永强,3761,2010-10-21,2026-06-11,False,False,0,0.0,42,25,0.01781441106088806
002490.SZ,山东墨龙,3792,2010-10-21,2026-06-11,False,False,0,0.0,105,35,0.03691983122362869
002491.SZ,通鼎互联,3557,2010-10-21,2026-06-11,False,False,0,0.0,76,39,0.032330615687377
002492.SZ,恒基达鑫,3500,2010-11-02,2026-06-11,False,False,0,0.0,50,32,0.023428571428571427
002493.SZ,荣盛石化,3780,2010-11-02,2026-06-11,False,False,0,0.0,30,30,0.015873015873015872
002494.SZ,华斯股份,3750,2010-11-02,2026-06-11,False,False,0,0.0,80,48,0.034133333333333335
002495.SZ,佳隆股份,3777,2010-11-02,2026-06-11,False,False,0,0.0,47,33,0.021180831347630394
002496.SZ,*ST辉丰,3754,2010-11-09,2026-06-11,True,False,0,0.0,61,49,0.02930207778369739
002497.SZ,雅化集团,3726,2010-11-09,2026-06-11,False,False,0,0.0,64,30,0.02522812667740204
002498.SZ,汉缆股份,3709,2010-11-09,2026-06-11,False,False,0,0.0,77,18,0.025613372876786195
002500.SZ,山西证券,3657,2010-11-15,2026-06-11,False,False,0,0.0,37,26,0.017227235438884332
002501.SZ,利源股份,3755,2010-11-17,2026-06-11,False,False,0,0.0,56,34,0.023968042609853527
002506.SZ,协鑫集成,3369,2010-11-18,2026-06-11,False,False,0,0.0,80,28,0.032056990204808546
002507.SZ,涪陵榨菜,3583,2010-11-23,2026-06-11,False,False,0,0.0,24,18,0.011722020653084008
002508.SZ,老板电器,3769,2010-11-23,2026-06-11,False,False,0,0.0,18,12,0.007959671000265322
002510.SZ,天汽模,3683,2010-11-25,2026-06-11,False,False,0,0.0,66,31,0.02633722508824328
002511.SZ,中顺洁柔,3731,2010-11-25,2026-06-11,False,False,0,0.0,15,18,0.008844813722862504
002512.SZ,达华智能,3347,2010-12-03,2026-06-11,False,False,0,0.0,100,41,0.04212727815954586
002513.SZ,蓝丰生化,3558,2010-12-03,2026-06-11,False,False,0,0.0,95,44,0.03906689151208544
002514.SZ,宝馨科技,3526,2010-12-03,2026-06-11,False,False,0,0.0,94,51,0.04112308564946115
002515.SZ,金字火腿,3513,2010-12-03,2026-06-11,False,False,0,0.0,61,30,0.025903785937944776
002516.SZ,旷达科技,3723,2010-12-07,2026-06-11,False,False,0,0.0,61,27,0.0236368520010744
002517.SZ,恺英网络,3489,2010-12-07,2026-06-11,False,False,0,0.0,79,48,0.03640011464603038
002518.SZ,科士达,3734,2010-12-07,2026-06-11,False,False,0,0.0,67,48,0.030798071772897697
002519.SZ,银河电子,3627,2010-12-07,2026-06-11,False,False,0,0.0,69,43,0.030879514750482492
002520.SZ,日发精机,3557,2010-12-10,2026-06-11,False,False,0,0.0,79,51,0.036547652516165305
002521.SZ,齐峰新材,3753,2010-12-10,2026-06-11,False,False,0,0.0,13,21,0.009059419131361577
002522.SZ,浙江众成,3728,2010-12-10,2026-06-11,False,False,0,0.0,51,38,0.023873390557939914
002523.SZ,天桥起重,3644,2010-12-10,2026-06-11,False,False,0,0.0,53,28,0.022228320526893525
002524.SZ,光正眼科,3504,2010-12-17,2026-06-11,False,False,0,0.0,78,47,0.03567351598173516
002526.SZ,山东矿机,3553,2010-12-17,2026-06-11,False,False,0,0.0,58,35,0.026175063326766113
002527.SZ,新时达,3594,2010-12-24,2026-06-11,False,False,0,0.0,66,27,0.02587646076794658
002528.SZ,ST英飞拓,3626,2010-12-24,2026-06-11,True,False,0,0.0,102,41,0.03943739658025373
002529.SZ,*ST海源,3623,2010-12-24,2026-06-11,True,False,0,0.0,134,65,0.05492685619652222
002530.SZ,金财互联,3580,2010-12-31,2026-06-11,False,False,0,0.0,88,34,0.03407821229050279
002531.SZ,天顺风能,3698,2010-12-31,2026-06-11,False,False,0,0.0,49,27,0.02055164954029205
002532.SZ,天山铝业,3629,2010-12-31,2026-06-11,False,False,0,0.0,42,32,0.020391292367043262
002533.SZ,金杯电工,3720,2010-12-31,2026-06-11,False,False,0,0.0,37,30,0.01801075268817204
002534.SZ,西子洁能,3690,2011-01-10,2026-06-11,False,False,0,0.0,57,34,0.024661246612466124
002535.SZ,林州重机,3623,2011-01-11,2026-06-11,False,False,0,0.0,56,32,0.024289263041678166
002536.SZ,飞龙股份,3726,2011-01-11,2026-06-11,False,False,0,0.0,74,34,0.028985507246376812
002537.SZ,海联金汇,3589,2011-01-10,2026-06-11,False,False,0,0.0,82,26,0.030091947617720813
002538.SZ,司尔特,3685,2011-01-18,2026-06-11,False,False,0,0.0,34,31,0.017639077340569877
002539.SZ,云图控股,3700,2011-01-18,2026-06-11,False,False,0,0.0,38,28,0.01783783783783784
002540.SZ,亚太科技,3722,2011-01-18,2026-06-11,False,False,0,0.0,32,28,0.016120365394948953
002541.SZ,鸿路钢构,3724,2011-01-18,2026-06-11,False,False,0,0.0,30,27,0.015306122448979591
002542.SZ,中化岩土,3539,2011-01-28,2026-06-11,False,False,0,0.0,99,38,0.03871150042384854
002543.SZ,万和电气,3693,2011-01-28,2026-06-11,False,False,0,0.0,33,29,0.016788518819388032
002544.SZ,普天科技,3570,2011-01-28,2026-06-11,False,False,0,0.0,48,35,0.023249299719887956
002545.SZ,东方铁塔,3489,2011-02-11,2026-06-11,False,False,0,0.0,28,20,0.013757523645743766
002546.SZ,新联电子,3649,2011-02-11,2026-06-11,False,False,0,0.0,46,26,0.019731433269388872
002547.SZ,春兴精工,3514,2011-02-18,2026-06-11,False,False,0,0.0,111,62,0.04923164484917473
002548.SZ,金新农,3627,2011-02-18,2026-06-11,False,False,0,0.0,66,30,0.026468155500413565
002549.SZ,凯美特气,3608,2011-02-18,2026-06-11,False,False,0,0.0,89,36,0.03464523281596452
002550.SZ,千红制药,3714,2011-02-18,2026-06-11,False,False,0,0.0,43,23,0.017770597738287562
002551.SZ,尚荣医疗,3558,2011-02-25,2026-06-11,False,False,0,0.0,63,33,0.026981450252951095
002552.SZ,宝鼎科技,3620,2011-02-25,2026-06-11,False,False,0,0.0,97,33,0.03591160220994475
002553.SZ,南方精工,3587,2011-02-25,2026-06-11,False,False,0,0.0,95,39,0.037357122943964316
002554.SZ,惠博普,3662,2011-02-25,2026-06-11,False,False,0,0.0,55,33,0.02403058438012015
002555.SZ,三七互娱,3426,2011-03-02,2026-06-11,False,False,0,0.0,64,40,0.030356100408639813
002556.SZ,辉隆股份,3688,2011-03-02,2026-06-11,False,False,0,0.0,53,48,0.027386117136659435
002557.SZ,洽洽食品,3667,2011-03-02,2026-06-11,False,False,0,0.0,14,11,0.006817562039814562
002558.SZ,巨人网络,3340,2011-03-02,2026-06-11,False,False,0,0.0,49,11,0.017964071856287425
002559.SZ,亚威股份,3638,2011-03-03,2026-06-11,False,False,0,0.0,64,30,0.02583837273227048
002560.SZ,通达股份,3565,2011-03-03,2026-06-11,False,False,0,0.0,81,33,0.03197755960729313
002561.SZ,徐家汇,3708,2011-03-03,2026-06-11,False,False,0,0.0,54,25,0.021305285868392664
002562.SZ,兄弟科技,3662,2011-03-10,2026-06-11,False,False,0,0.0,65,33,0.026761332605133806
002563.SZ,森马服饰,3687,2011-03-11,2026-06-11,False,False,0,0.0,17,13,0.008136696501220505
002564.SZ,天沃科技,3520,2011-03-10,2026-06-11,False,False,0,0.0,68,37,0.029829545454545456
002565.SZ,顺灏股份,3624,2011-03-18,2026-06-11,False,False,0,0.0,108,54,0.04470198675496689
002566.SZ,益盛药业,3632,2011-03-18,2026-06-11,False,False,0,0.0,23,19,0.011563876651982379
002567.SZ,唐人神,3469,2011-03-25,2026-06-11,False,False,0,0.0,39,27,0.01902565580859037
002568.SZ,百润股份,3621,2011-03-25,2026-06-11,False,False,0,0.0,68,30,0.027064346865506766
002569.SZ,*ST步森,3138,2011-04-12,2026-06-11,True,False,0,0.0,43,27,0.022307202039515615
002570.SZ,贝因美,3566,2011-04-12,2026-06-11,False,False,0,0.0,60,34,0.026360067302299495
002571.SZ,德力股份,3276,2011-04-12,2026-06-11,False,False,0,0.0,68,36,0.031746031746031744
002572.SZ,索菲亚,3651,2011-04-12,2026-06-11,False,False,0,0.0,19,16,0.00958641468090934
002573.SZ,清新环境,3429,2011-04-22,2026-06-11,False,False,0,0.0,24,28,0.01516477107028288
002574.SZ,明牌珠宝,3491,2011-04-22,2026-06-11,False,False,0,0.0,32,23,0.015754798052134058
002575.SZ,群兴玩具,3223,2011-04-22,2026-06-11,False,False,0,0.0,79,38,0.0363015823766677
002576.SZ,通达动力,3304,2011-04-28,2026-06-11,False,False,0,0.0,70,53,0.03722760290556901
002577.SZ,雷柏科技,3520,2011-04-28,2026-06-11,False,False,0,0.0,70,37,0.030397727272727274
002578.SZ,闽发铝业,3502,2011-04-28,2026-06-11,False,False,0,0.0,51,35,0.024557395773843516
002579.SZ,中京电子,3390,2011-05-06,2026-06-11,False,False,0,0.0,85,49,0.03952802359882006
002580.SZ,圣阳股份,3505,2011-05-06,2026-06-11,False,False,0,0.0,84,55,0.03965763195435093
002581.SZ,ST未名,3545,2011-05-20,2026-06-11,True,False,0,0.0,109,54,0.045980253878702394
002582.SZ,好想你,3522,2011-05-20,2026-06-11,False,False,0,0.0,56,36,0.02612152186257808
002583.SZ,海能达,3599,2011-05-27,2026-06-11,False,False,0,0.0,62,34,0.026674076132258962
002584.SZ,西陇科学,3418,2011-06-02,2026-06-11,False,False,0,0.0,102,64,0.04856641310708017
002585.SZ,双星新材,3639,2011-06-02,2026-06-11,False,False,0,0.0,47,35,0.022533663094256664
002586.SZ,*ST围海,3437,2011-06-02,2026-06-11,True,False,0,0.0,13,14,0.007855688100087285
002587.SZ,奥拓电子,3517,2011-06-10,2026-06-11,False,False,0,0.0,65,38,0.029286323571225476
002588.SZ,史丹利,3636,2011-06-10,2026-06-11,False,False,0,0.0,21,18,0.010726072607260726
002589.SZ,瑞康医药,3528,2011-06-10,2026-06-11,False,False,0,0.0,43,18,0.017290249433106575
002590.SZ,万安科技,3604,2011-06-10,2026-06-11,False,False,0,0.0,85,44,0.035793562708102106
002591.SZ,恒大高新,3475,2011-06-21,2026-06-11,False,False,0,0.0,74,55,0.03712230215827338
002592.SZ,ST八菱,3340,2011-11-11,2026-06-11,True,False,0,0.0,49,42,0.027245508982035926
002593.SZ,日上集团,3611,2011-06-28,2026-06-11,False,False,0,0.0,62,35,0.026862364995846027
002594.SZ,比亚迪,3618,2011-06-30,2026-06-11,False,False,0,0.0,45,17,0.017136539524599224
002595.SZ,豪迈科技,3628,2011-06-28,2026-06-11,False,False,0,0.0,16,12,0.007717750826901874
002596.SZ,海南瑞泽,3369,2011-07-07,2026-06-11,False,False,0,0.0,101,45,0.04333630157316711
002597.SZ,金禾实业,3592,2011-07-07,2026-06-11,False,False,0,0.0,27,17,0.012249443207126948
002598.SZ,山东章鼓,3547,2011-07-07,2026-06-11,False,False,0,0.0,65,37,0.028756695799266985
002599.SZ,盛通股份,3523,2011-07-15,2026-06-11,False,False,0,0.0,94,47,0.040022707919386884
002600.SZ,领益智造,3363,2011-07-15,2026-06-11,False,False,0,0.0,93,38,0.03895331549212013
002601.SZ,龙佰集团,3513,2011-07-15,2026-06-11,False,False,0,0.0,22,31,0.015086820381440364
002602.SZ,ST华通,3139,2011-07-28,2026-06-11,True,False,0,0.0,47,23,0.022300095571838166
002603.SZ,以岭药业,3590,2011-07-28,2026-06-11,False,False,0,0.0,42,18,0.016713091922005572
002605.SZ,姚记科技,3442,2011-08-05,2026-06-11,False,False,0,0.0,69,23,0.02672864613596746
002606.SZ,大连电瓷,3387,2011-08-05,2026-06-11,False,False,0,0.0,77,50,0.037496309418364335
002607.SZ,中公教育,3425,2011-08-10,2026-06-11,False,False,0,0.0,103,41,0.04204379562043795
002608.SZ,江苏国信,3202,2011-08-10,2026-06-11,False,False,0,0.0,27,8,0.010930668332292318
002609.SZ,捷顺科技,3572,2011-08-15,2026-06-11,False,False,0,0.0,65,39,0.029115341545352745
002611.SZ,东方精工,3339,2011-08-30,2026-06-11,False,False,0,0.0,79,37,0.03474094040131776
002612.SZ,朗姿股份,3385,2011-08-30,2026-06-11,False,False,0,0.0,85,42,0.037518463810930575
002613.SZ,北玻股份,3577,2011-08-30,2026-06-11,False,False,0,0.0,76,40,0.03242941012021247
002614.SZ,奥佳华,3542,2011-09-09,2026-06-11,False,False,0,0.0,38,29,0.0189158667419537
002615.SZ,哈尔斯,3567,2011-09-09,2026-06-11,False,False,0,0.0,60,48,0.030277544154751892
002616.SZ,长青集团,3463,2011-09-20,2026-06-11,False,False,0,0.0,49,24,0.021079988449321397
002617.SZ,露笑科技,3212,2011-09-20,2026-06-11,False,False,0,0.0,101,43,0.0448318804483188
002620.SZ,ST瑞和,3511,2011-09-29,2026-06-11,True,False,0,0.0,67,44,0.03161492452292794
002622.SZ,皓宸医疗,3160,2011-10-18,2026-06-11,False,False,0,0.0,94,44,0.043670886075949364
002623.SZ,亚玛顿,3541,2011-10-13,2026-06-11,False,False,0,0.0,59,45,0.029370234397062978
002624.SZ,完美世界,3163,2011-10-28,2026-06-11,False,False,0,0.0,46,23,0.021814732848561492
002625.SZ,光启技术,3234,2011-11-03,2026-06-11,False,False,0,0.0,106,43,0.046072974644403214
002626.SZ,金达威,3456,2011-10-28,2026-06-11,False,False,0,0.0,49,27,0.02199074074074074
002627.SZ,三峡旅游,3514,2011-11-03,2026-06-11,False,False,0,0.0,22,28,0.014228799089356859
002628.SZ,成都路桥,3515,2011-11-03,2026-06-11,False,False,0,0.0,57,17,0.021052631578947368
002629.SZ,仁智股份,3218,2011-11-03,2026-06-11,False,False,0,0.0,98,59,0.048788067122436295
002630.SZ,ST华西,3279,2011-11-11,2026-06-11,True,False,0,0.0,68,38,0.032326928941750536
002631.SZ,德尔未来,3379,2011-11-11,2026-06-11,False,False,0,0.0,69,36,0.031074282332050902
002632.SZ,道明光学,3402,2011-11-22,2026-06-11,False,False,0,0.0,55,35,0.026455026455026454
002633.SZ,申科股份,3217,2011-11-22,2026-06-11,False,False,0,0.0,56,34,0.027976375505129002
002634.SZ,棒杰股份,3501,2011-12-05,2026-06-11,False,False,0,0.0,78,61,0.0397029420165667
002635.SZ,安洁科技,3428,2011-11-25,2026-06-11,False,False,0,0.0,50,33,0.024212368728121353
002636.SZ,金安国纪,3408,2011-11-25,2026-06-11,False,False,0,0.0,95,35,0.03814553990610329
002637.SZ,赞宇科技,3451,2011-11-25,2026-06-11,False,False,0,0.0,44,48,0.026658939437844104
002638.SZ,勤上股份,3158,2011-11-25,2026-06-11,False,False,0,0.0,50,32,0.025965801139962
002639.SZ,雪人集团,3313,2011-12-05,2026-06-11,False,False,0,0.0,75,30,0.03169332930878358
002640.SZ,跨境通,3345,2011-12-08,2026-06-11,False,False,0,0.0,123,48,0.051121076233183856
002641.SZ,公元股份,3519,2011-12-08,2026-06-11,False,False,0,0.0,42,24,0.01875532821824382
002642.SZ,荣联科技,3254,2011-12-20,2026-06-11,False,False,0,0.0,90,55,0.044560540872771975
002643.SZ,万润股份,3392,2011-12-20,2026-06-11,False,False,0,0.0,26,11,0.010908018867924528
002644.SZ,佛慈制药,3492,2011-12-22,2026-06-11,False,False,0,0.0,53,29,0.023482245131729668
002645.SZ,华宏科技,3355,2011-12-20,2026-06-11,False,False,0,0.0,97,49,0.04351713859910581
002646.SZ,天佑德酒,3510,2011-12-22,2026-06-11,False,False,0,0.0,46,21,0.019088319088319088
002647.SZ,*ST仁东,2949,2011-12-28,2026-06-11,True,False,0,0.0,82,48,0.04408273991183452
002648.SZ,卫星化学,3481,2011-12-28,2026-06-11,False,False,0,0.0,37,32,0.01982189026141913
002649.SZ,博彦科技,3435,2012-01-06,2026-06-11,False,False,0,0.0,31,36,0.01950509461426492
002650.SZ,ST加加,3170,2012-01-06,2026-06-11,True,False,0,0.0,23,22,0.014195583596214511
002651.SZ,利君股份,3456,2012-01-06,2026-06-11,False,False,0,0.0,82,44,0.036458333333333336
002652.SZ,扬子新材,3205,2012-01-19,2026-06-11,False,False,0,0.0,63,36,0.030889235569422777
002653.SZ,海思科,3489,2012-01-17,2026-06-11,False,False,0,0.0,46,17,0.018056749785038694
002654.SZ,万润科技,3154,2012-02-17,2026-06-11,False,False,0,0.0,98,39,0.043436905516804056
002655.SZ,共达电声,3259,2012-02-17,2026-06-11,False,False,0,0.0,82,31,0.0346732126419147
002656.SZ,*ST摩登,3096,2012-02-28,2026-06-11,True,False,0,0.0,32,31,0.020348837209302327
002657.SZ,中科金财,3400,2012-02-28,2026-06-11,False,False,0,0.0,120,63,0.05382352941176471
002658.SZ,雪迪龙,3451,2012-03-09,2026-06-11,False,False,0,0.0,62,28,0.02607939727615184
002659.SZ,凯文教育,3264,2012-03-09,2026-06-11,False,False,0,0.0,60,35,0.029105392156862746
002660.SZ,茂硕电源,3282,2012-03-16,2026-06-11,False,False,0,0.0,72,42,0.03473491773308958
002661.SZ,克明食品,3387,2012-03-16,2026-06-11,False,False,0,0.0,21,14,0.010333628579864187
002662.SZ,峰璟股份,3279,2012-03-09,2026-06-11,False,False,0,0.0,68,33,0.030802073802988716
002663.SZ,普邦股份,3227,2012-03-16,2026-06-11,False,False,0,0.0,55,22,0.02386117136659436
002664.SZ,信质集团,3245,2012-03-16,2026-06-11,False,False,0,0.0,60,42,0.03143297380585516
002666.SZ,德联集团,3441,2012-03-27,2026-06-11,False,False,0,0.0,46,34,0.023249055507120024
002667.SZ,威领股份,3262,2012-03-29,2026-06-11,False,False,0,0.0,114,54,0.05150214592274678
002668.SZ,TCL智家,3212,2012-04-16,2026-06-11,False,False,0,0.0,70,27,0.030199252801992527
002669.SZ,康达新材,3226,2012-04-16,2026-06-11,False,False,0,0.0,59,34,0.028828270303781774
002670.SZ,国盛金控,3199,2012-04-16,2026-06-11,False,False,0,0.0,72,21,0.02907158487027196
002671.SZ,龙泉股份,3327,2012-04-26,2026-06-11,False,False,0,0.0,35,20,0.01653140967838894
002672.SZ,东江环保,3329,2012-04-26,2026-06-11,False,False,0,0.0,22,19,0.012316010814058276
002673.SZ,西部证券,3408,2012-05-03,2026-06-11,False,False,0,0.0,48,28,0.022300469483568074
002674.SZ,兴业科技,3404,2012-05-07,2026-06-11,False,False,0,0.0,41,32,0.02144535840188014
002675.SZ,东诚药业,3029,2012-05-25,2026-06-11,False,False,0,0.0,30,15,0.014856388246946187
002676.SZ,顺威股份,3175,2012-05-25,2026-06-11,False,False,0,0.0,82,35,0.0368503937007874
002677.SZ,浙江美大,3346,2012-05-25,2026-06-11,False,False,0,0.0,33,21,0.016138673042438732
002678.SZ,珠江钢琴,3372,2012-05-30,2026-06-11,False,False,0,0.0,50,41,0.026986951364175563
002679.SZ,福建金森,3327,2012-06-05,2026-06-11,False,False,0,0.0,86,63,0.044785091674180946
002681.SZ,奋达科技,3251,2012-06-05,2026-06-11,False,False,0,0.0,89,51,0.04306367271608736
002682.SZ,龙洲股份,3304,2012-06-12,2026-06-11,False,False,0,0.0,98,55,0.04630750605326876
002683.SZ,广东宏大,3221,2012-06-12,2026-06-11,False,False,0,0.0,23,19,0.013039428748835765
002685.SZ,华东重机,3184,2012-06-12,2026-06-11,False,False,0,0.0,89,38,0.03988693467336683
002686.SZ,亿利达,3280,2012-07-03,2026-06-11,False,False,0,0.0,49,37,0.02621951219512195
002687.SZ,乔治白,3373,2012-07-13,2026-06-11,False,False,0,0.0,42,37,0.023421286688407945
002688.SZ,金河生物,3297,2012-07-13,2026-06-11,False,False,0,0.0,35,25,0.018198362147406732
002689.SZ,远大智能,3356,2012-07-17,2026-06-11,False,False,0,0.0,97,45,0.04231227651966627
002690.SZ,美亚光电,3360,2012-07-31,2026-06-11,False,False,0,0.0,19,27,0.01369047619047619
002691.SZ,冀凯股份,3158,2012-07-31,2026-06-11,False,False,0,0.0,106,53,0.050348321722609245
002692.SZ,远程股份,3262,2012-08-08,2026-06-11,False,False,0,0.0,51,32,0.025444512568976087
002693.SZ,*ST双成,3260,2012-08-08,2026-06-11,True,False,0,0.0,109,51,0.049079754601226995
002694.SZ,顾地科技,3094,2012-08-16,2026-06-11,False,False,0,0.0,50,45,0.03070458952811894
002695.SZ,煌上煌,3325,2012-09-05,2026-06-11,False,False,0,0.0,44,26,0.021052631578947368
002696.SZ,百洋股份,3134,2012-09-05,2026-06-11,False,False,0,0.0,50,34,0.026802807913209957
002697.SZ,红旗连锁,3264,2012-09-05,2026-06-11,False,False,0,0.0,45,18,0.019301470588235295
002698.SZ,博实股份,3316,2012-09-11,2026-06-11,False,False,0,0.0,35,29,0.019300361881785282
002700.SZ,万憬能源,3308,2012-09-21,2026-06-11,False,False,0,0.0,32,25,0.017230955259975818
002701.SZ,奥瑞金,3241,2012-10-11,2026-06-11,False,False,0,0.0,13,11,0.007405121875964209
002702.SZ,海欣食品,3259,2012-10-11,2026-06-11,False,False,0,0.0,75,41,0.03559374041116907
002703.SZ,浙江世宝,3140,2012-11-02,2026-06-11,False,False,0,0.0,131,42,0.05509554140127389
002705.SZ,新宝股份,3010,2014-01-21,2026-06-11,False,False,0,0.0,25,22,0.015614617940199336
002706.SZ,良信股份,2997,2014-01-21,2026-06-11,False,False,0,0.0,45,27,0.024024024024024024
002707.SZ,众信旅游,2747,2014-01-23,2026-06-11,False,False,0,0.0,65,28,0.03385511467054969
002708.SZ,光洋股份,2922,2014-01-21,2026-06-11,False,False,0,0.0,116,49,0.05646817248459959
002709.SZ,天赐材料,2981,2014-01-23,2026-06-11,False,False,0,0.0,81,38,0.03991949010399195
002712.SZ,思美传媒,2811,2014-01-23,2026-06-11,False,False,0,0.0,57,49,0.03770900035574529
002713.SZ,*ST东易,2954,2014-02-19,2026-06-11,True,False,0,0.0,99,48,0.04976303317535545
002714.SZ,牧原股份,2980,2014-01-28,2026-06-11,False,False,0,0.0,35,23,0.019463087248322148
002715.SZ,登云股份,2971,2014-02-19,2026-06-11,False,False,0,0.0,77,45,0.041063614944463145
002716.SZ,湖南白银,2814,2014-01-28,2026-06-11,False,False,0,0.0,62,23,0.030206112295664535
002717.SZ,ST岭南,2826,2014-02-19,2026-06-11,True,False,0,0.0,94,42,0.048124557678697805
002718.SZ,友邦吊顶,2970,2014-01-28,2026-06-11,False,False,0,0.0,54,32,0.028956228956228958
002719.SZ,麦趣尔,2734,2014-01-28,2026-06-11,False,False,0,0.0,55,37,0.033650329188002925
002721.SZ,金一文化,2602,2014-01-27,2026-06-11,False,False,0,0.0,74,25,0.038047655649500384
002722.SZ,物产金轮,2914,2014-01-28,2026-06-11,False,False,0,0.0,74,33,0.036719286204529855
002723.SZ,小崧股份,2909,2014-01-29,2026-06-11,False,False,0,0.0,64,61,0.042970092815400485
002724.SZ,海洋王,2748,2014-11-04,2026-06-11,False,False,0,0.0,52,34,0.03129548762736536
002725.SZ,跃岭股份,2868,2014-01-29,2026-06-11,False,False,0,0.0,113,55,0.058577405857740586
002726.SZ,龙大美食,2832,2014-06-26,2026-06-11,False,False,0,0.0,35,24,0.020833333333333332
002727.SZ,一心堂,2806,2014-07-02,2026-06-11,False,False,0,0.0,28,15,0.015324305060584463
002728.SZ,特一药业,2751,2014-07-31,2026-06-11,False,False,0,0.0,65,31,0.03489640130861505
002729.SZ,好利科技,2745,2014-09-12,2026-06-11,False,False,0,0.0,63,33,0.034972677595628415
002730.SZ,电光科技,2706,2014-10-09,2026-06-11,False,False,0,0.0,83,42,0.046193643754619367
002731.SZ,萃华珠宝,2773,2014-11-04,2026-04-30,False,False,0,0.0,63,39,0.03678326721961774
002732.SZ,燕塘乳业,2785,2014-12-05,2026-06-11,False,False,0,0.0,39,17,0.020107719928186715
002733.SZ,雄韬股份,2783,2014-12-03,2026-06-11,False,False,0,0.0,71,38,0.03916636722960833
002734.SZ,利民股份,2752,2015-01-27,2026-06-11,False,False,0,0.0,39,32,0.025799418604651164
002735.SZ,王子新材,2574,2014-12-03,2026-06-11,False,False,0,0.0,76,44,0.046620046620046623
002736.SZ,国信证券,2764,2014-12-29,2026-06-11,False,False,0,0.0,30,11,0.014833574529667149
002737.SZ,葵花药业,2780,2014-12-30,2026-06-11,False,False,0,0.0,21,13,0.01223021582733813
002738.SZ,中矿资源,2652,2014-12-30,2026-06-11,False,False,0,0.0,76,41,0.04411764705882353
002739.SZ,万达电影,2315,2015-01-22,2026-06-11,False,False,0,0.0,39,24,0.027213822894168467
002741.SZ,光华科技,2703,2015-02-16,2026-06-11,False,False,0,0.0,72,32,0.03847576766555679
002742.SZ,*ST三圣,2659,2015-02-17,2026-06-11,True,False,0,0.0,29,30,0.022188792779240317
002743.SZ,富煌钢构,2715,2015-02-17,2026-06-11,False,False,0,0.0,50,39,0.032780847145488026
002745.SZ,木林森,2536,2015-02-17,2026-06-11,False,False,0,0.0,18,21,0.015378548895899053
002746.SZ,仙坛股份,2735,2015-02-16,2026-06-11,False,False,0,0.0,60,33,0.0340036563071298
002747.SZ,埃斯顿,2670,2015-03-20,2026-06-11,False,False,0,0.0,73,39,0.041947565543071164
002748.SZ,世龙实业,2711,2015-03-19,2026-06-11,False,False,0,0.0,76,37,0.0416820361490225
002749.SZ,国光股份,2729,2015-03-20,2026-06-11,False,False,0,0.0,19,24,0.015756687431293513
002752.SZ,昇兴股份,2645,2015-04-22,2026-06-11,False,False,0,0.0,71,41,0.04234404536862004
002753.SZ,永东股份,2689,2015-05-19,2026-06-11,False,False,0,0.0,49,34,0.030866493120119003
002755.SZ,奥赛康,2655,2015-05-15,2026-06-11,False,False,0,0.0,90,40,0.04896421845574388
002756.SZ,永兴材料,2556,2015-05-15,2026-06-11,False,False,0,0.0,62,34,0.03755868544600939
002757.SZ,南兴股份,2594,2015-05-27,2026-06-11,False,False,0,0.0,75,36,0.04279105628373169
002758.SZ,浙农股份,2662,2015-05-27,2026-06-11,False,False,0,0.0,57,30,0.03268219383921863
002759.SZ,天际股份,2603,2015-05-28,2026-06-11,False,False,0,0.0,108,50,0.06069919323857088
002760.SZ,凤形股份,2649,2015-06-11,2026-06-11,False,False,0,0.0,56,38,0.03548508871272178
002761.SZ,浙江建投,2580,2015-06-10,2026-06-11,False,False,0,0.0,100,49,0.05775193798449613
002762.SZ,*ST金比,2546,2015-06-10,2026-06-11,True,False,0,0.0,72,42,0.04477611940298507
002763.SZ,汇洁股份,2673,2015-06-10,2026-06-11,False,False,0,0.0,38,29,0.025065469509913955
002765.SZ,蓝黛科技,2618,2015-06-12,2026-06-11,False,False,0,0.0,75,31,0.04048892284186402
002766.SZ,索菱股份,2525,2015-06-11,2026-06-11,False,False,0,0.0,83,40,0.048712871287128715
002767.SZ,先锋电子,2671,2015-06-12,2026-06-11,False,False,0,0.0,72,46,0.04417821040808686
002768.SZ,国恩股份,2656,2015-06-30,2026-06-11,False,False,0,0.0,54,22,0.0286144578313253
002769.SZ,普路通,2624,2015-06-29,2026-06-11,False,False,0,0.0,89,42,0.04992378048780488
002771.SZ,真视通,2613,2015-06-29,2026-06-11,False,False,0,0.0,108,46,0.05893608878683505
002772.SZ,众兴菌业,2652,2015-06-26,2026-06-11,False,False,0,0.0,65,23,0.033182503770739065
002773.SZ,康弘药业,2662,2015-06-26,2026-06-11,False,False,0,0.0,33,17,0.018782870022539443
002774.SZ,快意电梯,2234,2017-03-24,2026-06-11,False,False,0,0.0,52,17,0.03088630259623993
002775.SZ,文科股份,2650,2015-06-29,2026-06-11,False,False,0,0.0,51,32,0.03132075471698113
002777.SZ,久远银海,2525,2015-12-31,2026-06-11,False,False,0,0.0,72,19,0.03603960396039604
002778.SZ,中晟高科,2466,2016-01-06,2026-06-11,False,False,0,0.0,55,22,0.031224655312246552
002779.SZ,中坚科技,2507,2015-12-09,2026-06-11,False,False,0,0.0,65,38,0.041084962106102914
002780.SZ,三夫户外,2541,2015-12-09,2026-06-11,False,False,0,0.0,69,29,0.03856749311294766
002782.SZ,可立克,2542,2015-12-22,2026-06-11,False,False,0,0.0,83,22,0.04130605822187254
002783.SZ,凯龙股份,2551,2015-12-09,2026-06-11,False,False,0,0.0,53,28,0.031752254018032146
002785.SZ,万里石,2535,2015-12-23,2026-06-11,False,False,0,0.0,68,19,0.03431952662721893
002786.SZ,银宝山新,2538,2015-12-23,2026-06-11,False,False,0,0.0,121,40,0.06343577620173364
002787.SZ,华源控股,2400,2015-12-31,2026-06-11,False,False,0,0.0,47,19,0.0275
002788.SZ,鹭燕医药,2500,2016-02-18,2026-06-11,False,False,0,0.0,33,11,0.0176
002789.SZ,*ST建艺,2489,2016-03-11,2026-06-11,True,False,0,0.0,51,32,0.03334672559260747
002790.SZ,瑞尔特,2493,2016-03-08,2026-06-11,False,False,0,0.0,38,19,0.02286401925391095
002791.SZ,坚朗五金,2478,2016-03-29,2026-06-11,False,False,0,0.0,40,11,0.020581113801452784
002792.SZ,通宇通讯,2479,2016-03-28,2026-06-11,False,False,0,0.0,57,24,0.0326744655102864
002793.SZ,罗欣药业,2455,2016-04-15,2026-06-11,False,False,0,0.0,62,17,0.03217922606924643
002795.SZ,永和智控,2374,2016-04-28,2026-06-11,False,False,0,0.0,86,32,0.04970513900589722
002796.SZ,世嘉科技,2388,2016-05-10,2026-06-11,False,False,0,0.0,110,35,0.06072026800670017
002797.SZ,第一创业,2432,2016-05-11,2026-06-11,False,False,0,0.0,36,13,0.020148026315789474
002798.SZ,帝欧水华,2369,2016-05-25,2026-06-11,False,False,0,0.0,41,21,0.026171380329252848
002799.SZ,环球印务,2370,2016-06-08,2026-06-11,False,False,0,0.0,72,29,0.042616033755274264
002800.SZ,天顺股份,2432,2016-05-30,2026-06-11,False,False,0,0.0,93,25,0.04851973684210526
002801.SZ,微光股份,2421,2016-06-22,2026-06-11,False,False,0,0.0,38,13,0.021065675340768277
002802.SZ,洪汇新材,2416,2016-06-29,2026-06-11,False,False,0,0.0,47,22,0.028559602649006623
002803.SZ,吉宏股份,2351,2016-07-12,2026-06-11,False,False,0,0.0,67,22,0.03785623139089749
002805.SZ,丰元股份,2410,2016-07-07,2026-06-11,False,False,0,0.0,115,29,0.05975103734439834
002806.SZ,华锋股份,2236,2016-07-26,2026-06-11,False,False,0,0.0,113,30,0.06395348837209303
002807.SZ,江阴银行,2361,2016-09-02,2026-06-11,False,False,0,0.0,23,8,0.013130029648454045
002808.SZ,*ST恒久,2355,2016-08-12,2026-04-30,True,False,0,0.0,61,23,0.035668789808917196
002809.SZ,红墙股份,2344,2016-08-23,2026-06-11,False,False,0,0.0,45,20,0.02773037542662116
002810.SZ,山东赫达,2374,2016-08-26,2026-06-11,False,False,0,0.0,38,19,0.02401010951979781
002811.SZ,郑中设计,2365,2016-09-08,2026-06-11,False,False,0,0.0,53,27,0.03382663847780127
002812.SZ,恩捷股份,2265,2016-09-14,2026-06-11,False,False,0,0.0,35,18,0.023399558498896248
002813.SZ,路畅科技,2292,2016-10-12,2026-06-11,False,False,0,0.0,105,30,0.058900523560209424
002815.SZ,崇达技术,2348,2016-10-12,2026-06-11,False,False,0,0.0,30,12,0.01788756388415673
002816.SZ,*ST和科,2234,2016-10-25,2026-06-11,True,False,0,0.0,47,13,0.02685765443151298
002817.SZ,黄山胶囊,2339,2016-10-25,2026-06-11,False,False,0,0.0,28,12,0.017101325352714837
002818.SZ,富森美,2328,2016-11-09,2026-06-11,False,False,0,0.0,18,5,0.009879725085910653
002819.SZ,东方中科,2223,2016-11-11,2026-06-11,False,False,0,0.0,91,17,0.048582995951417005
002820.SZ,桂发祥,2311,2016-11-18,2026-06-11,False,False,0,0.0,49,21,0.03028991778450887
002821.SZ,凯莱英,2321,2016-11-18,2026-06-11,False,False,0,0.0,27,11,0.016372253339077984
002822.SZ,*ST中装,2309,2016-11-29,2026-06-11,True,False,0,0.0,37,12,0.02122130792550888
002823.SZ,凯中精密,2300,2016-11-24,2026-06-11,False,False,0,0.0,40,11,0.02217391304347826
002824.SZ,和胜股份,2283,2017-01-12,2026-06-11,False,False,0,0.0,110,28,0.06044678055190539
002825.SZ,纳尔股份,2299,2016-11-29,2026-06-11,False,False,0,0.0,66,19,0.03697259678120922
002826.SZ,易明医药,2301,2016-12-09,2026-06-11,False,False,0,0.0,60,13,0.03172533681008257
002827.SZ,高争民爆,2306,2016-12-09,2026-06-11,False,False,0,0.0,58,23,0.03512575888985256
002828.SZ,贝肯能源,2300,2016-12-08,2026-06-11,False,False,0,0.0,76,30,0.04608695652173913
002829.SZ,星网宇达,2304,2016-12-13,2026-06-11,False,False,0,0.0,52,20,0.03125
002830.SZ,名雕股份,2304,2016-12-13,2026-06-11,False,False,0,0.0,60,28,0.03819444444444445
002831.SZ,裕同科技,2301,2016-12-16,2026-06-11,False,False,0,0.0,14,6,0.008691873098652759
002832.SZ,比音勒芬,2296,2016-12-23,2026-06-11,False,False,0,0.0,15,6,0.009146341463414634
002833.SZ,弘亚数控,2293,2016-12-28,2026-06-11,False,False,0,0.0,21,8,0.01264718709114697
002835.SZ,同为股份,2293,2016-12-28,2026-06-11,False,False,0,0.0,80,20,0.043610989969472304
002836.SZ,新宏泽,2282,2016-12-29,2026-06-11,False,False,0,0.0,69,40,0.047765118317265556
002837.SZ,英维克,2216,2016-12-29,2026-06-11,False,False,0,0.0,91,35,0.05685920577617329
002838.SZ,道恩股份,2262,2017-01-06,2026-06-11,False,False,0,0.0,62,15,0.03404067197170645
002839.SZ,张家港行,2264,2017-01-24,2026-06-11,False,False,0,0.0,29,14,0.018992932862190812
002840.SZ,华统股份,2285,2017-01-10,2026-06-11,False,False,0,0.0,33,15,0.02100656455142232
002841.SZ,视源股份,2278,2017-01-19,2026-06-11,False,False,0,0.0,20,4,0.010535557506584723
002842.SZ,翔鹭钨业,2274,2017-01-19,2026-06-11,False,False,0,0.0,62,18,0.03518029903254178
002843.SZ,泰嘉股份,2277,2017-01-20,2026-06-11,False,False,0,0.0,80,25,0.0461133069828722
002845.SZ,同兴达,2274,2017-01-25,2026-06-11,False,False,0,0.0,69,18,0.03825857519788918
002846.SZ,英联股份,2270,2017-02-07,2026-06-11,False,False,0,0.0,102,35,0.06035242290748899
002847.SZ,盐津铺子,2269,2017-02-08,2026-06-11,False,False,0,0.0,50,22,0.031732040546496254
002848.SZ,*ST高斯,2261,2017-02-13,2026-06-11,True,False,0,0.0,92,34,0.05572755417956656
002849.SZ,威星智能,2262,2017-02-17,2026-06-11,False,False,0,0.0,39,14,0.023430592396109638
002850.SZ,科达利,2253,2017-03-02,2026-06-11,False,False,0,0.0,49,12,0.027075011096316024
002851.SZ,麦格米特,2171,2017-03-06,2026-06-11,False,False,0,0.0,52,16,0.03132197144173192
002852.SZ,道道全,2247,2017-03-10,2026-06-11,False,False,0,0.0,43,15,0.0258121940364931
002853.SZ,皮阿诺,2238,2017-03-10,2026-06-11,False,False,0,0.0,61,23,0.03753351206434316
002855.SZ,捷荣技术,2240,2017-03-21,2026-06-11,False,False,0,0.0,69,26,0.04241071428571429
002856.SZ,美芝股份,2110,2017-03-20,2026-06-11,False,False,0,0.0,56,39,0.045023696682464455
002857.SZ,三晖电气,2165,2017-03-23,2026-06-11,False,False,0,0.0,49,25,0.03418013856812933
002858.SZ,力盛体育,2229,2017-03-24,2026-06-11,False,False,0,0.0,64,32,0.04306864064602961
002859.SZ,洁美科技,2219,2017-04-07,2026-06-11,False,False,0,0.0,17,8,0.011266336187471835
002860.SZ,星帅尔,2219,2017-04-12,2026-06-11,False,False,0,0.0,39,15,0.02433528616493916
002861.SZ,瀛通通讯,2223,2017-04-13,2026-06-11,False,False,0,0.0,67,31,0.044084570400359874
002862.SZ,实丰文化,2227,2017-04-11,2026-06-11,False,False,0,0.0,84,37,0.05433318365514145
002863.SZ,今飞凯达,2222,2017-04-18,2026-06-11,False,False,0,0.0,49,20,0.031053105310531053
002864.SZ,盘龙药业,2072,2017-11-16,2026-06-11,False,False,0,0.0,68,11,0.03812741312741313
002865.SZ,钧达股份,2217,2017-04-25,2026-06-11,False,False,0,0.0,111,29,0.06314839873703203
002866.SZ,传艺科技,2140,2017-04-26,2026-06-11,False,False,0,0.0,77,28,0.04906542056074766
002867.SZ,周大生,2215,2017-04-27,2026-06-11,False,False,0,0.0,15,8,0.01038374717832957
002868.SZ,*ST绿康,2206,2017-05-03,2026-06-11,True,False,0,0.0,76,25,0.04578422484134179
002869.SZ,金溢科技,2204,2017-05-15,2026-06-11,False,False,0,0.0,60,24,0.038112522686025406
002870.SZ,香山股份,2159,2017-05-15,2026-06-11,False,False,0,0.0,54,21,0.03473830477072719
002871.SZ,伟隆股份,2206,2017-05-11,2026-06-11,False,False,0,0.0,60,24,0.038077969174977334
002872.SZ,ST天圣,2138,2017-05-19,2026-06-11,True,False,0,0.0,5,8,0.00608044901777362
002873.SZ,新天药业,2190,2017-05-19,2026-06-11,False,False,0,0.0,56,15,0.032420091324200914
002875.SZ,安奈儿,2188,2017-06-01,2026-06-11,False,False,0,0.0,72,39,0.05073126142595978
002876.SZ,三利谱,2194,2017-05-25,2026-06-11,False,False,0,0.0,29,12,0.018687329079307202
002877.SZ,智能自控,2191,2017-06-05,2026-06-11,False,False,0,0.0,67,22,0.040620721131903244
002878.SZ,元隆雅图,2186,2017-06-06,2026-06-11,False,False,0,0.0,84,32,0.053064958828911254
002879.SZ,长缆科技,2167,2017-07-07,2026-06-11,False,False,0,0.0,30,17,0.02168897092754961
002880.SZ,卫光生物,2139,2017-06-16,2026-06-11,False,False,0,0.0,18,5,0.010752688172043012
002881.SZ,美格智能,2178,2017-06-22,2026-06-11,False,False,0,0.0,79,26,0.048209366391184574
002882.SZ,金龙羽,2161,2017-07-17,2026-06-11,False,False,0,0.0,69,13,0.03794539565016196
002883.SZ,中设股份,2164,2017-06-20,2026-06-11,False,False,0,0.0,51,25,0.03512014787430684
002884.SZ,凌霄泵业,2159,2017-07-11,2026-06-11,False,False,0,0.0,12,10,0.010189902732746642
002885.SZ,京泉华,2172,2017-06-27,2026-06-11,False,False,0,0.0,82,25,0.049263351749539594
002886.SZ,沃特股份,2172,2017-06-27,2026-06-11,False,False,0,0.0,71,21,0.0423572744014733
002887.SZ,绿茵生态,2150,2017-08-01,2026-06-11,False,False,0,0.0,27,13,0.018604651162790697
002888.SZ,惠威科技,2153,2017-07-21,2026-06-11,False,False,0,0.0,88,30,0.0548072457036693
002889.SZ,东方嘉盛,2151,2017-07-31,2026-06-11,False,False,0,0.0,57,20,0.03579730357973036
002890.SZ,弘宇股份,2139,2017-08-02,2026-06-11,False,False,0,0.0,30,20,0.02337540906965872
002891.SZ,中宠股份,2124,2017-08-21,2026-06-11,False,False,0,0.0,23,12,0.01647834274952919
002892.SZ,科力尔,2136,2017-08-17,2026-06-11,False,False,0,0.0,73,31,0.04868913857677903
002893.SZ,京能热力,2110,2017-09-15,2026-06-11,False,False,0,0.0,66,23,0.042180094786729856
002895.SZ,川恒股份,2128,2017-08-25,2026-06-11,False,False,0,0.0,59,20,0.03712406015037594
002896.SZ,中大力德,2128,2017-08-29,2026-06-11,False,False,0,0.0,74,24,0.046052631578947366
002897.SZ,意华股份,2123,2017-09-07,2026-06-11,False,False,0,0.0,77,26,0.04851625058878945
002898.SZ,*ST赛隆,2092,2017-09-12,2026-04-30,True,False,0,0.0,58,29,0.04158699808795411
002899.SZ,英派斯,2115,2017-09-15,2026-06-11,False,False,0,0.0,37,17,0.02553191489361702
002900.SZ,哈三联,2112,2017-09-22,2026-06-11,False,False,0,0.0,69,13,0.038825757575757576
002901.SZ,大博医疗,2112,2017-09-22,2026-06-11,False,False,0,0.0,40,11,0.024147727272727272
002902.SZ,铭普光磁,2097,2017-09-29,2026-06-11,False,False,0,0.0,86,33,0.05674773485932284
002903.SZ,宇环数控,2101,2017-10-13,2026-06-11,False,False,0,0.0,86,25,0.05283198476915754
002905.SZ,金逸影视,2101,2017-10-16,2026-06-11,False,False,0,0.0,63,34,0.0461684911946692
002906.SZ,华阳集团,2102,2017-10-13,2026-06-11,False,False,0,0.0,52,10,0.029495718363463368
002907.SZ,华森制药,2093,2017-10-20,2026-06-11,False,False,0,0.0,91,22,0.053989488772097464
002908.SZ,德生科技,2095,2017-10-20,2026-06-11,False,False,0,0.0,69,29,0.04677804295942721
002909.SZ,集泰股份,2091,2017-10-26,2026-06-11,False,False,0,0.0,58,20,0.03730272596843615
002910.SZ,庄园牧场,2088,2017-10-31,2026-06-11,False,False,0,0.0,50,34,0.040229885057471264
002911.SZ,佛燃能源,2074,2017-11-22,2026-06-11,False,False,0,0.0,33,15,0.023143683702989394
002912.SZ,中新赛克,2075,2017-11-21,2026-06-11,False,False,0,0.0,43,20,0.030361445783132532
002913.SZ,奥士康,2067,2017-12-01,2026-06-11,False,False,0,0.0,37,9,0.022254475084663765
002915.SZ,中欣氟材,2060,2017-12-05,2026-06-11,False,False,0,0.0,88,31,0.05776699029126214
002916.SZ,深南电路,2057,2017-12-13,2026-06-11,False,False,0,0.0,45,15,0.02916869227029655
002917.SZ,金奥博,2052,2017-12-08,2026-06-11,False,False,0,0.0,56,20,0.037037037037037035
002918.SZ,蒙娜丽莎,2055,2017-12-19,2026-06-11,False,False,0,0.0,36,17,0.02579075425790754
002919.SZ,名臣健康,2054,2017-12-18,2026-06-11,False,False,0,0.0,66,33,0.048198636806231744
002920.SZ,德赛西威,2050,2017-12-26,2026-06-11,False,False,0,0.0,33,14,0.022926829268292682
002921.SZ,联诚精密,2049,2017-12-27,2026-06-11,False,False,0,0.0,47,21,0.03318692044899951
002922.SZ,伊戈尔,2045,2017-12-29,2026-06-11,False,False,0,0.0,66,25,0.04449877750611247
002923.SZ,润都股份,2043,2018-01-05,2026-06-11,False,False,0,0.0,54,20,0.03622124326970142
002925.SZ,盈趣科技,2035,2018-01-15,2026-06-11,False,False,0,0.0,31,9,0.019656019656019656
002926.SZ,华西证券,2022,2018-02-05,2026-06-11,False,False,0,0.0,15,8,0.011374876360039565
002927.SZ,泰永长征,2011,2018-02-23,2026-06-11,False,False,0,0.0,76,26,0.05072103431128792
002928.SZ,华夏航空,2008,2018-03-02,2026-06-11,False,False,0,0.0,21,13,0.01693227091633466
002929.SZ,润建股份,2009,2018-03-01,2026-06-11,False,False,0,0.0,34,15,0.024390243902439025
002930.SZ,宏川智慧,1981,2018-03-28,2026-06-11,False,False,0,0.0,44,14,0.0292781423523473
002931.SZ,锋龙股份,1962,2018-04-03,2026-06-11,False,False,0,0.0,91,27,0.060142711518858305
002932.SZ,明德生物,1920,2018-07-10,2026-06-11,False,False,0,0.0,59,17,0.03958333333333333
002933.SZ,新兴装备,1883,2018-08-28,2026-06-11,False,False,0,0.0,36,14,0.026553372278279343
002935.SZ,天奥电子,1882,2018-09-03,2026-06-11,False,False,0,0.0,34,14,0.025504782146652496
002936.SZ,郑州银行,1870,2018-09-19,2026-06-11,False,False,0,0.0,10,4,0.0074866310160427805
002937.SZ,兴瑞科技,1866,2018-09-26,2026-06-11,False,False,0,0.0,35,10,0.024115755627009645
002938.SZ,鹏鼎控股,1871,2018-09-18,2026-06-11,False,False,0,0.0,32,10,0.02244788882950294
002939.SZ,长城证券,1849,2018-10-26,2026-06-11,False,False,0,0.0,30,6,0.019469983775013522
002940.SZ,昂利康,1842,2018-10-23,2026-06-11,False,False,0,0.0,51,11,0.033659066232356136
002941.SZ,新疆交建,1826,2018-11-28,2026-06-11,False,False,0,0.0,56,16,0.03943044906900329
002942.SZ,新农股份,1821,2018-12-05,2026-06-11,False,False,0,0.0,31,12,0.023613399231191653
002943.SZ,宇晶股份,1810,2018-11-29,2026-06-11,False,False,0,0.0,86,29,0.06353591160220995
002945.SZ,华林证券,1792,2019-01-17,2026-06-11,False,False,0,0.0,44,14,0.03236607142857143
002946.SZ,新乳业,1786,2019-01-25,2026-06-11,False,False,0,0.0,36,8,0.02463605823068309
002947.SZ,恒铭达,1781,2019-02-01,2026-06-11,False,False,0,0.0,35,16,0.028635597978663673
002948.SZ,青岛银行,1787,2019-01-16,2026-06-11,False,False,0,0.0,12,2,0.00783435926133184
002949.SZ,华阳国际,1769,2019-02-26,2026-06-11,False,False,0,0.0,43,8,0.02882984737139627
002950.SZ,奥美医疗,1760,2019-03-11,2026-06-11,False,False,0,0.0,41,12,0.030113636363636363
002951.SZ,金时科技,1753,2019-03-15,2026-06-11,False,False,0,0.0,68,21,0.050770108385624645
002952.SZ,亚世光电,1747,2019-03-28,2026-06-11,False,False,0,0.0,77,28,0.06010303377218088
002953.SZ,日丰股份,1721,2019-05-09,2026-06-11,False,False,0,0.0,54,20,0.04299825682742592
002955.SZ,鸿合科技,1707,2019-05-23,2026-06-11,False,False,0,0.0,26,15,0.02401874633860574
002956.SZ,西麦食品,1693,2019-06-19,2026-06-11,False,False,0,0.0,23,10,0.019492025989367986
002957.SZ,科瑞技术,1666,2019-07-26,2026-06-11,False,False,0,0.0,52,10,0.03721488595438175
002958.SZ,青农商行,1749,2019-03-26,2026-06-11,False,False,0,0.0,14,1,0.008576329331046312
002959.SZ,小熊电器,1646,2019-08-23,2026-06-11,False,False,0,0.0,26,7,0.020048602673147023
002960.SZ,青鸟消防,1656,2019-08-09,2026-06-11,False,False,0,0.0,27,10,0.022342995169082124
002961.SZ,瑞达期货,1637,2019-09-05,2026-06-11,False,False,0,0.0,50,11,0.03726328649969456
002962.SZ,五方光电,1630,2019-09-17,2026-06-11,False,False,0,0.0,48,20,0.04171779141104295
002963.SZ,豪尔赛,1606,2019-10-28,2026-06-11,False,False,0,0.0,23,18,0.025529265255292654
002965.SZ,祥鑫科技,1607,2019-10-25,2026-06-11,False,False,0,0.0,48,18,0.04107031736154325
002966.SZ,苏州银行,1661,2019-08-02,2026-06-11,False,False,0,0.0,5,2,0.004214328717639976
002967.SZ,广电计量,1597,2019-11-08,2026-06-11,False,False,0,0.0,26,5,0.019411396368190358
002968.SZ,新大正,1570,2019-12-03,2026-06-11,False,False,0,0.0,29,8,0.02356687898089172
002969.SZ,嘉美包装,1564,2019-12-02,2026-06-11,False,False,0,0.0,50,19,0.04411764705882353
002970.SZ,锐明技术,1570,2019-12-17,2026-06-11,False,False,0,0.0,49,16,0.041401273885350316
002971.SZ,和远气体,1552,2020-01-13,2026-06-11,False,False,0,0.0,34,4,0.024484536082474227
002972.SZ,科安达,1562,2019-12-27,2026-06-11,False,False,0,0.0,18,11,0.01856594110115237
002973.SZ,侨银股份,1557,2020-01-06,2026-06-11,False,False,0,0.0,32,8,0.02569043031470777
002975.SZ,博杰股份,1541,2020-02-05,2026-06-11,False,False,0,0.0,59,18,0.0499675535366645
002976.SZ,瑞玛精密,1519,2020-03-06,2026-06-11,False,False,0,0.0,59,19,0.051349572086899276
002977.SZ,天箭科技,1511,2020-03-17,2026-06-11,False,False,0,0.0,45,13,0.03838517538054269
002978.SZ,安宁股份,1490,2020-04-17,2026-06-11,False,False,0,0.0,9,5,0.009395973154362415
002979.SZ,雷赛智能,1497,2020-04-08,2026-06-11,False,False,0,0.0,37,7,0.029392117568470273
002980.SZ,华盛昌,1492,2020-04-15,2026-06-11,False,False,0,0.0,67,14,0.054289544235924934
002981.SZ,朝阳科技,1490,2020-04-17,2026-06-11,False,False,0,0.0,43,17,0.040268456375838924
002982.SZ,湘佳股份,1485,2020-04-24,2026-06-11,False,False,0,0.0,29,9,0.02558922558922559
002983.SZ,芯瑞达,1483,2020-04-28,2026-06-11,False,False,0,0.0,35,7,0.028320971004720162
002984.SZ,森麒麟,1390,2020-09-11,2026-06-11,False,False,0,0.0,3,2,0.0035971223021582736
002985.SZ,北摩高科,1482,2020-04-29,2026-06-11,False,False,0,0.0,29,10,0.02631578947368421
002986.SZ,宇新股份,1461,2020-06-02,2026-06-11,False,False,0,0.0,11,5,0.010951403148528405
002987.SZ,京北方,1479,2020-05-07,2026-06-11,False,False,0,0.0,45,9,0.036511156186612576
002988.SZ,豪美新材,1472,2020-05-18,2026-06-11,False,False,0,0.0,35,9,0.029891304347826088
002989.SZ,中天精装,1453,2020-06-10,2026-06-11,False,False,0,0.0,45,11,0.038540949759119064
002990.SZ,盛视科技,1467,2020-05-25,2026-06-11,False,False,0,0.0,42,10,0.0354464894342195
002991.SZ,甘源食品,1420,2020-07-31,2026-06-11,False,False,0,0.0,24,1,0.017605633802816902
002992.SZ,宝明科技,1419,2020-08-03,2026-06-11,False,False,0,0.0,53,10,0.04439746300211417
002993.SZ,奥海科技,1409,2020-08-17,2026-06-11,False,False,0,0.0,41,7,0.034066713981547196
002995.SZ,天地在线,1408,2020-08-05,2026-06-11,False,False,0,0.0,82,25,0.07599431818181818
002996.SZ,顺博合金,1400,2020-08-28,2026-06-11,False,False,0,0.0,38,16,0.03857142857142857
002997.SZ,瑞鹄模具,1396,2020-09-03,2026-06-11,False,False,0,0.0,36,12,0.034383954154727794
002998.SZ,优彩资源,1380,2020-09-25,2026-06-11,False,False,0,0.0,20,9,0.021014492753623187
002999.SZ,天禾股份,1396,2020-09-03,2026-06-11,False,False,0,0.0,35,7,0.03008595988538682
003000.SZ,劲仔食品,1389,2020-09-14,2026-06-11,False,False,0,0.0,27,4,0.022318214542836574
003001.SZ,中岩大地,1374,2020-10-13,2026-06-11,False,False,0,0.0,39,13,0.03784570596797671
003002.SZ,壶化股份,1383,2020-09-22,2026-06-11,False,False,0,0.0,32,10,0.03036876355748373
003003.SZ,天元股份,1384,2020-09-21,2026-06-11,False,False,0,0.0,34,14,0.03468208092485549
003004.SZ,*ST声迅,1340,2020-11-26,2026-06-11,True,False,0,0.0,43,15,0.04328358208955224
003005.SZ,竞业达,1378,2020-09-22,2026-06-11,False,False,0,0.0,54,17,0.05152394775036284
003006.SZ,百亚股份,1384,2020-09-21,2026-06-11,False,False,0,0.0,23,4,0.019508670520231215
003007.SZ,直真科技,1382,2020-09-23,2026-06-11,False,False,0,0.0,65,24,0.06439942112879884
003008.SZ,开普检测,1382,2020-09-23,2026-06-11,False,False,0,0.0,18,9,0.019536903039073805
003009.SZ,中天火箭,1380,2020-09-25,2026-06-11,False,False,0,0.0,45,7,0.03768115942028986
003010.SZ,若羽臣,1380,2020-09-25,2026-06-11,False,False,0,0.0,58,17,0.05434782608695652
003011.SZ,海象新材,1377,2020-09-30,2026-06-11,False,False,0,0.0,14,11,0.01815541031227306
003012.SZ,东鹏控股,1370,2020-10-19,2026-06-11,False,False,0,0.0,11,1,0.008759124087591242
003013.SZ,地铁设计,1357,2020-10-22,2026-06-11,False,False,0,0.0,15,2,0.012527634487840826
003015.SZ,日久光电,1368,2020-10-21,2026-06-11,False,False,0,0.0,44,18,0.04532163742690058
003016.SZ,欣贺股份,1365,2020-10-26,2026-06-11,False,False,0,0.0,32,13,0.03296703296703297
003017.SZ,大洋生物,1365,2020-10-26,2026-06-11,False,False,0,0.0,19,6,0.018315018315018316
003018.SZ,金富科技,1356,2020-11-06,2026-06-11,False,False,0,0.0,40,14,0.03982300884955752
003019.SZ,宸展光电,1349,2020-11-17,2026-06-11,False,False,0,0.0,17,6,0.01704966641957005
003020.SZ,立方制药,1329,2020-12-15,2026-06-11,False,False,0,0.0,27,11,0.028592927012791574
003021.SZ,兆威机电,1336,2020-12-04,2026-06-11,False,False,0,0.0,52,15,0.050149700598802395
003022.SZ,联泓新科,1334,2020-12-08,2026-06-11,False,False,0,0.0,45,12,0.04272863568215892
003023.SZ,彩虹集团,1331,2020-12-11,2026-06-11,False,False,0,0.0,22,8,0.022539444027047332
003025.SZ,思进智能,1331,2020-12-11,2026-06-11,False,False,0,0.0,22,12,0.025544703230653644
003026.SZ,中晶科技,1326,2020-12-18,2026-06-11,False,False,0,0.0,54,13,0.05052790346907994
003027.SZ,同兴科技,1326,2020-12-18,2026-06-11,False,False,0,0.0,44,21,0.049019607843137254
003028.SZ,振邦智能,1320,2020-12-28,2026-06-11,False,False,0,0.0,31,11,0.031818181818181815
003029.SZ,吉大正元,1322,2020-12-24,2026-06-11,False,False,0,0.0,63,16,0.059757942511346446
003030.SZ,祖名股份,1314,2021-01-06,2026-06-11,False,False,0,0.0,32,9,0.03120243531202435
003031.SZ,中瓷电子,1306,2021-01-04,2026-06-11,False,False,0,0.0,48,10,0.0444104134762634
003032.SZ,*ST传智,1308,2021-01-12,2026-06-11,True,False,0,0.0,60,12,0.05504587155963303
003033.SZ,征和工业,1311,2021-01-11,2026-06-11,False,False,0,0.0,37,5,0.032036613272311214
003035.SZ,南网能源,1305,2021-01-19,2026-06-11,False,False,0,0.0,41,1,0.03218390804597701
003036.SZ,泰坦股份,1298,2021-01-28,2026-06-11,False,False,0,0.0,58,19,0.059322033898305086
003037.SZ,三和管桩,1293,2021-02-04,2026-06-11,False,False,0,0.0,41,7,0.037122969837587005
003038.SZ,鑫铂股份,1289,2021-02-10,2026-06-11,False,False,0,0.0,51,11,0.04809930178432894
003039.SZ,顺控发展,1271,2021-03-08,2026-06-11,False,False,0,0.0,47,7,0.042486231313926044
003040.SZ,楚天龙,1266,2021-03-22,2026-06-11,False,False,0,0.0,65,15,0.0631911532385466
003041.SZ,真爱美家,1247,2021-04-06,2026-06-11,False,False,0,0.0,43,13,0.04490777866880513
003042.SZ,中农联合,1256,2021-04-06,2026-06-11,False,False,0,0.0,55,13,0.054140127388535034
003043.SZ,华亚智能,1251,2021-04-06,2026-06-11,False,False,0,0.0,48,14,0.0495603517186251
003816.SZ,中国广核,1645,2019-08-26,2026-06-11,False,False,0,0.0,3,1,0.0024316109422492403
300001.SZ,特锐德,3897,2010-01-04,2026-06-11,False,False,0,0.0,62,34,0.024634334103156273
300002.SZ,神州泰岳,3872,2010-01-04,2026-06-11,False,False,0,0.0,59,53,0.028925619834710745
300003.SZ,乐普医疗,3869,2010-01-04,2026-06-11,False,False,0,0.0,25,19,0.011372447660894288
300004.SZ,南风股份,3816,2010-01-04,2026-06-11,False,False,0,0.0,58,54,0.029350104821802937
300005.SZ,探路者,3905,2010-01-04,2026-06-11,False,False,0,0.0,44,43,0.022279129321382842
300006.SZ,莱美药业,3856,2010-01-04,2026-06-11,False,False,0,0.0,34,38,0.01867219917012448
300007.SZ,汉威科技,3860,2010-01-04,2026-06-11,False,False,0,0.0,65,35,0.025906735751295335
300008.SZ,天海防务,3803,2010-01-04,2026-06-11,False,False,0,0.0,73,32,0.027609781751249014
300009.SZ,安科生物,3849,2010-01-04,2026-06-11,False,False,0,0.0,35,34,0.017926734216679657
300010.SZ,豆神教育,3647,2010-01-04,2026-06-11,False,False,0,0.0,97,52,0.040855497669317245
300011.SZ,鼎汉技术,3804,2010-01-04,2026-06-11,False,False,0,0.0,53,42,0.024973711882229233
300012.SZ,华测检测,3892,2010-01-04,2026-06-11,False,False,0,0.0,25,24,0.012589928057553957
300013.SZ,新宁物流,3806,2010-01-04,2026-06-11,False,False,0,0.0,68,45,0.029689963215974776
300014.SZ,亿纬锂能,3928,2010-01-04,2026-06-11,False,False,0,0.0,70,46,0.029531568228105907
300015.SZ,爱尔眼科,3966,2010-01-04,2026-06-11,False,False,0,0.0,20,24,0.011094301563287948
300016.SZ,北陆药业,3899,2010-01-04,2026-06-11,False,False,0,0.0,49,42,0.02333931777378815
300017.SZ,网宿科技,3936,2010-01-04,2026-06-11,False,False,0,0.0,65,37,0.025914634146341462
300018.SZ,中元股份,3894,2010-01-04,2026-06-11,False,False,0,0.0,94,56,0.03852080123266564
300019.SZ,硅宝科技,3908,2010-01-04,2026-06-11,False,False,0,0.0,71,35,0.02712384851586489
300020.SZ,ST银江,3810,2010-01-04,2026-06-11,True,False,0,0.0,47,53,0.026246719160104987
300021.SZ,大禹节水,3954,2010-01-04,2026-06-11,False,False,0,0.0,46,27,0.018462316641375823
300022.SZ,吉峰科技,3789,2010-01-04,2026-06-11,False,False,0,0.0,67,45,0.02955925046186329
300024.SZ,机器人,3980,2010-01-04,2026-06-11,False,False,0,0.0,50,32,0.020603015075376884
300025.SZ,华星创业,3573,2010-01-04,2026-06-11,False,False,0,0.0,62,58,0.033585222502099076
300026.SZ,红日药业,3867,2010-01-04,2026-06-11,False,False,0,0.0,34,27,0.015774502198086373
300027.SZ,华谊兄弟,3794,2010-01-04,2026-06-11,False,False,0,0.0,39,35,0.019504480759093307
300029.SZ,*ST天龙,3836,2010-01-04,2026-04-29,True,False,0,0.0,80,63,0.037278415015641296
300030.SZ,阳普医疗,3794,2010-01-04,2026-06-11,False,False,0,0.0,57,38,0.02503953610964681
300031.SZ,宝通科技,3852,2010-01-04,2026-06-11,False,False,0,0.0,42,31,0.018951194184839044
300032.SZ,金龙机电,3761,2010-01-04,2026-06-11,False,False,0,0.0,63,44,0.028449880350970486
300033.SZ,同花顺,3970,2010-01-04,2026-06-11,False,False,0,0.0,123,45,0.04231738035264484
300034.SZ,钢研高纳,3893,2010-01-05,2026-06-11,False,False,0,0.0,37,41,0.020035961983046493
300035.SZ,中科电气,3853,2010-01-04,2026-06-11,False,False,0,0.0,60,35,0.024656112120425643
300036.SZ,超图软件,3907,2010-01-04,2026-06-11,False,False,0,0.0,57,45,0.026106987458407987
300037.SZ,新宙邦,3897,2010-01-08,2026-06-11,False,False,0,0.0,49,39,0.02258147292789325
300039.SZ,上海凯宝,3977,2010-01-08,2026-06-11,False,False,0,0.0,34,34,0.017098315313050037
300040.SZ,九洲集团,3748,2010-01-08,2026-06-11,False,False,0,0.0,69,38,0.028548559231590182
300041.SZ,回天新材,3932,2010-01-08,2026-06-11,False,False,0,0.0,37,37,0.018819938962360123
300042.SZ,朗科科技,3956,2010-01-08,2026-06-11,False,False,0,0.0,83,46,0.03260869565217391
300043.SZ,星辉娱乐,3637,2010-01-20,2026-06-11,False,False,0,0.0,79,41,0.03299422601044817
300044.SZ,ST赛为,3771,2010-01-20,2026-06-11,True,False,0,0.0,97,67,0.04348979050649695
300045.SZ,华力创通,3924,2010-01-20,2026-06-11,False,False,0,0.0,66,51,0.02981651376146789
300046.SZ,台基股份,3827,2010-01-20,2026-06-11,False,False,0,0.0,83,51,0.03501437157042069
300047.SZ,天源迪科,3771,2010-01-20,2026-06-11,False,False,0,0.0,52,47,0.026252983293556086
300048.SZ,合康新能,3894,2010-01-20,2026-06-11,False,False,0,0.0,44,32,0.019517205957883924
300049.SZ,福瑞股份,3740,2010-01-20,2026-06-11,False,False,0,0.0,67,43,0.029411764705882353
300050.SZ,世纪鼎利,3830,2010-01-20,2026-06-11,False,False,0,0.0,59,58,0.030548302872062665
300051.SZ,琏升科技,3717,2010-02-11,2026-06-11,False,False,0,0.0,98,61,0.042776432606941084
300052.SZ,ST中青宝,3745,2010-02-11,2026-06-11,True,False,0,0.0,94,60,0.041121495327102804
300053.SZ,航宇微,3787,2010-02-11,2026-06-11,False,False,0,0.0,74,52,0.033271719038817
300054.SZ,鼎龙股份,3828,2010-02-11,2026-06-11,False,False,0,0.0,37,32,0.018025078369905956
300055.SZ,万邦达,3885,2010-02-26,2026-06-11,False,False,0,0.0,50,43,0.023938223938223938
300056.SZ,中创环保,3637,2010-02-26,2026-06-11,False,False,0,0.0,78,39,0.032169370360186966
300057.SZ,万顺新材,3754,2010-02-26,2026-06-11,False,False,0,0.0,33,31,0.017048481619605753
300058.SZ,蓝色光标,3748,2010-02-26,2026-06-11,False,False,0,0.0,59,37,0.025613660618996798
300059.SZ,东方财富,3876,2010-03-19,2026-06-11,False,False,0,0.0,79,49,0.033023735810113516
300061.SZ,旗天科技,3777,2010-03-19,2026-06-11,False,False,0,0.0,107,60,0.04421498543817845
300062.SZ,中能电气,3789,2010-03-19,2026-06-11,False,False,0,0.0,67,38,0.027711797307996833
300063.SZ,天龙集团,3654,2010-03-26,2026-06-11,False,False,0,0.0,112,39,0.04132457580733443
300065.SZ,海兰信,3700,2010-03-26,2026-06-11,False,False,0,0.0,79,49,0.034594594594594595
300066.SZ,三川智慧,3884,2010-03-26,2026-06-11,False,False,0,0.0,57,32,0.022914521112255407
300067.SZ,安诺其,3812,2010-04-21,2026-06-11,False,False,0,0.0,75,45,0.03147953830010493
300068.SZ,南都电源,3818,2010-04-21,2026-06-11,False,False,0,0.0,45,40,0.022262964903090623
300069.SZ,金利华电,3778,2010-04-21,2026-06-11,False,False,0,0.0,72,55,0.033615669666490204
300070.SZ,碧水源,3829,2010-04-21,2026-06-11,False,False,0,0.0,21,20,0.010707756594411073
300071.SZ,福石控股,3351,2010-04-21,2026-06-11,False,False,0,0.0,101,51,0.0453595941509997
300072.SZ,海新能科,3846,2010-04-27,2026-06-11,False,False,0,0.0,33,31,0.016640665626625067
300073.SZ,当升科技,3794,2010-04-27,2026-06-11,False,False,0,0.0,73,36,0.028729573010015816
300074.SZ,华平股份,3840,2010-04-27,2026-06-11,False,False,0,0.0,68,57,0.032552083333333336
300075.SZ,数字政通,3820,2010-04-27,2026-06-11,False,False,0,0.0,59,51,0.028795811518324606
300076.SZ,GQY视讯,3776,2010-04-30,2026-06-11,False,False,0,0.0,70,46,0.03072033898305085
300077.SZ,国民技术,3829,2010-04-30,2026-06-11,False,False,0,0.0,70,51,0.03160094019326195
300078.SZ,思创医惠,3824,2010-04-30,2026-06-11,False,False,0,0.0,77,48,0.03268828451882845
300079.SZ,数码视讯,3883,2010-04-30,2026-06-11,False,False,0,0.0,53,46,0.025495750708215296
300080.SZ,易成新能,3519,2010-06-25,2026-06-11,False,False,0,0.0,56,36,0.026143790849673203
300081.SZ,恒信东方,3696,2010-05-20,2026-06-11,False,False,0,0.0,99,63,0.04383116883116883
300082.SZ,奥克股份,3875,2010-05-20,2026-06-11,False,False,0,0.0,41,39,0.02064516129032258
300083.SZ,创世纪,3766,2010-05-20,2026-06-11,False,False,0,0.0,55,37,0.024429102496016993
300084.SZ,海默科技,3775,2010-05-20,2026-06-11,False,False,0,0.0,67,43,0.02913907284768212
300085.SZ,银之杰,3680,2010-05-26,2026-06-11,False,False,0,0.0,139,69,0.05652173913043478
300086.SZ,康芝药业,3711,2010-05-26,2026-06-11,False,False,0,0.0,68,56,0.033414174077068176
300087.SZ,荃银高科,3647,2010-05-26,2026-06-11,False,False,0,0.0,48,33,0.02221003564573622
300088.SZ,长信科技,3438,2010-05-26,2026-06-11,False,False,0,0.0,57,39,0.027923211169284468
300091.SZ,金通灵,3782,2010-06-25,2026-06-11,False,False,0,0.0,43,40,0.021946060285563194
300092.SZ,科新机电,3702,2010-07-08,2026-06-11,False,False,0,0.0,64,40,0.028092922744462453
300093.SZ,*ST金刚,3603,2010-07-08,2026-06-10,True,False,0,0.0,77,45,0.03386067166250347
300094.SZ,国联水产,3754,2010-07-08,2026-06-11,False,False,0,0.0,40,31,0.018913159296750134
300095.SZ,华伍股份,3777,2010-07-28,2026-06-11,False,False,0,0.0,55,31,0.022769393698702674
300096.SZ,ST易联众,3720,2010-07-28,2026-06-11,True,False,0,0.0,59,39,0.026344086021505377
300097.SZ,ST智云,3748,2010-07-28,2026-06-11,True,False,0,0.0,92,58,0.040021344717182494
300098.SZ,高新兴,3635,2010-07-28,2026-06-11,False,False,0,0.0,55,48,0.028335625859697386
300099.SZ,尤洛卡,3671,2010-08-06,2026-06-11,False,False,0,0.0,67,32,0.026968128575320077
300100.SZ,双林股份,3576,2010-08-06,2026-06-11,False,False,0,0.0,84,41,0.03495525727069351
300101.SZ,振芯科技,3762,2010-08-06,2026-06-11,False,False,0,0.0,50,51,0.02684742158426369
300102.SZ,乾照光电,3749,2010-08-12,2026-06-11,False,False,0,0.0,76,41,0.03120832221925847
300103.SZ,达刚控股,3743,2010-08-12,2026-06-11,False,False,0,0.0,73,55,0.03419716804702111
300105.SZ,龙源技术,3833,2010-08-20,2026-06-11,False,False,0,0.0,41,31,0.018784242108009393
300106.SZ,西部牧业,3774,2010-08-20,2026-06-11,False,False,0,0.0,61,45,0.028086910439851617
300107.SZ,建新股份,3830,2010-08-20,2026-06-11,False,False,0,0.0,71,45,0.030287206266318537
300109.SZ,新开源,3479,2010-08-25,2026-06-11,False,False,0,0.0,84,48,0.03794193733831561
300110.SZ,华仁药业,3595,2010-08-25,2026-06-11,False,False,0,0.0,44,36,0.022253129346314324
300111.SZ,向日葵,3614,2010-08-27,2026-06-11,False,False,0,0.0,62,32,0.026009961261759824
300112.SZ,万讯自控,3642,2010-08-27,2026-06-11,False,False,0,0.0,47,26,0.020043931905546403
300113.SZ,顺网科技,3686,2010-08-27,2026-06-11,False,False,0,0.0,84,50,0.0363537710255019
300115.SZ,长盈精密,3792,2010-09-02,2026-06-11,False,False,0,0.0,41,32,0.019251054852320676
300118.SZ,东方日升,3674,2010-09-02,2026-06-11,False,False,0,0.0,70,43,0.030756668481219378
300119.SZ,瑞普生物,3773,2010-09-17,2026-06-11,False,False,0,0.0,44,30,0.019613040021203287
300120.SZ,经纬辉开,3698,2010-09-17,2026-06-11,False,False,0,0.0,75,49,0.0335316387236344
300121.SZ,阳谷华泰,3767,2010-09-17,2026-06-11,False,False,0,0.0,41,36,0.020440668967348023
300122.SZ,智飞生物,3736,2010-09-28,2026-06-11,False,False,0,0.0,37,36,0.019539614561027836
300123.SZ,亚光科技,3552,2010-09-28,2026-06-11,False,False,0,0.0,57,28,0.02393018018018018
300124.SZ,汇川技术,3791,2010-09-28,2026-06-11,False,False,0,0.0,26,23,0.01292534951200211
300125.SZ,*ST聆达,3664,2010-10-13,2026-06-11,True,False,0,0.0,65,60,0.03411572052401747
300126.SZ,锐奇股份,3684,2010-10-13,2026-06-11,False,False,0,0.0,55,50,0.028501628664495113
300127.SZ,银河磁体,3793,2010-10-13,2026-06-11,False,False,0,0.0,69,36,0.027682573161086212
300128.SZ,锦富技术,3635,2010-10-13,2026-06-11,False,False,0,0.0,60,47,0.029436038514442917
300129.SZ,泰胜风能,3755,2010-10-19,2026-06-11,False,False,0,0.0,46,27,0.01944074567243675
300130.SZ,新国都,3671,2010-10-19,2026-06-11,False,False,0,0.0,78,55,0.036229910106238085
300131.SZ,英唐智控,3418,2010-10-19,2026-06-11,False,False,0,0.0,76,48,0.03627852545348157
300132.SZ,青松股份,3681,2010-10-26,2026-06-11,False,False,0,0.0,40,22,0.016843249117087747
300133.SZ,华策影视,3670,2010-10-26,2026-06-11,False,False,0,0.0,47,38,0.02316076294277929
300134.SZ,大富科技,3414,2010-10-26,2026-06-11,False,False,0,0.0,78,50,0.03749267721148213
300135.SZ,宝利国际,3650,2010-10-26,2026-06-11,False,False,0,0.0,43,32,0.02054794520547945
300136.SZ,信维通信,3715,2010-11-05,2026-06-11,False,False,0,0.0,59,49,0.029071332436069987
300137.SZ,ST先河,3721,2010-11-05,2026-06-11,True,False,0,0.0,43,44,0.023380811609782316
300138.SZ,晨光生物,3757,2010-11-05,2026-06-11,False,False,0,0.0,21,25,0.01224381155177003
300139.SZ,晓程科技,3769,2010-11-12,2026-06-11,False,False,0,0.0,86,44,0.034491907667816395
300140.SZ,节能环境,3562,2010-11-12,2026-06-11,False,False,0,0.0,78,56,0.037619314991577765
300141.SZ,和顺电气,3680,2010-11-12,2026-06-11,False,False,0,0.0,95,50,0.03940217391304348
300142.SZ,沃森生物,3508,2010-11-12,2026-06-11,False,False,0,0.0,22,22,0.012542759407069556
300143.SZ,盈康生命,3354,2010-12-09,2026-06-11,False,False,0,0.0,60,28,0.02623732856290996
300144.SZ,宋城演艺,3673,2010-12-09,2026-06-11,False,False,0,0.0,27,18,0.012251565477811054
300145.SZ,南方泵业,3611,2010-12-09,2026-06-11,False,False,0,0.0,26,28,0.014954306286347273
300146.SZ,汤臣倍健,3589,2010-12-15,2026-06-11,False,False,0,0.0,21,24,0.012538311507383673
300147.SZ,ST香雪,3737,2010-12-15,2026-06-11,True,False,0,0.0,62,39,0.02702702702702703
300148.SZ,天舟文化,3453,2010-12-15,2026-06-11,False,False,0,0.0,84,49,0.038517231392991604
300149.SZ,睿智医药,3341,2010-12-22,2026-06-11,False,False,0,0.0,56,33,0.02663873091888656
300150.SZ,世纪瑞尔,3563,2010-12-22,2026-06-11,False,False,0,0.0,36,28,0.01796239124333427
300151.SZ,昌红科技,3659,2010-12-22,2026-06-11,False,False,0,0.0,70,42,0.030609456135556164
300152.SZ,ST新动力,3549,2010-12-29,2026-06-11,True,False,0,0.0,101,71,0.04846435615666385
300153.SZ,科泰电源,3624,2010-12-29,2026-06-11,False,False,0,0.0,105,46,0.041666666666666664
300154.SZ,瑞凌股份,3718,2010-12-29,2026-06-11,False,False,0,0.0,43,28,0.019096288327057558
300155.SZ,安居宝,3712,2011-01-07,2026-06-11,False,False,0,0.0,85,60,0.0390625
300157.SZ,新锦动力,3495,2011-01-07,2026-06-11,False,False,0,0.0,72,46,0.03376251788268956
300158.SZ,振东制药,3603,2011-01-07,2026-06-11,False,False,0,0.0,37,21,0.016097696364140993
300159.SZ,*ST新研,3584,2011-01-07,2026-06-11,True,False,0,0.0,75,53,0.03571428571428571
300160.SZ,秀强股份,3667,2011-01-13,2026-06-11,False,False,0,0.0,71,48,0.032451595309517314
300161.SZ,华中数控,3526,2011-01-13,2026-06-11,False,False,0,0.0,54,24,0.02212138400453772
300162.SZ,雷曼光电,3580,2011-01-13,2026-06-11,False,False,0,0.0,92,53,0.040502793296089384
300163.SZ,先锋新材,3321,2011-01-13,2026-06-11,False,False,0,0.0,59,39,0.029509183980728697
300164.SZ,通源石油,3433,2011-01-13,2026-06-11,False,False,0,0.0,45,37,0.023885814156714244
300165.SZ,ST天瑞,3519,2011-01-25,2026-06-11,True,False,0,0.0,80,53,0.037794828076158
300166.SZ,东方国信,3505,2011-01-25,2026-06-11,False,False,0,0.0,71,54,0.03566333808844508
300167.SZ,ST迪威迅,3645,2011-01-25,2026-06-11,True,False,0,0.0,89,71,0.0438957475994513
300168.SZ,万达信息,3502,2011-01-25,2026-06-11,False,False,0,0.0,66,49,0.03283837806967447
300169.SZ,天晟新材,3458,2011-01-25,2026-06-11,False,False,0,0.0,60,39,0.028629265471370735
300170.SZ,汉得信息,3657,2011-02-01,2026-06-11,False,False,0,0.0,68,58,0.034454470877768664
300171.SZ,东富龙,3719,2011-02-01,2026-06-11,False,False,0,0.0,48,34,0.022048937886528636
300172.SZ,中电环保,3723,2011-02-01,2026-06-11,False,False,0,0.0,47,35,0.0220252484555466
300173.SZ,福能东方,3406,2011-02-01,2026-06-11,False,False,0,0.0,86,56,0.04169113329418673
300174.SZ,元力股份,3671,2011-02-01,2026-06-11,False,False,0,0.0,54,36,0.02451648052301825
300175.SZ,ST朗源,3685,2011-02-15,2026-06-11,True,False,0,0.0,87,53,0.037991858887381276
300176.SZ,鸿特科技,3581,2011-02-15,2026-06-11,False,False,0,0.0,62,58,0.03351019268360793
300177.SZ,中海达,3637,2011-02-15,2026-06-11,False,False,0,0.0,51,37,0.024195765740995325
300179.SZ,四方达,3560,2011-02-15,2026-06-11,False,False,0,0.0,84,42,0.03539325842696629
300180.SZ,华峰超纤,3551,2011-02-22,2026-06-11,False,False,0,0.0,39,26,0.018304702900591382
300181.SZ,佐力药业,3591,2011-02-22,2026-06-11,False,False,0,0.0,47,27,0.020607073238652185
300182.SZ,捷成股份,3561,2011-02-22,2026-06-11,False,False,0,0.0,57,43,0.02808199943836001
300183.SZ,东软载波,3614,2011-02-22,2026-06-11,False,False,0,0.0,45,38,0.022966242390702822
300184.SZ,力源信息,3377,2011-02-22,2026-06-11,False,False,0,0.0,80,35,0.03405389398874741
300185.SZ,通裕重工,3661,2011-03-08,2026-06-11,False,False,0,0.0,47,33,0.02185195301830101
300187.SZ,永清环保,3487,2011-03-08,2026-06-11,False,False,0,0.0,58,39,0.027817608259248637
300188.SZ,国投智能,3599,2011-03-16,2026-06-11,False,False,0,0.0,47,44,0.025284801333703807
300189.SZ,神农种业,3432,2011-03-16,2026-06-11,False,False,0,0.0,65,25,0.026223776223776224
300190.SZ,维尔利,3475,2011-03-16,2026-06-11,False,False,0,0.0,19,25,0.012661870503597123
300191.SZ,潜能恒信,3602,2011-03-16,2026-06-11,False,False,0,0.0,116,52,0.046640755136035536
300192.SZ,科德教育,3388,2011-03-22,2026-06-11,False,False,0,0.0,70,41,0.03276269185360094
300193.SZ,佳士科技,3685,2011-03-22,2026-06-11,False,False,0,0.0,23,27,0.013568521031207599
300194.SZ,福安药业,3500,2011-03-22,2026-06-11,False,False,0,0.0,38,31,0.019714285714285715
300195.SZ,长荣股份,3558,2011-03-29,2026-06-11,False,False,0,0.0,27,31,0.016301292861157952
300196.SZ,长海股份,3534,2011-03-29,2026-06-11,False,False,0,0.0,13,17,0.008488964346349746
300197.SZ,节能铁汉,3371,2011-03-29,2026-06-11,False,False,0,0.0,37,26,0.01868881637496292
300198.SZ,ST纳川,3413,2011-04-07,2026-06-11,True,False,0,0.0,48,43,0.026662760035159685
300199.SZ,翰宇药业,3530,2011-04-07,2026-06-11,False,False,0,0.0,68,50,0.03342776203966006
300200.SZ,高盟新材,3634,2011-04-07,2026-06-11,False,False,0,0.0,45,31,0.020913593835993397
300201.SZ,海伦哲,3328,2011-04-07,2026-06-11,False,False,0,0.0,67,36,0.030949519230769232
300203.SZ,聚光科技,3599,2011-04-15,2026-06-11,False,False,0,0.0,27,23,0.013892747985551542
300204.SZ,舒泰神,3680,2011-04-15,2026-06-11,False,False,0,0.0,79,38,0.03179347826086956
300205.SZ,*ST天喻,3643,2011-04-21,2026-06-11,True,False,0,0.0,73,57,0.03568487510293714
300206.SZ,理邦仪器,3673,2011-04-21,2026-06-11,False,False,0,0.0,42,38,0.021780560849441872
300207.SZ,欣旺达,3624,2011-04-21,2026-06-11,False,False,0,0.0,45,31,0.02097130242825607
300209.SZ,有棵树,3342,2011-04-26,2026-06-11,False,False,0,0.0,101,54,0.046379413524835426
300210.SZ,森远股份,3625,2011-04-26,2026-06-11,False,False,0,0.0,75,46,0.033379310344827585
300211.SZ,*ST亿通,3629,2011-05-05,2026-06-11,True,False,0,0.0,64,63,0.0349958666299256
300212.SZ,易华录,3482,2011-05-05,2026-06-11,False,False,0,0.0,58,51,0.03130384836300976
300213.SZ,佳讯飞鸿,3429,2011-05-05,2026-06-11,False,False,0,0.0,65,43,0.031496062992125984
300214.SZ,日科化学,3615,2011-05-11,2026-06-11,False,False,0,0.0,21,21,0.011618257261410789
300215.SZ,电科院,3628,2011-05-11,2026-06-11,False,False,0,0.0,44,31,0.020672546857772877
300217.SZ,东方电热,3629,2011-05-18,2026-06-11,False,False,0,0.0,56,35,0.025075778451364012
300218.SZ,安利股份,3642,2011-05-18,2026-06-11,False,False,0,0.0,53,30,0.022789676002196595
300219.SZ,鸿利智汇,3432,2011-05-18,2026-06-11,False,False,0,0.0,56,40,0.027972027972027972
300220.SZ,金运激光,3434,2011-05-25,2026-06-11,False,False,0,0.0,86,60,0.0425160163075131
300221.SZ,银禧科技,3573,2011-05-25,2026-06-11,False,False,0,0.0,61,49,0.030786453960257486
300222.SZ,科大智能,3334,2011-05-25,2026-06-11,False,False,0,0.0,71,46,0.035092981403719255
300223.SZ,北京君正,3404,2011-05-31,2026-06-11,False,False,0,0.0,93,56,0.043772032902467686
300224.SZ,正海磁材,3564,2011-05-31,2026-06-11,False,False,0,0.0,59,33,0.025813692480359147
300225.SZ,*ST金泰,3436,2011-05-31,2026-06-11,True,False,0,0.0,65,58,0.03579743888242142
300226.SZ,上海钢联,3531,2011-06-08,2026-06-11,False,False,0,0.0,93,55,0.04191447182101388
300227.SZ,光韵达,3552,2011-06-08,2026-06-11,False,False,0,0.0,48,50,0.02759009009009009
300228.SZ,富瑞特装,3576,2011-06-08,2026-06-11,False,False,0,0.0,46,41,0.024328859060402684
300229.SZ,拓尔思,3486,2011-06-15,2026-06-11,False,False,0,0.0,71,58,0.03700516351118761
300230.SZ,永利股份,3513,2011-06-15,2026-06-11,False,False,0,0.0,50,28,0.02220324508966695
300231.SZ,银信科技,3625,2011-06-15,2026-06-11,False,False,0,0.0,62,55,0.032275862068965516
300232.SZ,洲明科技,3549,2011-06-22,2026-06-11,False,False,0,0.0,54,38,0.025922795153564385
300233.SZ,金城医药,3531,2011-06-22,2026-06-11,False,False,0,0.0,45,41,0.024355706598697253
300234.SZ,开尔新材,3546,2011-06-22,2026-06-11,False,False,0,0.0,45,41,0.024252679075014102
300235.SZ,方直科技,3494,2011-06-29,2026-06-11,False,False,0,0.0,88,60,0.04235832856325129
300236.SZ,上海新阳,3592,2011-06-29,2026-06-11,False,False,0,0.0,85,42,0.03535634743875279
300237.SZ,ST美晨,3499,2011-06-29,2026-06-11,True,False,0,0.0,64,44,0.03086596170334381
300238.SZ,冠昊生物,3392,2011-07-06,2026-06-11,False,False,0,0.0,73,49,0.03596698113207547
300239.SZ,东宝生物,3548,2011-07-06,2026-06-11,False,False,0,0.0,65,44,0.03072153325817362
300240.SZ,飞力达,3474,2011-07-06,2026-06-11,False,False,0,0.0,73,49,0.03511801957397812
300241.SZ,瑞丰光电,3498,2011-07-12,2026-06-11,False,False,0,0.0,48,45,0.026586620926243566
300242.SZ,佳云科技,3336,2011-07-12,2026-06-11,False,False,0,0.0,95,53,0.04436450839328537
300243.SZ,瑞丰高材,3449,2011-07-12,2026-06-11,False,False,0,0.0,58,41,0.028703972165845172
300244.SZ,迪安诊断,3524,2011-07-19,2026-06-11,False,False,0,0.0,58,28,0.024404086265607264
300245.SZ,天玑科技,3605,2011-07-19,2026-06-11,False,False,0,0.0,81,66,0.040776699029126215
300246.SZ,宝莱特,3613,2011-07-19,2026-06-11,False,False,0,0.0,69,54,0.03404373097149183
300247.SZ,融捷健康,3355,2011-07-29,2026-06-11,False,False,0,0.0,87,39,0.03755588673621461
300248.SZ,新开普,3463,2011-07-29,2026-06-11,False,False,0,0.0,104,67,0.049379151025122726
300249.SZ,依米康,3486,2011-08-03,2026-06-11,False,False,0,0.0,83,50,0.03815261044176707
300250.SZ,初灵信息,3485,2011-08-03,2026-06-11,False,False,0,0.0,93,49,0.040746054519368725
300251.SZ,光线传媒,3489,2011-08-03,2026-06-11,False,False,0,0.0,52,35,0.024935511607910577
300252.SZ,金信诺,3451,2011-08-18,2026-06-11,False,False,0,0.0,63,49,0.032454361054766734
300253.SZ,卫宁健康,3526,2011-08-18,2026-06-11,False,False,0,0.0,69,49,0.033465683494044246
300254.SZ,仟源医药,3499,2011-08-19,2026-06-11,False,False,0,0.0,64,51,0.03286653329522721
300255.SZ,常山药业,3565,2011-08-19,2026-06-11,False,False,0,0.0,62,43,0.029453015427769985
300256.SZ,星星科技,3433,2011-08-19,2026-06-11,False,False,0,0.0,84,66,0.043693562481794346
300257.SZ,开山股份,3544,2011-08-19,2026-06-11,False,False,0,0.0,21,32,0.014954853273137697
300258.SZ,精锻科技,3587,2011-08-26,2026-06-11,False,False,0,0.0,32,25,0.015890716476163927
300259.SZ,新天科技,3562,2011-08-31,2026-06-11,False,False,0,0.0,42,42,0.023582257158899493
300260.SZ,新莱应材,3502,2011-09-06,2026-06-11,False,False,0,0.0,89,53,0.04054825813820674
300261.SZ,雅本化学,3500,2011-09-06,2026-06-11,False,False,0,0.0,79,49,0.036571428571428574
300263.SZ,隆华科技,3442,2011-09-16,2026-06-11,False,False,0,0.0,47,32,0.02295177222545032
300264.SZ,佳创视讯,3559,2011-09-16,2026-06-11,False,False,0,0.0,104,69,0.04860915987636977
300265.SZ,通光线缆,3444,2011-09-16,2026-06-11,False,False,0,0.0,86,60,0.042392566782810684
300266.SZ,兴源环境,3175,2011-09-27,2026-06-11,False,False,0,0.0,67,40,0.033700787401574804
300267.SZ,尔康制药,3403,2011-09-27,2026-06-11,False,False,0,0.0,41,37,0.022920952101087275
300268.SZ,*ST佳沃,2993,2011-09-27,2026-06-11,True,False,0,0.0,83,56,0.04644169729368527
300269.SZ,联建光电,3296,2011-10-12,2026-06-11,False,False,0,0.0,83,45,0.038834951456310676
300270.SZ,中威电子,3541,2011-10-12,2026-06-11,False,False,0,0.0,82,59,0.03981926009601807
300271.SZ,华宇软件,3352,2011-10-26,2026-06-11,False,False,0,0.0,36,34,0.020883054892601432
300272.SZ,开能健康,3386,2011-11-02,2026-06-11,False,False,0,0.0,53,38,0.02687536916715889
300274.SZ,阳光电源,3519,2011-11-02,2026-06-11,False,False,0,0.0,59,46,0.029838022165387893
300275.SZ,梅安森,3533,2011-11-02,2026-06-11,False,False,0,0.0,50,46,0.027172374752335127
300276.SZ,三丰智能,3398,2011-11-15,2026-06-11,False,False,0,0.0,87,50,0.040317834020011774
300277.SZ,海联讯,3453,2011-11-23,2026-06-11,False,False,0,0.0,100,51,0.0437300897770055
300278.SZ,华昌达,2937,2011-12-16,2026-06-11,False,False,0,0.0,95,42,0.04664623765747361
300279.SZ,和晶科技,3250,2011-12-29,2026-06-11,False,False,0,0.0,76,35,0.03415384615384615
300281.SZ,金明精机,3450,2011-12-29,2026-06-11,False,False,0,0.0,47,42,0.025797101449275363
300283.SZ,温州宏丰,3458,2012-01-10,2026-06-11,False,False,0,0.0,59,46,0.030364372469635626
300284.SZ,苏交科,3359,2012-01-10,2026-06-11,False,False,0,0.0,49,25,0.022030366180410838
300285.SZ,国瓷材料,3362,2012-01-13,2026-06-11,False,False,0,0.0,36,34,0.02082093991671624
300286.SZ,安科瑞,3491,2012-01-13,2026-06-11,False,False,0,0.0,73,40,0.03236894872529361
300287.SZ,飞利信,3347,2012-02-01,2026-06-11,False,False,0,0.0,56,42,0.029279952195996415
300288.SZ,朗玛信息,3300,2012-02-16,2026-06-11,False,False,0,0.0,82,45,0.03848484848484848
300289.SZ,利德曼,3395,2012-02-16,2026-06-11,False,False,0,0.0,39,25,0.01885125184094256
300290.SZ,荣科科技,3177,2012-02-16,2026-06-11,False,False,0,0.0,93,62,0.048788164935473714
300291.SZ,百纳千成,3246,2012-02-09,2026-06-11,False,False,0,0.0,62,45,0.03296364756623537
300292.SZ,吴通控股,3077,2012-02-29,2026-06-11,False,False,0,0.0,71,48,0.03867403314917127
300293.SZ,蓝英装备,3371,2012-03-08,2026-06-11,False,False,0,0.0,115,57,0.051023435182438445
300294.SZ,博雅生物,3292,2012-03-08,2026-06-11,False,False,0,0.0,27,20,0.014277035236938032
300295.SZ,三六五网,3311,2012-03-15,2026-06-11,False,False,0,0.0,77,50,0.03835699184536394
300296.SZ,利亚德,3280,2012-03-15,2026-06-11,False,False,0,0.0,45,25,0.021341463414634148
300298.SZ,三诺生物,3242,2012-03-19,2026-06-11,False,False,0,0.0,35,27,0.019123997532387416
300299.SZ,富春股份,3093,2012-03-19,2026-06-11,False,False,0,0.0,102,56,0.05108309085030714
300300.SZ,海峡创新,3246,2012-03-19,2026-06-11,False,False,0,0.0,64,56,0.036968576709796676
300301.SZ,ST长方,3297,2012-03-21,2026-06-11,True,False,0,0.0,58,41,0.03002729754322111
300302.SZ,同有科技,3424,2012-03-21,2026-06-11,False,False,0,0.0,92,65,0.04585280373831776
300303.SZ,聚飞光电,3440,2012-03-19,2026-06-11,False,False,0,0.0,43,33,0.022093023255813953
300304.SZ,云意电气,3428,2012-03-21,2026-06-11,False,False,0,0.0,60,45,0.030630105017502917
300305.SZ,裕兴股份,3446,2012-03-29,2026-06-11,False,False,0,0.0,32,29,0.017701683110853163
300306.SZ,远方信息,3350,2012-03-29,2026-06-11,False,False,0,0.0,52,39,0.02716417910447761
300307.SZ,慈星股份,3411,2012-03-29,2026-06-11,False,False,0,0.0,53,37,0.026385224274406333
300308.SZ,中际旭创,3274,2012-04-10,2026-06-11,False,False,0,0.0,78,46,0.037874160048869884
300310.SZ,宜通世纪,3273,2012-04-25,2026-06-11,False,False,0,0.0,67,51,0.036052551176290866
300311.SZ,ST任子行,3270,2012-04-25,2026-06-11,True,False,0,0.0,103,66,0.05168195718654434
300313.SZ,*ST天山,3147,2012-04-25,2026-06-11,True,False,0,0.0,109,49,0.05020654591674611
300314.SZ,戴维医疗,3417,2012-05-08,2026-06-11,False,False,0,0.0,65,43,0.03160667251975417
300315.SZ,掌趣科技,3040,2012-05-11,2026-06-11,False,False,0,0.0,69,38,0.03519736842105263
300316.SZ,晶盛机电,3319,2012-05-11,2026-06-11,False,False,0,0.0,46,33,0.02380235010545345
300317.SZ,珈伟新能,3125,2012-05-11,2026-06-11,False,False,0,0.0,74,41,0.0368
300318.SZ,博晖创新,3296,2012-05-23,2026-06-11,False,False,0,0.0,87,50,0.04156553398058253
300319.SZ,麦捷科技,3164,2012-05-23,2026-06-11,False,False,0,0.0,58,38,0.03034134007585335
300320.SZ,海达股份,3312,2012-06-01,2026-06-11,False,False,0,0.0,43,32,0.022644927536231884
300321.SZ,同大股份,3414,2012-05-23,2026-06-11,False,False,0,0.0,52,50,0.029876977152899824
300322.SZ,硕贝德,3144,2012-06-08,2026-06-11,False,False,0,0.0,68,40,0.03435114503816794
300323.SZ,华灿光电,3055,2012-06-01,2026-06-11,False,False,0,0.0,59,35,0.03076923076923077
300324.SZ,旋极信息,3056,2012-06-08,2026-06-11,False,False,0,0.0,74,44,0.03861256544502618
300326.SZ,ST凯利,3123,2012-06-13,2026-06-11,True,False,0,0.0,28,31,0.018892090938200448
300327.SZ,中颖电子,3394,2012-06-13,2026-06-11,False,False,0,0.0,60,40,0.02946375957572186
300328.SZ,宜安科技,3358,2012-06-19,2026-06-11,False,False,0,0.0,85,47,0.039309112567004166
300329.SZ,海伦钢琴,3363,2012-06-19,2026-06-11,False,False,0,0.0,76,47,0.036574487065120426
300331.SZ,苏大维格,3232,2012-06-28,2026-06-11,False,False,0,0.0,78,44,0.037747524752475246
300332.SZ,天壕能源,3163,2012-06-28,2026-06-11,False,False,0,0.0,33,31,0.02023395510591211
300333.SZ,兆日科技,3389,2012-06-28,2026-06-11,False,False,0,0.0,92,66,0.046621422248450874
300334.SZ,津膜科技,3172,2012-07-05,2026-06-11,False,False,0,0.0,66,47,0.03562421185372005
300335.SZ,迪森股份,3231,2012-07-10,2026-06-11,False,False,0,0.0,26,33,0.018260600433302382
300337.SZ,银邦股份,3315,2012-07-18,2026-06-11,False,False,0,0.0,68,55,0.037104072398190045
300338.SZ,ST开元,3260,2012-07-26,2026-06-11,True,False,0,0.0,90,64,0.04723926380368098
300339.SZ,润和软件,3224,2012-07-18,2026-06-11,False,False,0,0.0,86,43,0.04001240694789082
300340.SZ,科恒股份,3198,2012-07-26,2026-06-11,False,False,0,0.0,88,57,0.04534083802376485
300341.SZ,麦克奥迪,3187,2012-07-26,2026-06-11,False,False,0,0.0,81,51,0.04141826168810794
300342.SZ,天银机电,3290,2012-07-26,2026-06-11,False,False,0,0.0,86,56,0.043161094224924014
300343.SZ,ST联创,3082,2012-08-01,2026-06-11,True,False,0,0.0,104,52,0.050616482803374434
300344.SZ,ST立方,3175,2012-08-01,2026-04-21,True,False,0,0.0,94,78,0.054173228346456694
300345.SZ,华民股份,3234,2012-08-01,2026-06-11,False,False,0,0.0,79,50,0.039888682745825604
300346.SZ,南大光电,3297,2012-08-07,2026-06-11,False,False,0,0.0,62,41,0.03124052168638156
300347.SZ,泰格医药,3215,2012-08-17,2026-06-11,False,False,0,0.0,35,31,0.02052877138413686
300348.SZ,长亮科技,3176,2012-08-17,2026-06-11,False,False,0,0.0,99,55,0.04848866498740554
300349.SZ,金卡智能,3154,2012-08-17,2026-06-11,False,False,0,0.0,28,21,0.015535827520608751
300350.SZ,华鹏飞,3159,2012-08-21,2026-06-11,False,False,0,0.0,97,57,0.04874960430515986
300351.SZ,永贵电器,3192,2012-09-20,2026-06-11,False,False,0,0.0,55,47,0.03195488721804511
300352.SZ,北信源,3218,2012-09-12,2026-06-11,False,False,0,0.0,59,46,0.032628962088253576
300353.SZ,东土科技,2983,2012-09-27,2026-06-11,False,False,0,0.0,66,33,0.03318806570566544
300354.SZ,东华测试,3329,2012-09-20,2026-06-11,False,False,0,0.0,60,42,0.03063983178131571
300355.SZ,蒙草生态,3202,2012-09-27,2026-06-11,False,False,0,0.0,43,28,0.0221736414740787
300357.SZ,我武生物,3008,2014-01-21,2026-06-11,False,False,0,0.0,30,20,0.016622340425531915
300358.SZ,楚天科技,2885,2014-01-21,2026-06-11,False,False,0,0.0,51,34,0.029462738301559793
300359.SZ,全通教育,2840,2014-01-21,2026-06-11,False,False,0,0.0,85,46,0.04612676056338028
300360.SZ,炬华科技,2921,2014-01-21,2026-06-11,False,False,0,0.0,28,19,0.01609038000684697
300363.SZ,博腾股份,2892,2014-01-29,2026-06-11,False,False,0,0.0,57,45,0.035269709543568464
300364.SZ,中文在线,2605,2015-01-21,2026-06-11,False,False,0,0.0,140,62,0.07754318618042226
300365.SZ,恒华科技,2945,2014-01-23,2026-06-11,False,False,0,0.0,44,44,0.029881154499151102
300366.SZ,ST创意,2818,2014-01-27,2026-06-11,True,False,0,0.0,97,56,0.05429382540809084
300368.SZ,汇金股份,2884,2014-01-23,2026-06-11,False,False,0,0.0,121,68,0.06553398058252427
300369.SZ,绿盟科技,2909,2014-01-29,2026-06-11,False,False,0,0.0,62,46,0.037126160192506016
300370.SZ,安控科技,2910,2014-01-23,2026-06-11,False,False,0,0.0,66,40,0.036426116838487975
300371.SZ,汇中股份,3008,2014-01-23,2026-06-11,False,False,0,0.0,42,43,0.028257978723404256
300373.SZ,扬杰科技,2963,2014-01-23,2026-06-11,False,False,0,0.0,53,34,0.029362132973337833
300374.SZ,中铁装配,2598,2015-03-19,2026-06-11,False,False,0,0.0,77,48,0.0481139337952271
300375.SZ,鹏翎股份,2960,2014-01-27,2026-06-11,False,False,0,0.0,41,36,0.026013513513513515
300376.SZ,ST易事特,2882,2014-01-27,2026-06-11,True,False,0,0.0,75,38,0.0392088827203331
300377.SZ,赢时胜,2959,2014-01-27,2026-06-11,False,False,0,0.0,102,49,0.051030753632984115
300378.SZ,鼎捷数智,3001,2014-01-27,2026-06-11,False,False,0,0.0,96,54,0.049983338887037654
300379.SZ,*ST东通,2773,2014-01-28,2026-01-21,True,False,0,0.0,95,75,0.06130544536602957
300380.SZ,安硕信息,3005,2014-01-28,2026-06-11,False,False,0,0.0,96,67,0.05424292845257903
300381.SZ,溢多利,2849,2014-01-28,2026-06-11,False,False,0,0.0,37,25,0.02176202176202176
300382.SZ,斯莱克,2992,2014-01-29,2026-06-11,False,False,0,0.0,58,39,0.03241978609625668
300383.SZ,光环新网,2814,2014-01-29,2026-06-11,False,False,0,0.0,60,34,0.033404406538734895
300384.SZ,三联虹普,2766,2014-08-01,2026-06-11,False,False,0,0.0,70,46,0.04193781634128706
300385.SZ,雪浪环境,2885,2014-06-26,2026-06-11,False,False,0,0.0,60,45,0.036395147313691506
300386.SZ,飞天诚信,2907,2014-06-26,2026-06-11,False,False,0,0.0,83,51,0.04609563123495012
300387.SZ,富邦科技,2812,2014-07-02,2026-06-11,False,False,0,0.0,26,31,0.02027027027027027
300388.SZ,节能国祯,2836,2014-08-01,2026-06-11,False,False,0,0.0,46,28,0.02609308885754584
300389.SZ,艾比森,2875,2014-08-01,2026-06-11,False,False,0,0.0,55,39,0.03269565217391304
300390.SZ,天华新能,2812,2014-07-31,2026-06-11,False,False,0,0.0,120,39,0.05654338549075391
300391.SZ,*ST长药,2703,2014-08-01,2026-04-10,True,False,0,0.0,79,73,0.05623381428042915
300393.SZ,中来股份,2840,2014-09-12,2026-06-11,False,False,0,0.0,47,40,0.03063380281690141
300394.SZ,天孚通信,2735,2015-02-17,2026-06-11,False,False,0,0.0,86,43,0.04716636197440585
300395.SZ,菲利华,2854,2014-09-10,2026-06-11,False,False,0,0.0,45,30,0.026278906797477224
300396.SZ,迪瑞医疗,2791,2014-09-10,2026-06-11,False,False,0,0.0,33,29,0.022214260121820137
300397.SZ,天和防务,2815,2014-09-10,2026-06-11,False,False,0,0.0,72,53,0.04440497335701599
300398.SZ,飞凯材料,2743,2014-10-09,2026-06-11,False,False,0,0.0,54,36,0.03281079110462997
300399.SZ,天利科技,2823,2014-10-09,2026-06-11,False,False,0,0.0,116,61,0.06269925611052073
300400.SZ,劲拓股份,2837,2014-10-10,2026-06-11,False,False,0,0.0,85,53,0.048642932675361295
300401.SZ,花园生物,2821,2014-10-09,2026-06-11,False,False,0,0.0,51,33,0.02977667493796526
300402.SZ,宝色股份,2750,2014-10-10,2026-06-11,False,False,0,0.0,80,48,0.04654545454545454
300403.SZ,汉宇集团,2823,2014-10-30,2026-06-11,False,False,0,0.0,51,31,0.029047113000354233
300404.SZ,博济医药,2636,2015-04-24,2026-06-11,False,False,0,0.0,67,41,0.0409711684370258
300405.SZ,科隆股份,2736,2014-10-30,2026-06-11,False,False,0,0.0,60,40,0.03654970760233918
300406.SZ,九强生物,2823,2014-10-30,2026-06-11,False,False,0,0.0,38,18,0.01983705278072972
300407.SZ,凯发电气,2680,2014-12-03,2026-06-11,False,False,0,0.0,54,34,0.03283582089552239
300408.SZ,三环集团,2789,2014-12-03,2026-06-11,False,False,0,0.0,23,14,0.013266403728935103
300409.SZ,道氏技术,2709,2014-12-03,2026-06-11,False,False,0,0.0,65,44,0.04023624953857512
300410.SZ,正业科技,2559,2014-12-31,2026-06-11,False,False,0,0.0,71,32,0.04025009769441188
300411.SZ,金盾股份,2497,2014-12-31,2026-06-10,False,False,0,0.0,82,38,0.048057669203043656
300412.SZ,迦南科技,2684,2014-12-31,2026-06-11,False,False,0,0.0,75,35,0.040983606557377046
300413.SZ,芒果超媒,2506,2015-01-21,2026-06-11,False,False,0,0.0,65,37,0.040702314445331206
300414.SZ,中光防雷,2484,2015-05-13,2026-06-11,False,False,0,0.0,72,41,0.045491143317230275
300415.SZ,伊之密,2755,2015-01-23,2026-06-11,False,False,0,0.0,40,34,0.026860254083484573
300416.SZ,苏试试验,2756,2015-01-22,2026-06-11,False,False,0,0.0,55,39,0.034107402031930335
300417.SZ,南华仪器,2764,2015-01-23,2026-06-11,False,False,0,0.0,56,50,0.03835021707670044
300418.SZ,昆仑万维,2695,2015-01-21,2026-06-11,False,False,0,0.0,77,37,0.042300556586270875
300419.SZ,ST浩丰,2651,2015-01-22,2026-06-11,True,False,0,0.0,66,53,0.044888721237268954
300420.SZ,五洋自控,2591,2015-02-17,2026-06-11,False,False,0,0.0,43,32,0.028946352759552298
300421.SZ,力星股份,2706,2015-02-17,2026-06-11,False,False,0,0.0,57,30,0.03215077605321508
300422.SZ,博世科,2725,2015-02-17,2026-06-11,False,False,0,0.0,44,30,0.027155963302752294
300423.SZ,昇辉科技,2479,2015-02-17,2026-06-11,False,False,0,0.0,50,32,0.03307785397337636
300424.SZ,航新科技,2642,2015-04-22,2026-06-11,False,False,0,0.0,74,39,0.04277062831188493
300425.SZ,中建环能,2613,2015-02-16,2026-06-11,False,False,0,0.0,52,33,0.032529659395331034
300426.SZ,华智数媒,2662,2015-02-17,2026-06-11,False,False,0,0.0,65,38,0.038692712246431255
300427.SZ,红相股份,2541,2015-02-17,2026-06-11,False,False,0,0.0,70,37,0.04210940574576938
300428.SZ,立中集团,2559,2015-03-19,2026-06-11,False,False,0,0.0,75,43,0.04611176240719031
300429.SZ,强力新材,2631,2015-03-24,2026-06-11,False,False,0,0.0,55,33,0.03344735841885215
300430.SZ,诚益通,2658,2015-03-19,2026-06-11,False,False,0,0.0,51,47,0.03686982693754703
300432.SZ,富临精工,2643,2015-03-19,2026-06-11,False,False,0,0.0,77,34,0.04199772985244041
300433.SZ,蓝思科技,2706,2015-03-18,2026-06-11,False,False,0,0.0,52,29,0.02993348115299335
300434.SZ,金石亚药,2582,2015-04-24,2026-06-11,False,False,0,0.0,77,35,0.043377226955848176
300435.SZ,中泰股份,2714,2015-03-26,2026-06-11,False,False,0,0.0,57,38,0.03500368459837878
300436.SZ,广生堂,2656,2015-04-22,2026-06-11,False,False,0,0.0,93,36,0.048569277108433735
300437.SZ,清水源,2584,2015-04-23,2026-06-11,False,False,0,0.0,82,44,0.048761609907120744
300438.SZ,鹏辉能源,2656,2015-04-24,2026-06-11,False,False,0,0.0,89,34,0.04631024096385542
300439.SZ,美康生物,2703,2015-04-22,2026-06-11,False,False,0,0.0,45,26,0.02626711061783204
300440.SZ,运达科技,2571,2015-04-23,2026-06-11,False,False,0,0.0,50,39,0.034616880591209646
300441.SZ,鲍斯股份,2460,2015-04-23,2026-06-11,False,False,0,0.0,63,33,0.03902439024390244
300442.SZ,润泽科技,2689,2015-04-24,2026-06-11,False,False,0,0.0,54,40,0.03495723317218297
300443.SZ,金雷股份,2696,2015-04-22,2026-06-11,False,False,0,0.0,64,38,0.037833827893175076
300444.SZ,双杰电气,2599,2015-04-23,2026-06-11,False,False,0,0.0,78,47,0.04809542131589073
300445.SZ,康斯特,2705,2015-04-24,2026-06-11,False,False,0,0.0,50,40,0.033271719038817
300446.SZ,航天智造,2693,2015-04-23,2026-06-11,False,False,0,0.0,61,41,0.037875974749350165
300447.SZ,全信股份,2608,2015-04-22,2026-06-11,False,False,0,0.0,76,45,0.046395705521472395
300448.SZ,浩云科技,2699,2015-04-24,2026-06-11,False,False,0,0.0,65,50,0.04260837347165617
300449.SZ,汉邦高科,2608,2015-04-22,2026-06-11,False,False,0,0.0,75,59,0.05138036809815951
300450.SZ,先导智能,2541,2015-05-18,2026-06-11,False,False,0,0.0,62,31,0.03659976387249114
300451.SZ,创业慧康,2612,2015-05-14,2026-06-11,False,False,0,0.0,78,32,0.04211332312404288
300452.SZ,山河药辅,2691,2015-05-15,2026-06-11,False,False,0,0.0,69,37,0.03939056112969157
300453.SZ,三鑫医疗,2681,2015-05-15,2026-06-11,False,False,0,0.0,62,35,0.03618052965311451
300454.SZ,深信服,1959,2018-05-16,2026-06-11,False,False,0,0.0,32,12,0.022460438999489536
300455.SZ,航天智装,2558,2015-05-15,2026-06-11,False,False,0,0.0,70,41,0.04339327599687256
300456.SZ,赛微电子,2541,2015-05-14,2026-06-11,False,False,0,0.0,71,42,0.0444706808343172
300457.SZ,赢合科技,2631,2015-05-14,2026-06-11,False,False,0,0.0,63,41,0.0395286963131889
300458.SZ,全志科技,2681,2015-05-15,2026-06-11,False,False,0,0.0,76,41,0.043640432674375236
300459.SZ,汤姆猫,2472,2015-05-15,2026-06-11,False,False,0,0.0,99,38,0.05542071197411003
300460.SZ,惠伦晶体,2675,2015-05-15,2026-06-11,False,False,0,0.0,77,49,0.04710280373831776
300461.SZ,田中精机,2476,2015-05-19,2026-06-11,False,False,0,0.0,105,39,0.05815831987075929
300462.SZ,ST华铭,2396,2015-05-27,2026-06-11,True,False,0,0.0,67,50,0.048831385642737896
300463.SZ,迈克生物,2681,2015-05-28,2026-06-11,False,False,0,0.0,45,24,0.025736665423349497
300464.SZ,星徽股份,2491,2015-06-10,2026-06-11,False,False,0,0.0,86,46,0.05299076676033721
300465.SZ,高伟达,2586,2015-05-28,2026-06-11,False,False,0,0.0,95,50,0.056071152358855375
300466.SZ,赛摩智能,2325,2015-05-28,2026-06-11,False,False,0,0.0,99,44,0.061505376344086024
300467.SZ,迅游科技,2481,2015-05-27,2026-06-11,False,False,0,0.0,70,37,0.04312777106005643
300468.SZ,四方精创,2650,2015-05-27,2026-06-11,False,False,0,0.0,86,45,0.04943396226415094
300469.SZ,信息发展,2564,2015-06-11,2026-06-11,False,False,0,0.0,94,52,0.05694227769110764
300470.SZ,中密控股,2671,2015-06-12,2026-06-11,False,False,0,0.0,28,26,0.020217147135904157
300471.SZ,厚普股份,2662,2015-06-11,2026-06-11,False,False,0,0.0,73,44,0.0439519158527423
300472.SZ,*ST新元,2477,2015-06-11,2026-06-11,True,False,0,0.0,69,59,0.051675413807024624
300473.SZ,德尔股份,2596,2015-06-12,2026-06-11,False,False,0,0.0,37,34,0.027349768875192602
300474.SZ,景嘉微,2469,2016-03-31,2026-06-11,False,False,0,0.0,53,19,0.02916160388821385
300475.SZ,香农芯创,2644,2015-06-10,2026-06-11,False,False,0,0.0,80,39,0.045007564296520426
300476.SZ,胜宏科技,2667,2015-06-11,2026-06-11,False,False,0,0.0,61,31,0.03449568803899512
300477.SZ,ST合纵,2564,2015-06-10,2026-06-11,True,False,0,0.0,66,49,0.044851794071762874
300478.SZ,杭州高新,2576,2015-06-10,2026-06-11,False,False,0,0.0,56,38,0.036490683229813664
300479.SZ,神思电子,2573,2015-06-12,2026-06-11,False,False,0,0.0,86,47,0.051690633501748934
300480.SZ,光力科技,2591,2015-07-02,2026-06-11,False,False,0,0.0,88,42,0.05017367811655731
300481.SZ,濮阳惠成,2639,2015-06-30,2026-06-11,False,False,0,0.0,51,35,0.0325881015536188
300482.SZ,万孚生物,2651,2015-06-30,2026-06-11,False,False,0,0.0,41,25,0.024896265560165973
300483.SZ,首华燃气,2580,2015-06-30,2026-06-11,False,False,0,0.0,48,25,0.028294573643410852
300484.SZ,蓝海华腾,2483,2016-03-22,2026-06-11,False,False,0,0.0,69,28,0.039065646395489324
300485.SZ,赛升药业,2662,2015-06-26,2026-06-11,False,False,0,0.0,49,26,0.028174305033809167
300486.SZ,东杰智能,2510,2015-06-30,2026-06-11,False,False,0,0.0,63,41,0.04143426294820717
300487.SZ,蓝晓科技,2649,2015-07-02,2026-06-11,False,False,0,0.0,62,32,0.03548508871272178
300488.SZ,恒锋工具,2519,2015-07-01,2026-06-11,False,False,0,0.0,55,23,0.030964668519253672
300489.SZ,光智科技,2649,2015-07-01,2026-06-11,False,False,0,0.0,88,40,0.048320120800302
300490.SZ,华自科技,2392,2015-12-31,2026-06-11,False,False,0,0.0,72,34,0.04431438127090301
300491.SZ,通合科技,2446,2015-12-31,2026-06-11,False,False,0,0.0,84,42,0.05151267375306623
300492.SZ,华图山鼎,2344,2015-12-23,2026-06-11,False,False,0,0.0,64,28,0.03924914675767918
300493.SZ,润欣科技,2541,2015-12-10,2026-06-11,False,False,0,0.0,68,33,0.03974813065722157
300494.SZ,盛天网络,2535,2015-12-31,2026-06-11,False,False,0,0.0,63,31,0.03708086785009862
300496.SZ,中科创达,2488,2015-12-10,2026-06-11,False,False,0,0.0,60,29,0.03577170418006431
300497.SZ,富祥药业,2542,2015-12-22,2026-06-11,False,False,0,0.0,47,24,0.02793076317859953
300498.SZ,温氏股份,2567,2015-11-02,2026-06-11,False,False,0,0.0,7,7,0.005453837164004675
300499.SZ,高澜股份,2513,2016-02-02,2026-06-11,False,False,0,0.0,60,27,0.0346199761241544
300500.SZ,启迪设计,2446,2016-02-04,2026-06-11,False,False,0,0.0,63,26,0.03638593622240392
300501.SZ,海顺新材,2511,2016-02-04,2026-06-11,False,False,0,0.0,51,21,0.02867383512544803
300502.SZ,新易盛,2494,2016-03-03,2026-06-11,False,False,0,0.0,74,36,0.044105854049719326
300503.SZ,昊志机电,2487,2016-03-09,2026-06-11,False,False,0,0.0,70,23,0.03739445114595899
300504.SZ,天邑股份,1988,2018-03-30,2026-06-11,False,False,0,0.0,35,17,0.026156941649899398
300505.SZ,川金诺,2483,2016-03-15,2026-06-11,False,False,0,0.0,63,27,0.03624647603705195
300506.SZ,*ST名家,2456,2016-03-24,2026-06-11,True,False,0,0.0,65,33,0.039902280130293157
300507.SZ,苏奥传感,2448,2016-04-29,2026-06-11,False,False,0,0.0,57,24,0.03308823529411765
300508.SZ,维宏股份,2460,2016-04-19,2026-06-11,False,False,0,0.0,64,31,0.03861788617886179
300509.SZ,新美星,2456,2016-04-25,2026-06-11,False,False,0,0.0,35,23,0.023615635179153095
300510.SZ,金冠股份,2182,2016-05-06,2026-06-11,False,False,0,0.0,49,28,0.03528872593950504
300511.SZ,雪榕生物,2449,2016-05-04,2026-06-11,False,False,0,0.0,32,17,0.02000816659861168
300512.SZ,中亚股份,2438,2016-05-26,2026-06-11,False,False,0,0.0,39,13,0.02132895816242822
300513.SZ,恒实科技,2337,2016-05-30,2026-06-11,False,False,0,0.0,46,15,0.02610183996576808
300514.SZ,友讯达,2216,2017-04-26,2026-06-11,False,False,0,0.0,57,22,0.03564981949458484
300515.SZ,三德科技,2427,2016-06-08,2026-06-11,False,False,0,0.0,53,25,0.032138442521631644
300516.SZ,久之洋,2433,2016-06-02,2026-06-11,False,False,0,0.0,42,20,0.02548294286888615
300517.SZ,海波重科,2402,2016-07-19,2026-06-11,False,False,0,0.0,33,20,0.022064945878434637
300518.SZ,新迅达,2281,2016-06-24,2026-06-11,False,False,0,0.0,53,27,0.035072336694432264
300519.SZ,新光药业,2414,2016-06-24,2026-06-11,False,False,0,0.0,48,13,0.025269262634631317
300520.SZ,科大国创,2398,2016-07-08,2026-06-11,False,False,0,0.0,57,27,0.03502919099249374
300521.SZ,爱司凯,2387,2016-07-05,2026-06-11,False,False,0,0.0,73,28,0.042312526183493925
300522.SZ,世名科技,2407,2016-07-05,2026-06-11,False,False,0,0.0,49,23,0.029912754466140425
300523.SZ,辰安科技,2312,2016-07-26,2026-06-11,False,False,0,0.0,29,11,0.01730103806228374
300525.SZ,博思软件,2372,2016-07-26,2026-06-11,False,False,0,0.0,44,14,0.024451939291736932
300527.SZ,ST应急,2386,2016-08-05,2026-06-11,True,False,0,0.0,51,14,0.027242246437552388
300528.SZ,幸福蓝海,2388,2016-08-08,2026-06-11,False,False,0,0.0,63,20,0.0347571189279732
300529.SZ,健帆生物,2392,2016-08-02,2026-06-11,False,False,0,0.0,30,10,0.016722408026755852
300530.SZ,领湃科技,2375,2016-08-09,2026-06-11,False,False,0,0.0,72,23,0.04
300531.SZ,优博讯,2382,2016-08-09,2026-06-11,False,False,0,0.0,61,21,0.03442485306465155
300532.SZ,今天国际,2380,2016-08-18,2026-06-11,False,False,0,0.0,39,14,0.02226890756302521
300533.SZ,冰川网络,2380,2016-08-18,2026-06-11,False,False,0,0.0,41,22,0.026470588235294117
300534.SZ,陇神戎发,2347,2016-09-13,2026-06-11,False,False,0,0.0,58,23,0.034512143161482746
300535.SZ,达威股份,2311,2016-08-12,2026-06-11,False,False,0,0.0,28,18,0.0199048031155344
300536.SZ,农尚环境,2357,2016-09-20,2026-06-11,False,False,0,0.0,79,32,0.047093763258379294
300537.SZ,广信材料,2294,2016-08-30,2026-06-11,False,False,0,0.0,58,24,0.03574542284219703
300538.SZ,同益股份,2374,2016-08-26,2026-06-11,False,False,0,0.0,68,30,0.041280539174389216
300539.SZ,横河精密,2371,2016-08-30,2026-06-11,False,False,0,0.0,55,21,0.03205398566005905
300540.SZ,蜀道装备,2367,2016-08-23,2026-06-11,False,False,0,0.0,67,23,0.03802281368821293
300541.SZ,先进数通,2362,2016-09-13,2026-06-11,False,False,0,0.0,52,30,0.03471634208298052
300542.SZ,新晨科技,2349,2016-09-20,2026-06-11,False,False,0,0.0,82,29,0.04725415070242656
300543.SZ,朗科智能,2283,2016-09-08,2026-06-11,False,False,0,0.0,53,27,0.03504161191414805
300545.SZ,联得装备,2353,2016-09-28,2026-06-11,False,False,0,0.0,63,18,0.034424139396515084
300546.SZ,雄帝科技,2353,2016-09-28,2026-06-11,False,False,0,0.0,65,27,0.03909902252443689
300547.SZ,川环科技,2351,2016-09-30,2026-06-11,False,False,0,0.0,47,13,0.02552105487026797
300548.SZ,长芯博创,2344,2016-10-12,2026-06-11,False,False,0,0.0,69,34,0.0439419795221843
300549.SZ,优德精密,2351,2016-09-30,2026-06-11,False,False,0,0.0,57,23,0.034028073160357296
300550.SZ,和仁科技,2339,2016-10-18,2026-06-11,False,False,0,0.0,43,20,0.026934587430525864
300551.SZ,古鳌科技,2331,2016-10-18,2026-06-11,False,False,0,0.0,65,29,0.04032604032604033
300552.SZ,万集科技,2341,2016-10-21,2026-06-11,False,False,0,0.0,65,35,0.042716787697565144
300553.SZ,集智股份,2341,2016-10-21,2026-06-11,False,False,0,0.0,50,15,0.027765912003417343
300554.SZ,三超新材,2216,2017-04-21,2026-06-11,False,False,0,0.0,61,26,0.03925992779783394
300555.SZ,ST路通,2343,2016-10-18,2026-06-11,True,False,0,0.0,49,23,0.030729833546734954
300556.SZ,丝路视觉,2331,2016-11-04,2026-06-11,False,False,0,0.0,64,31,0.04075504075504076
300557.SZ,理工光科,2334,2016-11-01,2026-06-11,False,False,0,0.0,40,15,0.02356469580119966
300558.SZ,贝达药业,2330,2016-11-07,2026-06-11,False,False,0,0.0,30,13,0.018454935622317595
300559.SZ,佳发教育,2334,2016-11-01,2026-06-11,False,False,0,0.0,53,18,0.030419880034275922
300560.SZ,中富通,2334,2016-11-01,2026-06-11,False,False,0,0.0,61,29,0.038560411311053984
300561.SZ,*ST汇科,2254,2016-11-17,2026-06-11,True,False,0,0.0,103,50,0.06787932564330079
300562.SZ,乐心医疗,2320,2016-11-16,2026-06-11,False,False,0,0.0,62,20,0.0353448275862069
300563.SZ,神宇股份,2325,2016-11-14,2026-06-11,False,False,0,0.0,63,27,0.03870967741935484
300564.SZ,筑博设计,1597,2019-11-08,2026-06-11,False,False,0,0.0,26,14,0.025046963055729492
300565.SZ,科信技术,2319,2016-11-22,2026-06-11,False,False,0,0.0,71,26,0.041828374299266925
300566.SZ,激智科技,2314,2016-11-15,2026-06-11,False,False,0,0.0,46,18,0.027657735522904063
300567.SZ,精测电子,2319,2016-11-22,2026-06-11,False,False,0,0.0,35,15,0.0215610176800345
300568.SZ,星源材质,2312,2016-12-01,2026-06-11,False,False,0,0.0,37,17,0.023356401384083045
300569.SZ,天能重工,2311,2016-11-25,2026-06-11,False,False,0,0.0,33,19,0.02250108178277802
300570.SZ,太辰光,2309,2016-12-06,2026-06-11,False,False,0,0.0,59,28,0.037678648765699436
300571.SZ,平治信息,2299,2016-12-13,2026-06-11,False,False,0,0.0,52,20,0.0313179643323184
300572.SZ,安车检测,2304,2016-12-06,2026-06-11,False,False,0,0.0,38,16,0.0234375
300573.SZ,兴齐眼药,2307,2016-12-08,2026-06-11,False,False,0,0.0,77,30,0.04638058084091894
300575.SZ,中旗股份,2299,2016-12-20,2026-06-11,False,False,0,0.0,23,12,0.015224010439321443
300576.SZ,容大感光,2289,2016-12-20,2026-06-11,False,False,0,0.0,74,25,0.04325032765399738
300577.SZ,开润股份,2298,2016-12-21,2026-06-11,False,False,0,0.0,24,7,0.013489991296779809
300578.SZ,会畅通讯,2200,2017-01-25,2026-06-11,False,False,0,0.0,74,27,0.045909090909090906
300579.SZ,数字认证,2296,2016-12-23,2026-06-11,False,False,0,0.0,61,21,0.03571428571428571
300580.SZ,贝斯特,2176,2017-01-11,2026-06-11,False,False,0,0.0,32,13,0.02068014705882353
300581.SZ,晨曦航空,2299,2016-12-20,2026-06-11,False,False,0,0.0,68,26,0.04088734232274902
300582.SZ,英飞特,2251,2016-12-28,2026-06-11,False,False,0,0.0,58,21,0.03509551310528654
300583.SZ,赛托生物,2287,2017-01-06,2026-06-11,False,False,0,0.0,19,12,0.01355487538259729
300584.SZ,海辰药业,2283,2017-01-12,2026-06-11,False,False,0,0.0,63,20,0.036355672360928605
300585.SZ,奥联电子,2281,2016-12-29,2026-06-11,False,False,0,0.0,75,37,0.04910127137220517
300586.SZ,美联新材,2197,2017-01-04,2026-06-11,False,False,0,0.0,52,23,0.03413746017296313
300587.SZ,天铁科技,2288,2017-01-05,2026-06-11,False,False,0,0.0,40,18,0.025349650349650348
300588.SZ,熙菱信息,2283,2017-01-05,2026-06-11,False,False,0,0.0,70,34,0.04555409548839247
300589.SZ,江龙船艇,2282,2017-01-13,2026-06-11,False,False,0,0.0,69,26,0.04163014899211218
300590.SZ,移为通信,2180,2017-01-11,2026-06-11,False,False,0,0.0,35,21,0.025688073394495414
300591.SZ,万里马,2285,2017-01-10,2026-06-11,False,False,0,0.0,63,22,0.037199124726477024
300592.SZ,华凯易佰,2256,2017-01-20,2026-06-11,False,False,0,0.0,51,13,0.028368794326241134
300593.SZ,新雷能,2241,2017-01-13,2026-06-11,False,False,0,0.0,61,20,0.03614457831325301
300594.SZ,朗进科技,1690,2019-06-21,2026-06-11,False,False,0,0.0,20,9,0.017159763313609466
300595.SZ,欧普康视,2280,2017-01-17,2026-06-11,False,False,0,0.0,28,19,0.0206140350877193
300596.SZ,利安隆,2268,2017-01-19,2026-06-11,False,False,0,0.0,23,8,0.013668430335097001
300597.SZ,吉大通信,2271,2017-01-23,2026-06-11,False,False,0,0.0,41,24,0.028621752531924262
300598.SZ,诚迈科技,2272,2017-01-20,2026-06-11,False,False,0,0.0,106,37,0.06294014084507042
300599.SZ,雄塑科技,2266,2017-01-23,2026-06-11,False,False,0,0.0,29,15,0.019417475728155338
300600.SZ,国瑞科技,2272,2017-01-25,2026-06-11,False,False,0,0.0,47,24,0.03125
300601.SZ,康泰生物,2270,2017-02-07,2026-06-11,False,False,0,0.0,45,20,0.028634361233480177
300602.SZ,飞荣达,2273,2017-01-26,2026-06-11,False,False,0,0.0,41,23,0.028156621205455347
300603.SZ,立昂技术,2112,2017-01-26,2026-06-11,False,False,0,0.0,66,27,0.04403409090909091
300604.SZ,长川科技,2212,2017-04-17,2026-06-11,False,False,0,0.0,62,23,0.03842676311030741
300605.SZ,恒锋信息,2269,2017-02-08,2026-06-11,False,False,0,0.0,39,21,0.026443367122080213
300606.SZ,金太阳,2269,2017-02-08,2026-06-11,False,False,0,0.0,58,24,0.03613926840017629
300607.SZ,拓斯达,2256,2017-02-09,2026-06-11,False,False,0,0.0,40,18,0.025709219858156027
300608.SZ,思特奇,2266,2017-02-13,2026-06-11,False,False,0,0.0,44,29,0.032215357458075904
300609.SZ,汇纳科技,2261,2017-02-15,2026-06-11,False,False,0,0.0,73,23,0.042459088898717384
300610.SZ,晨化股份,2266,2017-02-13,2026-06-11,False,False,0,0.0,30,16,0.02030008826125331
300611.SZ,美力科技,2261,2017-02-20,2026-06-11,False,False,0,0.0,59,27,0.03803626713843432
300612.SZ,宣亚国际,2093,2017-02-15,2026-06-11,False,False,0,0.0,85,33,0.05637840420449116
300613.SZ,富瀚微,2251,2017-02-20,2026-06-11,False,False,0,0.0,59,16,0.03331852509995557
300614.SZ,百川畅银,1224,2021-05-25,2026-06-11,False,False,0,0.0,19,13,0.026143790849673203
300615.SZ,欣天科技,2264,2017-02-15,2026-06-11,False,False,0,0.0,57,20,0.03401060070671378
300616.SZ,尚品宅配,2250,2017-03-07,2026-06-11,False,False,0,0.0,27,10,0.016444444444444446
300617.SZ,安靠智电,2255,2017-02-28,2026-06-11,False,False,0,0.0,44,16,0.026607538802660754
300618.SZ,寒锐钴业,2249,2017-03-06,2026-06-11,False,False,0,0.0,64,22,0.03823921742996887
300619.SZ,金银河,2254,2017-03-01,2026-06-11,False,False,0,0.0,72,31,0.04569653948535936
300620.SZ,光库科技,2237,2017-03-10,2026-06-11,False,False,0,0.0,69,28,0.04336164506034868
300621.SZ,维业股份,2243,2017-03-16,2026-06-11,False,False,0,0.0,42,18,0.026749888542131076
300622.SZ,博士眼镜,2244,2017-03-15,2026-06-11,False,False,0,0.0,39,22,0.027183600713012478
300623.SZ,捷捷微电,2245,2017-03-14,2026-06-11,False,False,0,0.0,40,24,0.028507795100222718
300624.SZ,万兴科技,2024,2018-01-18,2026-06-11,False,False,0,0.0,81,28,0.053853754940711464
300625.SZ,三雄极光,2242,2017-03-17,2026-06-11,False,False,0,0.0,16,9,0.011150758251561105
300626.SZ,华瑞股份,2241,2017-03-20,2026-06-11,False,False,0,0.0,36,18,0.024096385542168676
300627.SZ,华测导航,2240,2017-03-21,2026-06-11,False,False,0,0.0,31,16,0.020982142857142855
300628.SZ,亿联网络,2242,2017-03-17,2026-06-11,False,False,0,0.0,22,9,0.013826940231935772
300629.SZ,新劲刚,2194,2017-03-24,2026-06-11,False,False,0,0.0,58,26,0.03828623518687329
300631.SZ,久吾高科,2238,2017-03-23,2026-06-11,False,False,0,0.0,55,20,0.03351206434316354
300632.SZ,光莆股份,2230,2017-04-06,2026-06-11,False,False,0,0.0,37,24,0.027354260089686097
300633.SZ,开立医疗,2230,2017-04-06,2026-06-11,False,False,0,0.0,30,7,0.016591928251121078
300634.SZ,彩讯股份,1993,2018-03-23,2026-06-11,False,False,0,0.0,64,21,0.04264927245358756
300635.SZ,中达安,2224,2017-03-31,2026-06-11,False,False,0,0.0,47,24,0.03192446043165468
300636.SZ,同和药业,2231,2017-03-31,2026-06-11,False,False,0,0.0,36,13,0.021963245181532944
300637.SZ,扬帆新材,2226,2017-04-12,2026-06-11,False,False,0,0.0,42,22,0.028751123090745734
300638.SZ,广和通,2218,2017-04-13,2026-06-11,False,False,0,0.0,60,23,0.03742110009017133
300639.SZ,凯普生物,2226,2017-04-12,2026-06-11,False,False,0,0.0,34,19,0.023809523809523808
300640.SZ,德艺文创,2204,2017-04-17,2026-06-11,False,False,0,0.0,40,20,0.02722323049001815
300641.SZ,正丹股份,2217,2017-04-18,2026-06-11,False,False,0,0.0,47,20,0.030221019395579612
300642.SZ,透景生命,2219,2017-04-21,2026-06-11,False,False,0,0.0,33,14,0.02118071203244705
300643.SZ,万通智控,2210,2017-05-05,2026-06-11,False,False,0,0.0,65,18,0.03755656108597285
300644.SZ,南京聚隆,2018,2018-02-06,2026-06-11,False,False,0,0.0,48,19,0.033201189296333006
300645.SZ,正元智慧,2209,2017-04-21,2026-06-11,False,False,0,0.0,37,23,0.027161611588954276
300647.SZ,超频三,2170,2017-05-03,2026-06-11,False,False,0,0.0,63,24,0.04009216589861751
300648.SZ,星云股份,2217,2017-04-25,2026-06-11,False,False,0,0.0,69,25,0.042399639152007215
300649.SZ,杭州园林,2205,2017-05-05,2026-06-11,False,False,0,0.0,61,23,0.0380952380952381
300650.SZ,太龙股份,2212,2017-05-03,2026-06-11,False,False,0,0.0,34,23,0.025768535262206148
300651.SZ,金陵体育,2208,2017-05-09,2026-06-11,False,False,0,0.0,33,20,0.024003623188405796
300652.SZ,雷迪克,2203,2017-05-16,2026-06-11,False,False,0,0.0,33,13,0.02088061733999092
300653.SZ,正海生物,2203,2017-05-16,2026-06-11,False,False,0,0.0,40,18,0.026327734906945077
300654.SZ,世纪天鸿,2110,2017-09-26,2026-06-11,False,False,0,0.0,56,27,0.03933649289099526
300655.SZ,晶瑞电材,2191,2017-05-23,2026-06-11,False,False,0,0.0,63,20,0.03788224554997718
300656.SZ,民德电子,2132,2017-05-19,2026-06-11,False,False,0,0.0,48,23,0.03330206378986867
300657.SZ,弘信电子,2156,2017-05-23,2026-06-11,False,False,0,0.0,61,25,0.039888682745825604
300658.SZ,延江股份,2182,2017-06-02,2026-06-11,False,False,0,0.0,59,28,0.03987167736021998
300659.SZ,中孚信息,2087,2017-05-26,2026-06-11,False,False,0,0.0,60,25,0.04072831816003833
300660.SZ,江苏雷利,2182,2017-06-02,2026-06-11,False,False,0,0.0,41,17,0.026581118240146653
300661.SZ,圣邦股份,2180,2017-06-06,2026-06-11,False,False,0,0.0,46,27,0.033486238532110094
300662.SZ,科锐国际,2140,2017-06-08,2026-06-11,False,False,0,0.0,42,15,0.02663551401869159
300663.SZ,科蓝软件,2188,2017-06-08,2026-06-11,False,False,0,0.0,75,33,0.04936014625228519
300664.SZ,鹏鹞环保,2043,2018-01-05,2026-06-11,False,False,0,0.0,20,9,0.014194811551639746
300665.SZ,飞鹿股份,2173,2017-06-13,2026-06-11,False,False,0,0.0,31,19,0.02300966405890474
300666.SZ,江丰电子,2162,2017-06-15,2026-06-11,False,False,0,0.0,51,17,0.03145235892691952
300667.SZ,必创科技,2165,2017-06-19,2026-06-11,False,False,0,0.0,56,17,0.033718244803695153
300668.SZ,杰恩设计,2181,2017-06-19,2026-06-11,False,False,0,0.0,40,12,0.02384227418615314
300669.SZ,沪宁股份,2173,2017-06-29,2026-06-11,False,False,0,0.0,19,9,0.012885411872986655
300670.SZ,大烨智能,2075,2017-07-03,2026-06-11,False,False,0,0.0,56,23,0.038072289156626506
300671.SZ,富满微,2169,2017-07-05,2026-06-11,False,False,0,0.0,64,24,0.04057169202397418
300672.SZ,国科微,2141,2017-07-12,2026-06-11,False,False,0,0.0,76,27,0.04810836057916861
300673.SZ,佩蒂股份,2165,2017-07-11,2026-06-11,False,False,0,0.0,14,14,0.012933025404157044
300674.SZ,宇信科技,1841,2018-11-07,2026-06-11,False,False,0,0.0,46,13,0.03204780010863661
300675.SZ,建科院,2159,2017-07-19,2026-06-11,False,False,0,0.0,72,18,0.041685965724872626
300676.SZ,华大基因,2152,2017-07-14,2026-06-11,False,False,0,0.0,47,13,0.027881040892193308
300677.SZ,英科医疗,2157,2017-07-21,2026-06-11,False,False,0,0.0,55,25,0.03708854891052388
300678.SZ,中科信息,2127,2017-07-28,2026-06-11,False,False,0,0.0,66,26,0.043253408556652564
300679.SZ,电连技术,2141,2017-07-31,2026-06-11,False,False,0,0.0,20,14,0.015880429705744978
300680.SZ,隆盛科技,2071,2017-07-25,2026-06-11,False,False,0,0.0,59,17,0.03669724770642202
300681.SZ,英搏尔,2155,2017-07-25,2026-06-11,False,False,0,0.0,41,13,0.02505800464037123
300682.SZ,朗新集团,2099,2017-08-01,2026-06-11,False,False,0,0.0,47,15,0.029537875178656504
300683.SZ,海特生物,2087,2017-08-08,2026-06-11,False,False,0,0.0,40,18,0.027791087685673215
300684.SZ,中石科技,2049,2017-12-27,2026-06-11,False,False,0,0.0,69,26,0.04636408003904344
300685.SZ,艾德生物,2145,2017-08-02,2026-06-11,False,False,0,0.0,26,13,0.01818181818181818
300686.SZ,智动力,2147,2017-08-04,2026-06-11,False,False,0,0.0,52,22,0.034466697717745694
300687.SZ,赛意信息,2138,2017-08-03,2026-06-11,False,False,0,0.0,41,23,0.029934518241347054
300688.SZ,创业黑马,2122,2017-08-10,2026-06-11,False,False,0,0.0,72,33,0.04948162111215834
300689.SZ,澄天伟业,2144,2017-08-09,2026-06-11,False,False,0,0.0,55,21,0.03544776119402985
300690.SZ,双一科技,2145,2017-08-08,2026-06-11,False,False,0,0.0,47,19,0.03076923076923077
300691.SZ,联合光电,2132,2017-08-11,2026-06-11,False,False,0,0.0,40,20,0.028142589118198873
300692.SZ,中环环保,2128,2017-08-21,2026-06-11,False,False,0,0.0,41,13,0.02537593984962406
300693.SZ,盛弘股份,2130,2017-08-22,2026-06-11,False,False,0,0.0,65,22,0.04084507042253521
300694.SZ,蠡湖股份,1858,2018-10-15,2026-06-11,False,False,0,0.0,28,12,0.021528525296017224
300695.SZ,兆丰股份,2122,2017-09-08,2026-06-11,False,False,0,0.0,18,8,0.012252591894439209
300696.SZ,爱乐达,2135,2017-08-22,2026-06-11,False,False,0,0.0,50,21,0.03325526932084309
300697.SZ,电工合金,2119,2017-09-07,2026-06-11,False,False,0,0.0,47,28,0.03539405379896177
300698.SZ,万马科技,2128,2017-08-31,2026-06-11,False,False,0,0.0,69,25,0.044172932330827065
300699.SZ,光威复材,2127,2017-09-01,2026-06-11,False,False,0,0.0,24,14,0.017865538316878232
300700.SZ,岱勒新材,2110,2017-09-12,2026-06-11,False,False,0,0.0,43,20,0.02985781990521327
300701.SZ,森霸传感,2117,2017-09-15,2026-06-11,False,False,0,0.0,36,18,0.02550779404818139
300702.SZ,天宇股份,2115,2017-09-19,2026-06-11,False,False,0,0.0,33,17,0.02364066193853428
300703.SZ,创源股份,2111,2017-09-19,2026-06-11,False,False,0,0.0,50,19,0.03268593083846518
300705.SZ,九典制药,2105,2017-10-10,2026-06-11,False,False,0,0.0,36,24,0.028503562945368172
300706.SZ,阿石创,2110,2017-09-26,2026-06-11,False,False,0,0.0,61,21,0.03886255924170616
300707.SZ,威唐工业,2105,2017-10-10,2026-06-11,False,False,0,0.0,56,23,0.03752969121140143
300708.SZ,聚灿光电,2101,2017-10-16,2026-06-11,False,False,0,0.0,64,21,0.0404569252736792
300709.SZ,精研科技,2098,2017-10-19,2026-06-11,False,False,0,0.0,49,28,0.03670162059103908
300710.SZ,万隆光电,2083,2017-10-19,2026-06-11,False,False,0,0.0,43,23,0.03168506961113778
300711.SZ,广哈通信,2089,2017-11-01,2026-06-11,False,False,0,0.0,56,22,0.03733843944471039
300712.SZ,永福股份,2090,2017-10-31,2026-06-11,False,False,0,0.0,44,27,0.03397129186602871
300713.SZ,英可瑞,2089,2017-11-01,2026-06-11,False,False,0,0.0,57,31,0.0421254188606989
300715.SZ,凯伦股份,2087,2017-10-26,2026-06-11,False,False,0,0.0,43,22,0.03114518447532343
300716.SZ,ST泉为,2076,2017-11-09,2026-06-11,True,False,0,0.0,62,24,0.041425818882466284
300717.SZ,华信新材,2078,2017-11-06,2026-06-11,False,False,0,0.0,30,19,0.02358036573628489
300718.SZ,长盛轴承,2086,2017-11-06,2026-06-11,False,False,0,0.0,46,17,0.030201342281879196
300719.SZ,安达维尔,2083,2017-11-09,2026-06-11,False,False,0,0.0,51,21,0.03456553048487758
300720.SZ,海川智能,2076,2017-11-06,2026-06-11,False,False,0,0.0,45,22,0.03227360308285164
300721.SZ,怡达股份,2079,2017-11-15,2026-06-11,False,False,0,0.0,55,27,0.039442039442039445
300722.SZ,新余国科,2080,2017-11-10,2026-06-11,False,False,0,0.0,59,25,0.04038461538461539
300723.SZ,一品红,2078,2017-11-16,2026-06-11,False,False,0,0.0,37,14,0.024542829643888354
300724.SZ,捷佳伟创,1898,2018-08-10,2026-06-11,False,False,0,0.0,36,21,0.030031612223393046
300725.SZ,药石科技,2077,2017-11-10,2026-06-11,False,False,0,0.0,47,17,0.030813673567645642
300726.SZ,宏达电子,2075,2017-11-21,2026-06-11,False,False,0,0.0,41,15,0.026987951807228915
300727.SZ,润禾材料,2071,2017-11-27,2026-06-11,False,False,0,0.0,61,28,0.042974408498309996
300729.SZ,乐歌股份,2067,2017-12-01,2026-06-11,False,False,0,0.0,38,18,0.027092404450895016
300730.SZ,科创信息,2060,2017-12-05,2026-06-11,False,False,0,0.0,72,33,0.050970873786407765
300731.SZ,科创新源,2047,2017-12-08,2026-06-11,False,False,0,0.0,75,26,0.04934049829018075
300732.SZ,设研院,2016,2017-12-12,2026-06-11,False,False,0,0.0,22,17,0.019345238095238096
300733.SZ,西菱动力,2036,2018-01-16,2026-06-11,False,False,0,0.0,39,14,0.026031434184675836
300735.SZ,光弘科技,2047,2017-12-29,2026-06-11,False,False,0,0.0,38,24,0.030288226673180263
300736.SZ,百邦科技,2039,2018-01-09,2026-06-11,False,False,0,0.0,45,26,0.03482099068170672
300737.SZ,科顺股份,2019,2018-01-25,2026-06-11,False,False,0,0.0,25,10,0.01733531451213472
300738.SZ,奥飞数据,2033,2018-01-19,2026-06-11,False,False,0,0.0,45,22,0.03295622233152976
300739.SZ,明阳电路,2024,2018-02-01,2026-06-11,False,False,0,0.0,33,23,0.02766798418972332
300740.SZ,水羊股份,1919,2018-02-08,2026-06-11,False,False,0,0.0,46,15,0.03178738926524231
300741.SZ,华宝股份,2009,2018-03-01,2026-06-11,False,False,0,0.0,18,12,0.014932802389248382
300743.SZ,天地数码,1970,2018-04-27,2026-06-11,False,False,0,0.0,38,20,0.029441624365482234
300745.SZ,欣锐科技,1954,2018-05-23,2026-06-11,False,False,0,0.0,57,21,0.03991811668372569
300746.SZ,汉嘉设计,1934,2018-05-25,2026-06-11,False,False,0,0.0,57,25,0.04239917269906929
300747.SZ,锐科激光,1932,2018-06-25,2026-06-11,False,False,0,0.0,30,12,0.021739130434782608
300748.SZ,金力永磁,1868,2018-09-21,2026-06-11,False,False,0,0.0,66,21,0.046573875802997856
300749.SZ,顶固集创,1852,2018-09-25,2026-06-11,False,False,0,0.0,38,19,0.030777537796976243
300750.SZ,宁德时代,1941,2018-06-11,2026-06-11,False,False,0,0.0,23,5,0.014425553838227717
300751.SZ,迈为股份,1839,2018-11-09,2026-06-11,False,False,0,0.0,40,18,0.031538879825992384
300752.SZ,隆利科技,1824,2018-11-30,2026-06-11,False,False,0,0.0,46,24,0.03837719298245614
300753.SZ,爱朋医疗,1815,2018-12-13,2026-06-11,False,False,0,0.0,37,24,0.03360881542699724
300755.SZ,华致酒行,1784,2019-01-29,2026-06-11,False,False,0,0.0,27,7,0.01905829596412556
300756.SZ,金马游乐,1804,2018-12-28,2026-06-11,False,False,0,0.0,19,13,0.017738359201773836
300757.SZ,罗博特科,1779,2019-01-08,2026-06-11,False,False,0,0.0,61,22,0.04665542439572794
300758.SZ,七彩化学,1771,2019-02-22,2026-06-11,False,False,0,0.0,38,13,0.028797289666854884
300759.SZ,康龙化成,1785,2019-01-28,2026-06-11,False,False,0,0.0,30,19,0.027450980392156862
300760.SZ,迈瑞医疗,1857,2018-10-16,2026-06-11,False,False,0,0.0,11,2,0.007000538502961767
300761.SZ,立华股份,1775,2019-02-18,2026-06-11,False,False,0,0.0,19,10,0.016338028169014085
300762.SZ,上海瀚讯,1757,2019-03-14,2026-06-11,False,False,0,0.0,40,17,0.032441661923733635
300763.SZ,锦浪科技,1754,2019-03-19,2026-06-11,False,False,0,0.0,54,25,0.04503990877993159
300765.SZ,新诺威,1731,2019-03-22,2026-06-11,False,False,0,0.0,35,13,0.02772963604852686
300766.SZ,每日互动,1750,2019-03-25,2026-06-11,False,False,0,0.0,48,17,0.037142857142857144
300767.SZ,震安科技,1746,2019-03-29,2026-06-11,False,False,0,0.0,41,12,0.030355097365406643
300768.SZ,迪普科技,1737,2019-04-12,2026-06-11,False,False,0,0.0,31,11,0.024179620034542316
300769.SZ,德方纳米,1736,2019-04-15,2026-06-11,False,False,0,0.0,62,19,0.04665898617511521
300770.SZ,新媒股份,1732,2019-04-19,2026-06-11,False,False,0,0.0,14,7,0.01212471131639723
300771.SZ,智莱科技,1731,2019-04-22,2026-06-11,False,False,0,0.0,22,15,0.021374927787406125
300772.SZ,运达股份,1721,2019-04-26,2026-06-11,False,False,0,0.0,38,9,0.027309703660662404
300773.SZ,拉卡拉,1728,2019-04-25,2026-06-11,False,False,0,0.0,32,10,0.024305555555555556
300774.SZ,倍杰特,1174,2021-08-04,2026-06-11,False,False,0,0.0,22,8,0.02555366269165247
300775.SZ,三角防务,1713,2019-05-21,2026-06-11,False,False,0,0.0,39,12,0.0297723292469352
300776.SZ,帝尔激光,1715,2019-05-17,2026-06-11,False,False,0,0.0,36,13,0.02857142857142857
300777.SZ,中简科技,1716,2019-05-16,2026-06-11,False,False,0,0.0,31,9,0.023310023310023312
300778.SZ,新城市,1720,2019-05-10,2026-06-11,False,False,0,0.0,36,25,0.035465116279069765
300779.SZ,惠城环保,1712,2019-05-22,2026-06-11,False,False,0,0.0,42,16,0.03387850467289719
300780.SZ,德恩精工,1705,2019-05-31,2026-06-11,False,False,0,0.0,36,15,0.029912023460410556
300781.SZ,因赛集团,1697,2019-06-06,2026-06-11,False,False,0,0.0,54,24,0.04596346493812611
300782.SZ,卓胜微,1694,2019-06-18,2026-06-11,False,False,0,0.0,40,13,0.03128689492325856
300783.SZ,三只松鼠,1676,2019-07-12,2026-06-11,False,False,0,0.0,28,8,0.021479713603818614
300784.SZ,利安科技,487,2024-06-07,2026-06-11,False,False,0,0.0,5,3,0.01642710472279261
300785.SZ,值得买,1675,2019-07-15,2026-06-11,False,False,0,0.0,58,29,0.051940298507462686
300786.SZ,国林科技,1669,2019-07-23,2026-06-11,False,False,0,0.0,40,18,0.0347513481126423
300787.SZ,海能实业,1652,2019-08-15,2026-06-11,False,False,0,0.0,36,23,0.03571428571428571
300788.SZ,中信出版,1681,2019-07-05,2026-06-11,False,False,0,0.0,28,8,0.021415823914336704
300789.SZ,唐源电气,1643,2019-08-28,2026-06-11,False,False,0,0.0,29,13,0.02556299452221546
300790.SZ,宇瞳光学,1627,2019-09-20,2026-06-11,False,False,0,0.0,24,11,0.0215119852489244
300791.SZ,仙乐健康,1624,2019-09-25,2026-06-11,False,False,0,0.0,21,11,0.019704433497536946
300792.SZ,壹网壹创,1622,2019-09-27,2026-06-11,False,False,0,0.0,43,15,0.035758323057953144
300793.SZ,佳禾智能,1612,2019-10-18,2026-06-11,False,False,0,0.0,33,13,0.028535980148883373
300795.SZ,米奥会展,1608,2019-10-22,2026-06-11,False,False,0,0.0,36,14,0.03109452736318408
300796.SZ,贝斯美,1592,2019-11-15,2026-06-11,False,False,0,0.0,16,10,0.016331658291457288
300797.SZ,钢研纳克,1602,2019-11-01,2026-06-11,False,False,0,0.0,32,12,0.02746566791510612
300798.SZ,锦鸡股份,1587,2019-11-22,2026-06-11,False,False,0,0.0,38,19,0.035916824196597356
300800.SZ,力合科技,1599,2019-11-06,2026-06-11,False,False,0,0.0,9,10,0.011882426516572859
300801.SZ,泰和科技,1583,2019-11-28,2026-06-11,False,False,0,0.0,24,10,0.02147820593809223
300802.SZ,矩子科技,1592,2019-11-14,2026-06-11,False,False,0,0.0,19,13,0.020100502512562814
300803.SZ,指南针,1591,2019-11-18,2026-06-11,False,False,0,0.0,57,12,0.04336895034569453
300804.SZ,广康生化,717,2023-06-27,2026-06-11,False,False,0,0.0,13,10,0.03207810320781032
300805.SZ,电声股份,1588,2019-11-21,2026-06-11,False,False,0,0.0,41,18,0.0371536523929471
300806.SZ,斯迪克,1586,2019-11-25,2026-06-11,False,False,0,0.0,49,19,0.04287515762925599
300807.SZ,天迈科技,1553,2019-12-19,2026-06-11,False,False,0,0.0,44,22,0.04249839021249195
300808.SZ,久量股份,1582,2019-11-29,2026-06-11,False,False,0,0.0,27,10,0.02338811630847029
300809.SZ,华辰装备,1574,2019-12-04,2026-06-11,False,False,0,0.0,29,14,0.027318932655654382
300810.SZ,中科海讯,1577,2019-12-06,2026-06-11,False,False,0,0.0,35,15,0.03170577045022194
300811.SZ,铂科新材,1561,2019-12-30,2026-06-11,False,False,0,0.0,38,9,0.03010890454836643
300812.SZ,易天股份,1554,2020-01-09,2026-06-11,False,False,0,0.0,43,16,0.03796653796653797
300813.SZ,泰林生物,1551,2020-01-14,2026-06-11,False,False,0,0.0,51,21,0.04642166344294004
300814.SZ,中富电路,1168,2021-08-12,2026-06-11,False,False,0,0.0,34,14,0.0410958904109589
300815.SZ,玉禾田,1544,2020-01-23,2026-06-11,False,False,0,0.0,23,8,0.020077720207253884
300816.SZ,艾可蓝,1538,2020-02-10,2026-06-11,False,False,0,0.0,42,10,0.033810143042912875
300817.SZ,双飞集团,1532,2020-02-18,2026-06-11,False,False,0,0.0,37,18,0.03590078328981723
300818.SZ,耐普矿机,1536,2020-02-12,2026-06-11,False,False,0,0.0,23,10,0.021484375
300819.SZ,聚杰微纤,1515,2020-03-12,2026-06-11,False,False,0,0.0,37,13,0.033003300330033
300820.SZ,英杰电气,1535,2020-02-13,2026-06-11,False,False,0,0.0,51,14,0.04234527687296417
300821.SZ,东岳硅材,1515,2020-03-12,2026-06-11,False,False,0,0.0,31,9,0.026402640264026403
300822.SZ,贝仕达克,1514,2020-03-13,2026-06-11,False,False,0,0.0,32,14,0.03038309114927345
300823.SZ,建科智能,1510,2020-03-19,2026-06-11,False,False,0,0.0,19,14,0.02185430463576159
300824.SZ,北鼎股份,1448,2020-06-19,2026-06-11,False,False,0,0.0,31,9,0.027624309392265192
300825.SZ,阿尔特,1504,2020-03-27,2026-06-11,False,False,0,0.0,33,12,0.02992021276595745
300826.SZ,测绘股份,1499,2020-04-03,2026-06-11,False,False,0,0.0,18,15,0.022014676450967312
300827.SZ,上能电气,1480,2020-04-10,2026-06-11,False,False,0,0.0,47,16,0.04256756756756757
300828.SZ,锐新科技,1478,2020-04-21,2026-06-11,False,False,0,0.0,26,10,0.02435723951285521
300829.SZ,金丹科技,1487,2020-04-22,2026-06-11,False,False,0,0.0,29,9,0.025554808338937456
300830.SZ,金现代,1480,2020-05-06,2026-06-11,False,False,0,0.0,32,16,0.032432432432432434
300831.SZ,派瑞股份,1478,2020-05-07,2026-06-11,False,False,0,0.0,37,11,0.03247631935047361
300832.SZ,新产业,1476,2020-05-12,2026-06-11,False,False,0,0.0,19,4,0.015582655826558265
300833.SZ,浩洋股份,1470,2020-05-20,2026-06-11,False,False,0,0.0,16,8,0.0163265306122449
300834.SZ,星辉环材,1066,2022-01-13,2026-06-11,False,False,0,0.0,8,5,0.012195121951219513
300835.SZ,龙磁科技,1467,2020-05-25,2026-06-11,False,False,0,0.0,39,7,0.03135650988411725
300836.SZ,佰奥智能,1464,2020-05-28,2026-06-11,False,False,0,0.0,27,18,0.030737704918032786
300837.SZ,浙矿股份,1458,2020-06-05,2026-06-11,False,False,0,0.0,22,8,0.0205761316872428
300838.SZ,浙江力诺,1457,2020-06-08,2026-06-11,False,False,0,0.0,17,5,0.015099519560741249
300839.SZ,博汇股份,1438,2020-06-30,2026-06-11,False,False,0,0.0,27,16,0.029902642559109873
300840.SZ,酷特智能,1437,2020-07-08,2026-06-11,False,False,0,0.0,41,14,0.038274182324286705
300841.SZ,康华生物,1446,2020-06-16,2026-06-11,False,False,0,0.0,36,10,0.0318118948824343
300842.SZ,帝科股份,1439,2020-06-18,2026-06-11,False,False,0,0.0,48,18,0.04586518415566365
300843.SZ,胜蓝股份,1441,2020-07-02,2026-06-11,False,False,0,0.0,44,12,0.0388619014573213
300844.SZ,山水比德,1167,2021-08-13,2026-06-11,False,False,0,0.0,28,18,0.03941730934018852
300845.SZ,捷安高科,1440,2020-07-03,2026-06-11,False,False,0,0.0,31,16,0.03263888888888889
300846.SZ,首都在线,1442,2020-07-01,2026-06-11,False,False,0,0.0,65,22,0.060332871012482664
300847.SZ,中船汉光,1436,2020-07-09,2026-06-11,False,False,0,0.0,36,7,0.029944289693593314
300848.SZ,美瑞新材,1429,2020-07-20,2026-06-11,False,False,0,0.0,22,10,0.02239328201539538
300849.SZ,锦盛新材,1435,2020-07-10,2026-06-11,False,False,0,0.0,17,7,0.016724738675958188
300850.SZ,新强联,1428,2020-07-13,2026-06-11,False,False,0,0.0,38,9,0.032913165266106444
300851.SZ,交大思诺,1420,2020-07-17,2026-06-11,False,False,0,0.0,15,11,0.018309859154929577
300852.SZ,四会富仕,1434,2020-07-13,2026-06-11,False,False,0,0.0,23,8,0.021617852161785217
300853.SZ,申昊科技,1425,2020-07-24,2026-06-11,False,False,0,0.0,33,10,0.030175438596491227
300854.SZ,中兰环保,1143,2021-09-16,2026-06-11,False,False,0,0.0,16,16,0.02799650043744532
300855.SZ,图南股份,1426,2020-07-23,2026-06-11,False,False,0,0.0,25,8,0.02314165497896213
300856.SZ,科思股份,1427,2020-07-22,2026-06-11,False,False,0,0.0,18,12,0.02102312543798178
300857.SZ,协创数据,1424,2020-07-27,2026-06-11,False,False,0,0.0,47,10,0.04002808988764045
300858.SZ,科拓生物,1424,2020-07-27,2026-06-11,False,False,0,0.0,29,7,0.025280898876404494
300859.SZ,西域旅游,1412,2020-08-06,2026-06-11,False,False,0,0.0,35,19,0.03824362606232295
300860.SZ,锋尚文化,1404,2020-08-24,2026-06-11,False,False,0,0.0,16,10,0.018518518518518517
300861.SZ,美畅股份,1404,2020-08-24,2026-06-11,False,False,0,0.0,14,6,0.014245014245014245
300862.SZ,蓝盾光电,1404,2020-08-24,2026-06-11,False,False,0,0.0,17,9,0.018518518518518517
300863.SZ,卡倍亿,1404,2020-08-24,2026-06-11,False,False,0,0.0,25,15,0.02849002849002849
300864.SZ,南大环境,1404,2020-08-24,2026-06-11,False,False,0,0.0,13,6,0.013532763532763533
300865.SZ,大宏立,1404,2020-08-24,2026-06-11,False,False,0,0.0,28,14,0.029914529914529916
300866.SZ,安克创新,1404,2020-08-24,2026-06-11,False,False,0,0.0,14,5,0.013532763532763533
300867.SZ,圣元环保,1404,2020-08-24,2026-06-11,False,False,0,0.0,14,7,0.014957264957264958
300868.SZ,杰美特,1404,2020-08-24,2026-06-11,False,False,0,0.0,27,15,0.029914529914529916
300869.SZ,康泰医学,1404,2020-08-24,2026-06-11,False,False,0,0.0,22,11,0.023504273504273504
300870.SZ,欧陆通,1404,2020-08-24,2026-06-11,False,False,0,0.0,41,13,0.038461538461538464
300871.SZ,回盛生物,1404,2020-08-24,2026-06-11,False,False,0,0.0,15,12,0.019230769230769232
300872.SZ,天阳科技,1404,2020-08-24,2026-06-11,False,False,0,0.0,17,9,0.018518518518518517
300873.SZ,海晨股份,1404,2020-08-24,2026-06-11,False,False,0,0.0,10,8,0.01282051282051282
300875.SZ,捷强装备,1384,2020-08-24,2026-06-11,False,False,0,0.0,34,18,0.03757225433526012
300876.SZ,蒙泰高新,1404,2020-08-24,2026-06-11,False,False,0,0.0,13,15,0.019943019943019943
300877.SZ,金春股份,1404,2020-08-24,2026-06-11,False,False,0,0.0,19,10,0.020655270655270654
300878.SZ,维康药业,1404,2020-08-24,2026-06-11,False,False,0,0.0,27,13,0.02849002849002849
300879.SZ,大叶股份,1398,2020-09-01,2026-06-11,False,False,0,0.0,27,17,0.031473533619456366
300880.SZ,迦南智能,1398,2020-09-01,2026-06-11,False,False,0,0.0,25,12,0.026466380543633764
300881.SZ,盛德鑫泰,1398,2020-09-01,2026-06-11,False,False,0,0.0,26,16,0.030042918454935622
300882.SZ,万胜智能,1391,2020-09-10,2026-06-11,False,False,0,0.0,23,13,0.025880661394680086
300883.SZ,龙利得,1391,2020-09-10,2026-06-11,False,False,0,0.0,8,7,0.010783608914450037
300884.SZ,狄耐克,1352,2020-11-12,2026-06-11,False,False,0,0.0,14,10,0.01775147928994083
300885.SZ,海昌新材,1391,2020-09-10,2026-06-11,False,False,0,0.0,28,14,0.0301941049604601
300886.SZ,华业香料,1377,2020-09-16,2026-06-11,False,False,0,0.0,12,13,0.01815541031227306
300887.SZ,谱尼测试,1387,2020-09-16,2026-06-11,False,False,0,0.0,17,16,0.023792357606344627
300888.SZ,稳健医疗,1386,2020-09-17,2026-06-11,False,False,0,0.0,5,4,0.006493506493506494
300889.SZ,爱克股份,1377,2020-09-16,2026-06-11,False,False,0,0.0,11,13,0.017429193899782137
300890.SZ,翔丰华,1386,2020-09-17,2026-06-11,False,False,0,0.0,20,7,0.01948051948051948
300891.SZ,惠云钛业,1386,2020-09-17,2026-06-11,False,False,0,0.0,13,9,0.015873015873015872
300892.SZ,品渥食品,1381,2020-09-24,2026-06-11,False,False,0,0.0,31,17,0.03475742215785663
300893.SZ,松原安全,1381,2020-09-24,2026-06-11,False,False,0,0.0,22,7,0.020999275887038378
300894.SZ,火星人,1317,2020-12-31,2026-06-11,False,False,0,0.0,17,6,0.017463933181473046
300895.SZ,铜牛信息,1381,2020-09-24,2026-06-11,False,False,0,0.0,28,15,0.031136857349746562
300896.SZ,爱美客,1379,2020-09-28,2026-06-11,False,False,0,0.0,12,10,0.01595358955765047
300897.SZ,山科智能,1374,2020-09-28,2026-06-11,False,False,0,0.0,15,13,0.020378457059679767
300898.SZ,熊猫乳品,1371,2020-10-16,2026-06-11,False,False,0,0.0,15,9,0.0175054704595186
300899.SZ,*ST凯鑫,1369,2020-10-16,2026-06-11,True,False,0,0.0,15,16,0.022644265887509132
300900.SZ,广联航空,1362,2020-10-29,2026-06-11,False,False,0,0.0,23,11,0.024963289280469897
300901.SZ,中胤时尚,1362,2020-10-29,2026-06-11,False,False,0,0.0,17,12,0.021292217327459617
300902.SZ,国安达,1362,2020-10-29,2026-06-11,False,False,0,0.0,13,11,0.01762114537444934
300903.SZ,科翔股份,1357,2020-11-05,2026-06-11,False,False,0,0.0,33,11,0.032424465733235076
300904.SZ,威力传动,686,2023-08-09,2026-06-11,False,False,0,0.0,17,12,0.04227405247813411
300905.SZ,宝丽迪,1347,2020-11-05,2026-06-11,False,False,0,0.0,27,11,0.028210838901262063
300906.SZ,日月明,1357,2020-11-05,2026-06-11,False,False,0,0.0,12,9,0.015475313190862197
300907.SZ,康平科技,1348,2020-11-18,2026-06-11,False,False,0,0.0,24,9,0.024480712166172106
300908.SZ,仲景食品,1345,2020-11-23,2026-06-11,False,False,0,0.0,4,4,0.005947955390334572
300909.SZ,汇创达,1339,2020-11-18,2026-06-11,False,False,0,0.0,9,9,0.01344286781179985
300910.SZ,瑞丰新材,1341,2020-11-27,2026-06-11,False,False,0,0.0,13,9,0.01640566741237882
300911.SZ,亿田智能,1337,2020-12-03,2026-06-11,False,False,0,0.0,25,9,0.025430067314884067
300912.SZ,凯龙高科,1325,2020-12-07,2026-06-11,False,False,0,0.0,27,16,0.03245283018867925
300913.SZ,兆龙互连,1335,2020-12-07,2026-06-11,False,False,0,0.0,40,18,0.04344569288389513
300915.SZ,海融科技,1338,2020-12-02,2026-06-11,False,False,0,0.0,11,9,0.014947683109118086
300916.SZ,朗特智能,1338,2020-12-02,2026-06-11,False,False,0,0.0,21,16,0.02765321375186846
300917.SZ,特发服务,1325,2020-12-21,2026-06-11,False,False,0,0.0,33,17,0.03773584905660377
300918.SZ,南山智尚,1324,2020-12-22,2026-06-11,False,False,0,0.0,21,10,0.023413897280966767
300919.SZ,中伟股份,1323,2020-12-23,2026-06-11,False,False,0,0.0,14,6,0.015117157974300832
300920.SZ,润阳科技,1321,2020-12-25,2026-06-11,False,False,0,0.0,16,10,0.01968205904617714
300921.SZ,南凌科技,1324,2020-12-22,2026-06-11,False,False,0,0.0,25,19,0.03323262839879154
300922.SZ,天秦装备,1321,2020-12-25,2026-06-11,False,False,0,0.0,22,11,0.02498107494322483
300923.SZ,研奥股份,1322,2020-12-24,2026-06-11,False,False,0,0.0,15,11,0.019667170953101363
300925.SZ,法本信息,1318,2020-12-30,2026-06-11,False,False,0,0.0,29,14,0.032625189681335355
300926.SZ,博俊科技,1313,2021-01-07,2026-06-11,False,False,0,0.0,23,10,0.02513328255902513
300927.SZ,江天化学,1313,2021-01-07,2026-06-11,False,False,0,0.0,32,14,0.035034272658035034
300928.SZ,华安鑫创,1314,2021-01-06,2026-06-11,False,False,0,0.0,17,15,0.0243531202435312
300929.SZ,华骐环保,1304,2021-01-20,2026-06-11,False,False,0,0.0,11,13,0.018404907975460124
300930.SZ,屹通新材,1303,2021-01-21,2026-06-11,False,False,0,0.0,19,10,0.022256331542594012
300931.SZ,通用电梯,1303,2021-01-21,2026-06-11,False,False,0,0.0,12,9,0.016116653875671526
300932.SZ,三友联众,1302,2021-01-22,2026-06-11,False,False,0,0.0,13,16,0.02227342549923195
300933.SZ,中辰股份,1302,2021-01-22,2026-06-11,False,False,0,0.0,18,11,0.02227342549923195
300935.SZ,盈建科,1304,2021-01-20,2026-06-11,False,False,0,0.0,18,12,0.023006134969325152
300936.SZ,中英科技,1300,2021-01-26,2026-06-11,False,False,0,0.0,27,14,0.031538461538461536
300937.SZ,药易购,1299,2021-01-27,2026-06-11,False,False,0,0.0,25,13,0.029253271747498075
300938.SZ,信测标准,1299,2021-01-27,2026-06-11,False,False,0,0.0,21,13,0.02617397998460354
300939.SZ,秋田微,1298,2021-01-28,2026-06-11,False,False,0,0.0,17,10,0.020801232665639446
300940.SZ,南极光,1294,2021-02-03,2026-06-11,False,False,0,0.0,20,13,0.025502318392581144
300941.SZ,创识科技,1290,2021-02-09,2026-06-11,False,False,0,0.0,20,14,0.02635658914728682
300942.SZ,易瑞生物,1290,2021-02-09,2026-06-11,False,False,0,0.0,22,15,0.02868217054263566
300943.SZ,春晖智控,1279,2021-02-10,2026-06-11,False,False,0,0.0,32,15,0.03674745895230649
300945.SZ,曼卡龙,1289,2021-02-10,2026-06-11,False,False,0,0.0,22,13,0.027152831652443754
300946.SZ,恒而达,1291,2021-02-08,2026-06-11,False,False,0,0.0,30,13,0.033307513555383424
300947.SZ,德必集团,1289,2021-02-10,2026-06-11,False,False,0,0.0,24,15,0.030256012412723042
300948.SZ,冠中生态,1278,2021-02-25,2026-06-11,False,False,0,0.0,19,15,0.026604068857589983
300949.SZ,奥雅股份,1282,2021-02-26,2026-06-11,False,False,0,0.0,26,18,0.0343213728549142
300950.SZ,德固特,1269,2021-03-03,2026-06-11,False,False,0,0.0,30,12,0.03309692671394799
300951.SZ,博硕科技,1282,2021-02-26,2026-06-11,False,False,0,0.0,11,7,0.014040561622464899
300952.SZ,恒辉安防,1273,2021-03-11,2026-06-11,False,False,0,0.0,9,9,0.014139827179890024
300953.SZ,震裕科技,1268,2021-03-18,2026-06-11,False,False,0,0.0,33,8,0.032334384858044164
300955.SZ,嘉亨家化,1259,2021-03-24,2026-06-11,False,False,0,0.0,19,14,0.026211278792692614
300956.SZ,英力股份,1252,2021-03-26,2026-06-11,False,False,0,0.0,18,15,0.026357827476038338
300957.SZ,贝泰妮,1263,2021-03-25,2026-06-11,False,False,0,0.0,8,4,0.009501187648456057
300958.SZ,建工修复,1261,2021-03-29,2026-06-11,False,False,0,0.0,8,9,0.013481363996827915
300959.SZ,线上线下,1261,2021-03-22,2026-06-11,False,False,0,0.0,30,14,0.034892942109436956
300960.SZ,通业科技,1261,2021-03-29,2026-06-11,False,False,0,0.0,23,15,0.03013481363996828
300961.SZ,深水海纳,1260,2021-03-30,2026-06-11,False,False,0,0.0,21,15,0.02857142857142857
300962.SZ,中金辐照,1253,2021-04-09,2026-06-11,False,False,0,0.0,9,5,0.0111731843575419
300963.SZ,中洲特材,1253,2021-04-09,2026-06-11,False,False,0,0.0,22,15,0.029529130087789304
300964.SZ,本川智能,1173,2021-08-05,2026-06-11,False,False,0,0.0,24,13,0.03154305200341006
300965.SZ,恒宇信通,1236,2021-04-02,2026-06-11,False,False,0,0.0,23,16,0.03155339805825243
300966.SZ,共同药业,1253,2021-04-09,2026-06-11,False,False,0,0.0,25,11,0.028731045490822026
300967.SZ,晓鸣股份,1251,2021-04-13,2026-06-11,False,False,0,0.0,23,14,0.029576338928856916
300968.SZ,格林精密,1249,2021-04-15,2026-06-11,False,False,0,0.0,18,11,0.02321857485988791
300969.SZ,恒帅股份,1252,2021-04-12,2026-06-11,False,False,0,0.0,39,16,0.0439297124600639
300970.SZ,华绿生物,1252,2021-04-12,2026-06-11,False,False,0,0.0,16,10,0.020766773162939296
300971.SZ,博亚精工,1249,2021-04-15,2026-06-11,False,False,0,0.0,13,10,0.018414731785428344
300972.SZ,万辰集团,1247,2021-04-19,2026-06-11,False,False,0,0.0,30,5,0.028067361668003207
300973.SZ,立高食品,1249,2021-04-15,2026-06-11,False,False,0,0.0,11,6,0.013610888710968775
300975.SZ,商络电子,1245,2021-04-21,2026-06-11,False,False,0,0.0,19,19,0.030522088353413655
300976.SZ,达瑞电子,1247,2021-04-19,2026-06-11,False,False,0,0.0,10,7,0.0136327185244587
300977.SZ,深圳瑞捷,1246,2021-04-20,2026-06-11,False,False,0,0.0,23,13,0.028892455858747994
300978.SZ,东箭科技,1242,2021-04-26,2026-06-11,False,False,0,0.0,17,11,0.02254428341384863
300979.SZ,华利集团,1242,2021-04-26,2026-06-11,False,False,0,0.0,2,4,0.004830917874396135
300980.SZ,祥源新材,1245,2021-04-21,2026-06-11,False,False,0,0.0,15,10,0.020080321285140562
300981.SZ,中红医疗,1241,2021-04-27,2026-06-11,False,False,0,0.0,9,13,0.017727639000805803
300982.SZ,苏文电能,1241,2021-04-27,2026-06-11,False,False,0,0.0,19,6,0.020145044319097503
300983.SZ,尤安设计,1246,2021-04-20,2026-06-11,False,False,0,0.0,6,7,0.01043338683788122
300984.SZ,金沃股份,1207,2021-06-18,2026-06-11,False,False,0,0.0,19,10,0.024026512013256007
300985.SZ,致远新能,1239,2021-04-29,2026-06-11,False,False,0,0.0,18,10,0.022598870056497175
300986.SZ,志特新材,1235,2021-04-30,2026-06-11,False,False,0,0.0,27,15,0.0340080971659919
300987.SZ,川网传媒,1234,2021-05-11,2026-06-11,False,False,0,0.0,22,13,0.028363047001620744
300988.SZ,津荣天宇,1233,2021-05-12,2026-06-11,False,False,0,0.0,20,15,0.028386050283860504
300989.SZ,蕾奥规划,1236,2021-05-07,2026-06-11,False,False,0,0.0,19,14,0.02669902912621359
300990.SZ,同飞股份,1233,2021-05-12,2026-06-11,False,False,0,0.0,35,9,0.035685320356853206
300991.SZ,创益通,1227,2021-05-20,2026-06-11,False,False,0,0.0,18,15,0.02689486552567237
300992.SZ,泰福泵业,1219,2021-05-25,2026-06-11,False,False,0,0.0,15,11,0.02132895816242822
300993.SZ,玉马科技,1225,2021-05-24,2026-06-11,False,False,0,0.0,11,8,0.015510204081632653
300994.SZ,久祺股份,1168,2021-08-12,2026-06-11,False,False,0,0.0,16,8,0.02054794520547945
300995.SZ,奇德新材,1223,2021-05-26,2026-06-11,False,False,0,0.0,20,11,0.025347506132461162
300996.SZ,普联软件,1217,2021-06-03,2026-06-11,False,False,0,0.0,23,13,0.029580936729663106
300997.SZ,欢乐家,1218,2021-06-02,2026-06-11,False,False,0,0.0,20,13,0.027093596059113302
300998.SZ,宁波方正,1218,2021-06-02,2026-06-11,False,False,0,0.0,13,15,0.022988505747126436
300999.SZ,金龙鱼,1372,2020-10-15,2026-06-11,False,False,0,0.0,10,4,0.01020408163265306
301000.SZ,肇民科技,1221,2021-05-28,2026-06-11,False,False,0,0.0,24,12,0.029484029484029485
301001.SZ,凯淳股份,1221,2021-05-28,2026-06-11,False,False,0,0.0,28,23,0.04176904176904177
301002.SZ,崧盛股份,1215,2021-06-07,2026-06-11,False,False,0,0.0,18,9,0.022222222222222223
301003.SZ,江苏博云,1219,2021-06-01,2026-06-11,False,False,0,0.0,13,9,0.01804757998359311
301004.SZ,嘉益股份,1202,2021-06-25,2026-06-11,False,False,0,0.0,10,10,0.016638935108153077
301005.SZ,超捷股份,1219,2021-06-01,2026-06-11,False,False,0,0.0,27,16,0.03527481542247744
301006.SZ,迈拓股份,1215,2021-06-07,2026-06-11,False,False,0,0.0,11,9,0.01646090534979424
301007.SZ,德迈仕,1207,2021-06-16,2026-06-11,False,False,0,0.0,25,13,0.03148301574150787
301008.SZ,宏昌科技,1211,2021-06-11,2026-06-11,False,False,0,0.0,18,9,0.022295623451692816
301009.SZ,可靠股份,1208,2021-06-17,2026-06-11,False,False,0,0.0,12,11,0.01903973509933775
301010.SZ,晶雪节能,1207,2021-06-18,2026-06-11,False,False,0,0.0,24,17,0.03396851698425849
301011.SZ,华立科技,1208,2021-06-17,2026-06-11,False,False,0,0.0,24,15,0.03228476821192053
301012.SZ,扬电科技,1203,2021-06-22,2026-06-11,False,False,0,0.0,28,12,0.03325020781379884
301013.SZ,利和兴,1200,2021-06-29,2026-06-11,False,False,0,0.0,34,15,0.04083333333333333
301015.SZ,百洋医药,1199,2021-06-30,2026-06-11,False,False,0,0.0,10,8,0.015012510425354461
301016.SZ,雷尔伟,1189,2021-06-30,2026-06-11,False,False,0,0.0,31,18,0.04121110176619008
301017.SZ,漱玉平民,1196,2021-07-05,2026-06-11,False,False,0,0.0,16,9,0.020903010033444816
301018.SZ,申菱环境,1194,2021-07-07,2026-06-11,False,False,0,0.0,38,13,0.04271356783919598
301019.SZ,宁波色母,1201,2021-06-28,2026-06-11,False,False,0,0.0,6,6,0.009991673605328892
301020.SZ,密封科技,1195,2021-07-06,2026-06-11,False,False,0,0.0,11,12,0.019246861924686193
301021.SZ,英诺激光,1195,2021-07-06,2026-06-11,False,False,0,0.0,31,12,0.03598326359832636
301022.SZ,海泰科,1187,2021-07-02,2026-06-11,False,False,0,0.0,25,18,0.03622577927548441
301023.SZ,江南奕帆,1194,2021-07-07,2026-06-11,False,False,0,0.0,17,13,0.02512562814070352
301024.SZ,霍普股份,1179,2021-07-28,2026-06-11,False,False,0,0.0,21,17,0.032230703986429174
301025.SZ,读客文化,1181,2021-07-19,2026-06-11,False,False,0,0.0,25,18,0.03640982218458933
301026.SZ,浩通科技,1187,2021-07-16,2026-06-11,False,False,0,0.0,12,10,0.018534119629317607
301027.SZ,华蓝集团,1185,2021-07-15,2026-06-11,False,False,0,0.0,22,18,0.03375527426160337
301028.SZ,东亚机械,1185,2021-07-20,2026-06-11,False,False,0,0.0,8,8,0.01350210970464135
301029.SZ,怡合达,1182,2021-07-23,2026-06-11,False,False,0,0.0,8,5,0.010998307952622674
301030.SZ,仕净科技,1182,2021-07-22,2026-06-11,False,False,0,0.0,22,8,0.025380710659898477
301031.SZ,中熔电气,1188,2021-07-15,2026-06-11,False,False,0,0.0,19,7,0.021885521885521887
301032.SZ,新柴股份,1183,2021-07-22,2026-06-11,False,False,0,0.0,14,10,0.02028740490278952
301033.SZ,迈普医学,1171,2021-07-26,2026-06-11,False,False,0,0.0,19,8,0.02305721605465414
301035.SZ,润丰股份,1179,2021-07-28,2026-06-11,False,False,0,0.0,10,3,0.01102629346904156
301036.SZ,双乐股份,1178,2021-07-29,2026-06-11,False,False,0,0.0,19,9,0.023769100169779286
301037.SZ,保立佳,1177,2021-07-30,2026-06-11,False,False,0,0.0,7,11,0.015293118096856415
301038.SZ,深水规院,1174,2021-08-04,2026-06-11,False,False,0,0.0,28,14,0.03577512776831346
301039.SZ,中集车辆,1191,2021-07-08,2026-06-11,False,False,0,0.0,8,3,0.009235936188077247
301040.SZ,中环海陆,1170,2021-08-03,2026-06-11,False,False,0,0.0,20,12,0.02735042735042735
301041.SZ,金百泽,1169,2021-08-11,2026-06-11,False,False,0,0.0,21,11,0.02737382378100941
301042.SZ,安联锐视,1173,2021-08-05,2026-06-11,False,False,0,0.0,12,10,0.01875532821824382
301043.SZ,绿岛风,1169,2021-08-11,2026-06-11,False,False,0,0.0,10,6,0.013686911890504704
301045.SZ,天禄科技,1167,2021-08-13,2026-06-11,False,False,0,0.0,11,8,0.016281062553556127
301046.SZ,能辉科技,1165,2021-08-17,2026-06-11,False,False,0,0.0,18,8,0.022317596566523604
301047.SZ,义翘神州,1166,2021-08-16,2026-06-11,False,False,0,0.0,11,4,0.012864493996569469
301048.SZ,金鹰重工,1164,2021-08-18,2026-06-11,False,False,0,0.0,15,7,0.018900343642611683
301049.SZ,超越科技,1160,2021-08-24,2026-06-11,False,False,0,0.0,22,9,0.026724137931034484
301050.SZ,雷电微力,1160,2021-08-24,2026-06-11,False,False,0,0.0,9,6,0.01293103448275862
301051.SZ,信濠光电,1157,2021-08-27,2026-06-11,False,False,0,0.0,7,8,0.01296456352636128
301052.SZ,果麦文化,1156,2021-08-30,2026-06-11,False,False,0,0.0,29,17,0.039792387543252594
301053.SZ,远信工业,1154,2021-09-01,2026-06-11,False,False,0,0.0,14,11,0.021663778162911613
301055.SZ,张小泉,1151,2021-09-06,2026-06-11,False,False,0,0.0,15,8,0.01998262380538662
301056.SZ,森赫股份,1150,2021-09-07,2026-06-11,False,False,0,0.0,9,7,0.01391304347826087
301057.SZ,汇隆新材,1143,2021-09-09,2026-06-11,False,False,0,0.0,8,9,0.014873140857392825
301058.SZ,中粮科工,1148,2021-09-09,2026-06-11,False,False,0,0.0,14,5,0.016550522648083623
301059.SZ,金三江,1146,2021-09-13,2026-06-11,False,False,0,0.0,16,12,0.02443280977312391
301060.SZ,兰卫医学,1146,2021-09-13,2026-06-11,False,False,0,0.0,29,14,0.037521815008726006
301061.SZ,匠心家居,1146,2021-09-13,2026-06-11,False,False,0,0.0,6,10,0.013961605584642234
301062.SZ,上海艾录,1145,2021-09-14,2026-06-11,False,False,0,0.0,6,6,0.010480349344978166
301063.SZ,海锅股份,1139,2021-09-24,2026-06-11,False,False,0,0.0,15,9,0.021071115013169446
301065.SZ,本立科技,1145,2021-09-14,2026-06-11,False,False,0,0.0,14,10,0.02096069868995633
301066.SZ,万事利,1141,2021-09-22,2026-06-11,False,False,0,0.0,26,13,0.03418054338299737
301067.SZ,显盈科技,1141,2021-09-22,2026-06-11,False,False,0,0.0,16,11,0.02366345311130587
301068.SZ,大地海洋,1127,2021-09-28,2026-06-11,False,False,0,0.0,13,9,0.019520851818988466
301069.SZ,凯盛新材,1138,2021-09-27,2026-06-11,False,False,0,0.0,16,9,0.021968365553602813
301070.SZ,开勒股份,1140,2021-09-23,2026-06-11,False,False,0,0.0,24,13,0.03245614035087719
301071.SZ,力量钻石,1139,2021-09-24,2026-06-11,False,False,0,0.0,18,8,0.0228270412642669
301072.SZ,中捷精工,1136,2021-09-29,2026-06-11,False,False,0,0.0,23,15,0.03345070422535211
301073.SZ,君亭酒店,1130,2021-09-30,2026-06-11,False,False,0,0.0,20,11,0.02743362831858407
301075.SZ,多瑞医药,1129,2021-09-29,2026-06-11,False,False,0,0.0,26,16,0.03720106288751107
301076.SZ,新瀚新材,1133,2021-10-11,2026-06-11,False,False,0,0.0,24,14,0.03353927625772286
301077.SZ,星华新材,1135,2021-09-30,2026-06-11,False,False,0,0.0,14,9,0.02026431718061674
301078.SZ,孩子王,1130,2021-10-14,2026-06-11,False,False,0,0.0,14,9,0.020353982300884955
301079.SZ,邵阳液压,1117,2021-10-19,2026-06-11,False,False,0,0.0,23,18,0.03670546105640107
301080.SZ,百普赛斯,1128,2021-10-18,2026-06-11,False,False,0,0.0,11,6,0.015070921985815602
301081.SZ,严牌股份,1126,2021-10-20,2026-06-11,False,False,0,0.0,12,12,0.021314387211367674
301082.SZ,久盛电气,1121,2021-10-27,2026-06-11,False,False,0,0.0,27,11,0.03389830508474576
301083.SZ,百胜智能,1125,2021-10-21,2026-06-11,False,False,0,0.0,18,14,0.028444444444444446
301085.SZ,亚康股份,1128,2021-10-18,2026-06-11,False,False,0,0.0,34,14,0.0425531914893617
301086.SZ,鸿富瀚,1126,2021-10-20,2026-06-11,False,False,0,0.0,17,12,0.02575488454706927
301087.SZ,可孚医疗,1123,2021-10-25,2026-06-11,False,False,0,0.0,10,5,0.013357079252003561
301088.SZ,戎美股份,1120,2021-10-28,2026-06-11,False,False,0,0.0,9,6,0.013392857142857142
301089.SZ,拓新药业,1116,2021-10-27,2026-06-11,False,False,0,0.0,44,13,0.051075268817204304
301090.SZ,华润材料,1122,2021-10-26,2026-06-11,False,False,0,0.0,5,5,0.008912655971479501
301091.SZ,深城交,1119,2021-10-29,2026-06-11,False,False,0,0.0,28,15,0.03842716711349419
301092.SZ,争光股份,1117,2021-11-02,2026-06-11,False,False,0,0.0,12,5,0.01521933751119069
301093.SZ,华兰股份,1118,2021-11-01,2026-06-11,False,False,0,0.0,12,5,0.01520572450805009
301095.SZ,广立微,931,2022-08-05,2026-06-11,False,False,0,0.0,14,7,0.022556390977443608
301096.SZ,百诚医药,1078,2021-12-20,2026-06-11,False,False,0,0.0,8,6,0.012987012987012988
301097.SZ,天益医疗,1013,2022-04-07,2026-06-11,False,False,0,0.0,9,7,0.01579466929911155
301098.SZ,金埔园林,1109,2021-11-12,2026-06-11,False,False,0,0.0,11,7,0.016230838593327322
301099.SZ,雅创电子,1103,2021-11-22,2026-06-11,False,False,0,0.0,26,11,0.033544877606527655
301100.SZ,风光股份,1084,2021-12-17,2026-06-11,False,False,0,0.0,8,8,0.014760147601476014
301101.SZ,明月镜片,1085,2021-12-16,2026-06-11,False,False,0,0.0,19,7,0.023963133640552997
301102.SZ,兆讯传媒,1019,2022-03-28,2026-06-11,False,False,0,0.0,11,8,0.018645731108930325
301103.SZ,何氏眼科,1023,2022-03-22,2026-06-11,False,False,0,0.0,7,4,0.010752688172043012
301105.SZ,鸿铭股份,832,2022-12-30,2026-06-11,False,False,0,0.0,7,8,0.018028846153846152
301106.SZ,骏成科技,1045,2022-01-28,2026-06-11,False,False,0,0.0,8,8,0.015311004784688996
301107.SZ,瑜欣电子,983,2022-05-24,2026-06-11,False,False,0,0.0,8,9,0.017293997965412006
301108.SZ,洁雅股份,1094,2021-12-03,2026-06-11,False,False,0,0.0,9,5,0.012797074954296161
301109.SZ,军信股份,999,2022-04-13,2026-06-11,False,False,0,0.0,5,5,0.01001001001001001
301110.SZ,青木科技,1030,2022-03-11,2026-06-11,False,False,0,0.0,20,16,0.03495145631067961
301111.SZ,粤万年青,1092,2021-12-07,2026-06-11,False,False,0,0.0,18,13,0.028388278388278388
301112.SZ,信邦智能,948,2022-06-29,2026-06-11,False,False,0,0.0,18,8,0.027426160337552744
301113.SZ,雅艺科技,1081,2021-12-22,2026-06-11,False,False,0,0.0,9,12,0.01942645698427382
301115.SZ,联检科技,913,2022-08-31,2026-06-11,False,False,0,0.0,6,4,0.01095290251916758
301116.SZ,益客食品,1063,2022-01-18,2026-06-11,False,False,0,0.0,8,7,0.014111006585136407
301117.SZ,佳缘科技,1064,2022-01-17,2026-06-11,False,False,0,0.0,23,18,0.03853383458646616
301118.SZ,恒光股份,1105,2021-11-18,2026-06-11,False,False,0,0.0,15,13,0.025339366515837104
301119.SZ,正强股份,1103,2021-11-22,2026-06-11,False,False,0,0.0,17,7,0.021758839528558477
301120.SZ,新特电气,1005,2022-04-19,2026-06-11,False,False,0,0.0,22,16,0.03781094527363184
301121.SZ,紫建电子,930,2022-08-08,2026-06-11,False,False,0,0.0,15,11,0.02795698924731183
301122.SZ,采纳股份,1057,2022-01-26,2026-06-11,False,False,0,0.0,13,8,0.019867549668874173
301123.SZ,奕东电子,1058,2022-01-25,2026-06-11,False,False,0,0.0,27,11,0.035916824196597356
301125.SZ,腾亚精工,973,2022-06-08,2026-06-11,False,False,0,0.0,16,13,0.029804727646454265
301126.SZ,达嘉维康,1092,2021-12-07,2026-06-11,False,False,0,0.0,12,10,0.020146520146520148
301127.SZ,武汉天源,1075,2021-12-30,2026-06-11,False,False,0,0.0,8,8,0.014883720930232559
301128.SZ,强瑞技术,1111,2021-11-10,2026-06-11,False,False,0,0.0,28,18,0.041404140414041404
301129.SZ,瑞纳智能,1117,2021-11-02,2026-06-11,False,False,0,0.0,22,10,0.02864816472694718
301130.SZ,西点药业,1042,2022-02-23,2026-06-11,False,False,0,0.0,7,5,0.011516314779270634
301131.SZ,聚赛龙,1029,2022-03-14,2026-06-11,False,False,0,0.0,9,11,0.019436345966958212
301132.SZ,满坤科技,928,2022-08-10,2026-06-11,False,False,0,0.0,16,9,0.02693965517241379
301133.SZ,金钟股份,1099,2021-11-26,2026-06-11,False,False,0,0.0,18,7,0.022747952684258416
301135.SZ,瑞德智能,1010,2022-04-12,2026-06-11,False,False,0,0.0,13,8,0.020792079207920793
301136.SZ,招标股份,1068,2022-01-11,2026-06-11,False,False,0,0.0,24,12,0.033707865168539325
301137.SZ,哈焊华通,1023,2022-03-22,2026-06-11,False,False,0,0.0,28,15,0.042033235581622676
301138.SZ,华研精机,1086,2021-12-15,2026-06-11,False,False,0,0.0,17,13,0.027624309392265192
301139.SZ,元道通信,950,2022-07-08,2026-06-11,False,False,0,0.0,22,18,0.042105263157894736
301141.SZ,中科磁业,772,2023-04-03,2026-06-11,False,False,0,0.0,25,8,0.042746113989637305
301148.SZ,嘉戎技术,993,2022-04-21,2026-06-11,False,False,0,0.0,18,11,0.02920443101711984
301149.SZ,隆华新材,1111,2021-11-10,2026-06-11,False,False,0,0.0,9,7,0.0144014401440144
301150.SZ,中一科技,1003,2022-04-21,2026-06-11,False,False,0,0.0,27,13,0.03988035892323031
301151.SZ,冠龙节能,1011,2022-04-11,2026-06-11,False,False,0,0.0,14,9,0.02274975272007913
301152.SZ,天力锂能,915,2022-08-29,2026-06-11,False,False,0,0.0,15,9,0.02622950819672131
301153.SZ,中科江南,987,2022-05-18,2026-06-11,False,False,0,0.0,15,8,0.02330293819655522
301155.SZ,海力风电,1101,2021-11-24,2026-06-11,False,False,0,0.0,15,6,0.01907356948228883
301156.SZ,美农生物,966,2022-06-17,2026-06-11,False,False,0,0.0,13,8,0.021739130434782608
301157.SZ,华塑科技,789,2023-03-09,2026-06-11,False,False,0,0.0,12,12,0.030418250950570342
301158.SZ,德石股份,1064,2022-01-17,2026-06-11,False,False,0,0.0,16,13,0.02725563909774436
301159.SZ,三维天地,1070,2022-01-07,2026-06-11,False,False,0,0.0,20,14,0.03177570093457944
301160.SZ,翔楼新材,975,2022-06-06,2026-06-11,False,False,0,0.0,11,4,0.015384615384615385
301161.SZ,唯万密封,904,2022-09-14,2026-06-11,False,False,0,0.0,23,11,0.03761061946902655
301162.SZ,国能日新,997,2022-04-29,2026-06-11,False,False,0,0.0,23,6,0.029087261785356068
301163.SZ,宏德股份,1005,2022-04-19,2026-06-11,False,False,0,0.0,14,12,0.025870646766169153
301165.SZ,锐捷网络,861,2022-11-21,2026-06-11,False,False,0,0.0,16,11,0.0313588850174216
301166.SZ,优宁维,1077,2021-12-28,2026-06-11,False,False,0,0.0,9,7,0.014856081708449397
301167.SZ,建研设计,1093,2021-12-06,2026-06-11,False,False,0,0.0,11,8,0.01738334858188472
301168.SZ,通灵股份,1089,2021-12-10,2026-06-11,False,False,0,0.0,21,9,0.027548209366391185
301169.SZ,零点有数,1116,2021-11-03,2026-06-11,False,False,0,0.0,20,13,0.02956989247311828
301170.SZ,锡南科技,717,2023-06-27,2026-06-11,False,False,0,0.0,8,6,0.019525801952580194
301171.SZ,易点天下,918,2022-08-19,2026-06-11,False,False,0,0.0,23,9,0.034858387799564274
301172.SZ,君逸数码,696,2023-07-26,2026-06-11,False,False,0,0.0,10,9,0.027298850574712645
301175.SZ,中科环保,951,2022-07-08,2026-06-11,False,False,0,0.0,6,5,0.011566771819137749
301176.SZ,逸豪新材,894,2022-09-28,2026-06-11,False,False,0,0.0,26,8,0.03803131991051454
301177.SZ,迪阿股份,1086,2021-12-15,2026-06-11,False,False,0,0.0,8,6,0.01289134438305709
301178.SZ,天亿马,1099,2021-11-12,2026-06-11,False,False,0,0.0,19,13,0.029117379435850774
301179.SZ,泽宇智能,1091,2021-12-08,2026-06-11,False,False,0,0.0,13,8,0.01924839596700275
301180.SZ,万祥科技,1107,2021-11-16,2026-06-11,False,False,0,0.0,14,9,0.02077687443541102
301181.SZ,标榜股份,1039,2022-02-21,2026-06-11,False,False,0,0.0,19,12,0.029836381135707413
301182.SZ,凯旺科技,1080,2021-12-23,2026-06-11,False,False,0,0.0,26,16,0.03888888888888889
301183.SZ,东田微,983,2022-05-24,2026-06-11,False,False,0,0.0,42,18,0.061037639877924724
301185.SZ,鸥玛软件,1104,2021-11-19,2026-06-11,False,False,0,0.0,9,6,0.01358695652173913
301186.SZ,超达装备,1078,2021-12-23,2026-06-11,False,False,0,0.0,10,8,0.016697588126159554
301187.SZ,欧圣电气,1002,2022-04-22,2026-06-11,False,False,0,0.0,12,13,0.0249500998003992
301188.SZ,力诺药包,1110,2021-11-11,2026-06-11,False,False,0,0.0,14,6,0.018018018018018018
301189.SZ,奥尼电子,1077,2021-12-28,2026-06-11,False,False,0,0.0,17,7,0.022284122562674095
301190.SZ,善水科技,1079,2021-12-24,2026-06-11,False,False,0,0.0,6,4,0.009267840593141797
301191.SZ,菲菱科思,981,2022-05-26,2026-06-11,False,False,0,0.0,28,14,0.04281345565749235
301192.SZ,泰祥股份,927,2022-08-11,2026-06-11,False,False,0,0.0,11,15,0.028047464940668825
301193.SZ,家联科技,1090,2021-12-09,2026-06-11,False,False,0,0.0,7,11,0.01651376146788991
301195.SZ,北路智控,935,2022-08-01,2026-06-11,False,False,0,0.0,6,4,0.0106951871657754
301196.SZ,唯科科技,1068,2022-01-11,2026-06-11,False,False,0,0.0,20,4,0.02247191011235955
301197.SZ,工大科雅,930,2022-08-08,2026-06-11,False,False,0,0.0,13,10,0.024731182795698924
301198.SZ,喜悦智行,1095,2021-12-02,2026-06-11,False,False,0,0.0,16,14,0.0273972602739726
301199.SZ,迈赫股份,1092,2021-12-07,2026-06-11,False,False,0,0.0,18,8,0.023809523809523808
301200.SZ,大族数控,1039,2022-02-28,2026-06-11,False,False,0,0.0,16,2,0.017324350336862367
301201.SZ,诚达药业,1061,2022-01-20,2026-06-11,False,False,0,0.0,22,13,0.03298774740810556
301202.SZ,朗威股份,711,2023-07-05,2026-06-11,False,False,0,0.0,15,11,0.03656821378340366
301203.SZ,国泰环保,771,2023-04-04,2026-06-11,False,False,0,0.0,7,3,0.01297016861219196
301205.SZ,联特科技,905,2022-09-13,2026-06-11,False,False,0,0.0,45,11,0.061878453038674036
301206.SZ,三元生物,1051,2022-02-10,2026-06-11,False,False,0,0.0,4,6,0.009514747859181731
301207.SZ,华兰疫苗,1045,2022-02-18,2026-06-11,False,False,0,0.0,14,5,0.01818181818181818
301208.SZ,中亦科技,952,2022-07-07,2026-06-11,False,False,0,0.0,20,10,0.031512605042016806
301209.SZ,联合化学,917,2022-08-25,2026-06-11,False,False,0,0.0,19,12,0.03380588876772083
301210.SZ,金杨股份,714,2023-06-30,2026-06-11,False,False,0,0.0,10,9,0.02661064425770308
301211.SZ,亨迪药业,1081,2021-12-22,2026-06-11,False,False,0,0.0,21,16,0.034227567067530065
301212.SZ,联盛化学,1005,2022-04-19,2026-06-11,False,False,0,0.0,16,10,0.025870646766169153
301213.SZ,观想科技,1083,2021-12-06,2026-06-11,False,False,0,0.0,26,16,0.038781163434903045
301215.SZ,中汽股份,1033,2022-03-08,2026-06-11,False,False,0,0.0,9,8,0.016456921587608905
301216.SZ,万凯新材,1018,2022-03-29,2026-06-11,False,False,0,0.0,7,3,0.009823182711198428
301217.SZ,铜冠铜箔,1056,2022-01-27,2026-06-11,False,False,0,0.0,26,10,0.03409090909090909
301218.SZ,华是科技,1029,2022-03-07,2026-06-11,False,False,0,0.0,26,16,0.04081632653061224
301219.SZ,腾远钴业,1026,2022-03-17,2026-06-11,False,False,0,0.0,9,6,0.014619883040935672
301220.SZ,亚香股份,963,2022-06-22,2026-06-11,False,False,0,0.0,13,4,0.017653167185877467
301221.SZ,光庭信息,1081,2021-12-22,2026-06-11,False,False,0,0.0,15,11,0.024051803885291396
301222.SZ,浙江恒威,1032,2022-03-09,2026-06-11,False,False,0,0.0,13,10,0.022286821705426358
301223.SZ,中荣股份,879,2022-10-26,2026-06-11,False,False,0,0.0,1,2,0.0034129692832764505
301225.SZ,恒勃股份,722,2023-06-16,2026-06-11,False,False,0,0.0,22,7,0.04016620498614958
301226.SZ,祥明智能,1020,2022-03-25,2026-06-11,False,False,0,0.0,27,12,0.03823529411764706
301227.SZ,森鹰窗业,896,2022-09-26,2026-06-11,False,False,0,0.0,9,6,0.016741071428571428
301228.SZ,实朴检测,1055,2022-01-28,2026-06-11,False,False,0,0.0,26,14,0.037914691943127965
301229.SZ,纽泰格,1043,2022-02-22,2026-06-11,False,False,0,0.0,11,12,0.02205177372962608
301230.SZ,泓博医药,875,2022-11-01,2026-06-11,False,False,0,0.0,23,13,0.04114285714285714
301231.SZ,荣信文化,907,2022-09-08,2026-06-11,False,False,0,0.0,23,19,0.04630650496141125
301232.SZ,飞沃科技,723,2023-06-15,2026-06-11,False,False,0,0.0,26,14,0.05532503457814661
301233.SZ,盛帮股份,953,2022-07-06,2026-06-11,False,False,0,0.0,8,4,0.012591815320041973
301234.SZ,五洲医疗,954,2022-07-05,2026-06-11,False,False,0,0.0,9,7,0.016771488469601678
301235.SZ,华康洁净,1055,2022-01-28,2026-06-11,False,False,0,0.0,22,11,0.031279620853080566
301236.SZ,软通动力,1028,2022-03-15,2026-06-11,False,False,0,0.0,29,10,0.037937743190661476
301237.SZ,和顺科技,1022,2022-03-23,2026-06-11,False,False,0,0.0,9,7,0.015655577299412915
301238.SZ,瑞泰新材,966,2022-06-17,2026-06-11,False,False,0,0.0,12,4,0.016563146997929608
301239.SZ,普瑞眼科,954,2022-07-05,2026-06-11,False,False,0,0.0,15,3,0.018867924528301886
301246.SZ,宏源药业,782,2023-03-20,2026-06-11,False,False,0,0.0,6,4,0.01278772378516624
301248.SZ,杰创智能,1004,2022-04-20,2026-06-11,False,False,0,0.0,20,11,0.030876494023904383
301251.SZ,威尔高,666,2023-09-06,2026-06-11,False,False,0,0.0,17,8,0.03753753753753754
301252.SZ,同星科技,738,2023-05-25,2026-06-11,False,False,0,0.0,13,9,0.02981029810298103
301255.SZ,通力科技,835,2022-12-27,2026-06-11,False,False,0,0.0,22,10,0.03832335329341317
301256.SZ,华融化学,1023,2022-03-22,2026-06-11,False,False,0,0.0,12,6,0.017595307917888565
301257.SZ,普蕊斯,988,2022-05-17,2026-06-11,False,False,0,0.0,11,6,0.01720647773279352
301258.SZ,富士莱,1018,2022-03-29,2026-06-11,False,False,0,0.0,8,10,0.01768172888015717
301259.SZ,艾布鲁,1000,2022-04-26,2026-06-11,False,False,0,0.0,15,9,0.024
301260.SZ,格力博,810,2023-02-08,2026-06-11,False,False,0,0.0,10,3,0.016049382716049384
301261.SZ,恒工精密,708,2023-07-10,2026-06-11,False,False,0,0.0,25,7,0.04519774011299435
301262.SZ,海看股份,720,2023-06-20,2026-06-11,False,False,0,0.0,9,8,0.02361111111111111
301263.SZ,泰恩康,1018,2022-03-29,2026-06-11,False,False,0,0.0,9,7,0.015717092337917484
301265.SZ,华新环保,842,2022-12-16,2026-06-11,False,False,0,0.0,8,4,0.014251781472684086
301266.SZ,宇邦新材,973,2022-06-08,2026-06-11,False,False,0,0.0,25,5,0.030832476875642344
301267.SZ,华厦眼科,871,2022-11-07,2026-06-11,False,False,0,0.0,5,5,0.011481056257175661
301268.SZ,铭利达,1013,2022-04-07,2026-06-11,False,False,0,0.0,20,7,0.02665350444225074
301269.SZ,华大九天,926,2022-07-29,2026-06-11,False,False,0,0.0,12,4,0.017278617710583154
301270.SZ,汉仪股份,913,2022-08-31,2026-06-11,False,False,0,0.0,20,13,0.03614457831325301
301272.SZ,英华特,705,2023-07-13,2026-06-11,False,False,0,0.0,3,5,0.011347517730496455
301273.SZ,瑞晨环保,880,2022-10-25,2026-06-11,False,False,0,0.0,8,9,0.019318181818181818
301276.SZ,嘉曼服饰,906,2022-09-09,2026-06-11,False,False,0,0.0,3,1,0.004415011037527594
301277.SZ,新天地,864,2022-11-16,2026-06-11,False,False,0,0.0,8,7,0.017361111111111112
301278.SZ,快可电子,932,2022-08-04,2026-06-11,False,False,0,0.0,15,6,0.022532188841201718
301279.SZ,金道科技,1009,2022-04-13,2026-06-11,False,False,0,0.0,13,16,0.028741328047571853
301280.SZ,珠城科技,836,2022-12-26,2026-06-11,False,False,0,0.0,11,7,0.0215311004784689
301281.SZ,科源制药,761,2023-04-04,2026-06-11,False,False,0,0.0,17,10,0.035479632063074903
301282.SZ,金禄电子,916,2022-08-26,2026-06-11,False,False,0,0.0,15,9,0.026200873362445413
301283.SZ,聚胶股份,911,2022-09-02,2026-06-11,False,False,0,0.0,9,3,0.013172338090010977
301285.SZ,鸿日达,894,2022-09-28,2026-06-11,False,False,0,0.0,11,3,0.015659955257270694
301286.SZ,侨源股份,969,2022-06-14,2026-06-11,False,False,0,0.0,19,3,0.022703818369453045
301287.SZ,康力源,724,2023-06-14,2026-06-11,False,False,0,0.0,9,4,0.017955801104972375
301288.SZ,*ST清研,1000,2022-04-22,2026-06-11,True,False,0,0.0,17,15,0.032
301289.SZ,国缆检测,963,2022-06-22,2026-06-11,False,False,0,0.0,13,8,0.021806853582554516
301290.SZ,东星医疗,854,2022-11-30,2026-06-11,False,False,0,0.0,4,4,0.00936768149882904
301291.SZ,明阳电气,714,2023-06-30,2026-06-11,False,False,0,0.0,10,5,0.02100840336134454
301292.SZ,海科新源,709,2023-07-07,2026-06-11,False,False,0,0.0,28,10,0.0535966149506347
301293.SZ,三博脑科,752,2023-05-05,2026-06-11,False,False,0,0.0,15,6,0.027925531914893616
301295.SZ,美硕科技,716,2023-06-28,2026-06-11,False,False,0,0.0,6,8,0.019553072625698324
301296.SZ,新巨丰,911,2022-09-02,2026-06-11,False,False,0,0.0,3,4,0.007683863885839737
301297.SZ,富乐德,822,2022-12-30,2026-06-11,False,False,0,0.0,19,4,0.027980535279805353
301298.SZ,东利机械,975,2022-06-06,2026-06-11,False,False,0,0.0,6,6,0.012307692307692308
301299.SZ,卓创资讯,884,2022-10-19,2026-06-11,False,False,0,0.0,16,9,0.02828054298642534
301300.SZ,远翔新材,921,2022-08-19,2026-06-11,False,False,0,0.0,10,9,0.02062975027144408
301301.SZ,川宁生物,835,2022-12-27,2026-06-11,False,False,0,0.0,12,3,0.017964071856287425
301302.SZ,华如科技,962,2022-06-23,2026-06-11,False,False,0,0.0,20,15,0.036382536382536385
301303.SZ,真兰仪表,802,2023-02-20,2026-06-11,False,False,0,0.0,4,3,0.008728179551122194
301305.SZ,朗坤科技,740,2023-05-23,2026-06-11,False,False,0,0.0,5,3,0.010810810810810811
301306.SZ,西测测试,939,2022-07-26,2026-06-11,False,False,0,0.0,29,14,0.04579339723109691
301307.SZ,美利信,758,2023-04-24,2026-06-11,False,False,0,0.0,13,8,0.027704485488126648
301308.SZ,江波龙,931,2022-08-05,2026-06-11,False,False,0,0.0,23,7,0.0322234156820623
301309.SZ,万得凯,891,2022-09-19,2026-06-11,False,False,0,0.0,3,3,0.006734006734006734
301310.SZ,鑫宏业,732,2023-06-02,2026-06-11,False,False,0,0.0,10,8,0.02459016393442623
301311.SZ,昆船智能,854,2022-11-30,2026-06-11,False,False,0,0.0,13,6,0.02224824355971897
301312.SZ,智立方,950,2022-07-11,2026-06-11,False,False,0,0.0,26,13,0.04105263157894737
301313.SZ,凡拓数创,892,2022-09-30,2026-06-11,False,False,0,0.0,25,12,0.04147982062780269
301314.SZ,科瑞思,776,2023-03-28,2026-06-11,False,False,0,0.0,7,9,0.020618556701030927
301315.SZ,威士顿,719,2023-06-21,2026-06-11,False,False,0,0.0,21,14,0.048678720445062586
301316.SZ,慧博云通,878,2022-10-13,2026-06-11,False,False,0,0.0,24,14,0.04328018223234624
301317.SZ,鑫磊股份,819,2023-01-19,2026-06-11,False,False,0,0.0,19,5,0.029304029304029304
301318.SZ,维海德,928,2022-08-10,2026-06-11,False,False,0,0.0,14,7,0.022629310344827586
301319.SZ,唯特偶,893,2022-09-29,2026-06-11,False,False,0,0.0,22,9,0.03471444568868981
301320.SZ,豪江智能,727,2023-06-09,2026-06-11,False,False,0,0.0,6,5,0.015130674002751032
301321.SZ,翰博高新,922,2022-08-18,2026-06-11,False,False,0,0.0,16,12,0.03036876355748373
301322.SZ,绿通科技,792,2023-03-06,2026-06-11,False,False,0,0.0,10,8,0.022727272727272728
301323.SZ,新莱福,720,2023-06-06,2026-06-11,False,False,0,0.0,12,5,0.02361111111111111
301325.SZ,曼恩斯特,747,2023-05-12,2026-06-11,False,False,0,0.0,13,6,0.025435073627844713
301326.SZ,捷邦科技,899,2022-09-21,2026-06-11,False,False,0,0.0,28,18,0.05116796440489433
301327.SZ,华宝新能,901,2022-09-19,2026-06-11,False,False,0,0.0,7,8,0.016648168701442843
301328.SZ,维峰电子,907,2022-09-08,2026-06-11,False,False,0,0.0,5,8,0.014332965821389196
301329.SZ,信音电子,703,2023-07-17,2026-06-11,False,False,0,0.0,7,9,0.02275960170697013
301330.SZ,熵基科技,923,2022-08-17,2026-06-11,False,False,0,0.0,14,8,0.023835319609967497
301331.SZ,恩威医药,899,2022-09-21,2026-06-11,False,False,0,0.0,8,5,0.014460511679644048
301332.SZ,德尔玛,743,2023-05-18,2026-06-11,False,False,0,0.0,4,4,0.010767160161507403
301333.SZ,诺思格,934,2022-08-02,2026-06-11,False,False,0,0.0,20,7,0.028907922912205567
301335.SZ,天元宠物,852,2022-11-18,2026-06-11,False,False,0,0.0,9,4,0.015258215962441314
301336.SZ,趣睡科技,926,2022-08-12,2026-06-11,False,False,0,0.0,15,9,0.02591792656587473
301337.SZ,亚华电子,737,2023-05-26,2026-06-11,False,False,0,0.0,12,10,0.029850746268656716
301338.SZ,凯格精机,924,2022-08-16,2026-06-11,False,False,0,0.0,22,14,0.03896103896103896
301339.SZ,通行宝,906,2022-09-09,2026-06-11,False,False,0,0.0,8,8,0.017660044150110375
301345.SZ,涛涛车业,781,2023-03-21,2026-06-11,False,False,0,0.0,6,4,0.012804097311139564
301348.SZ,蓝箭电子,685,2023-08-10,2026-06-11,False,False,0,0.0,12,8,0.029197080291970802
301349.SZ,信德新材,906,2022-09-09,2026-06-11,False,False,0,0.0,13,11,0.026490066225165563
301353.SZ,普莱得,735,2023-05-30,2026-06-11,False,False,0,0.0,5,5,0.013605442176870748
301355.SZ,南王科技,726,2023-06-12,2026-06-11,False,False,0,0.0,3,5,0.011019283746556474
301356.SZ,天振股份,866,2022-11-14,2026-06-11,False,False,0,0.0,5,4,0.010392609699769052
301357.SZ,北方长龙,752,2023-04-18,2026-06-11,False,False,0,0.0,34,17,0.0678191489361702
301358.SZ,湖南裕能,809,2023-02-09,2026-06-11,False,False,0,0.0,12,4,0.019777503090234856
301359.SZ,东南电子,869,2022-11-09,2026-06-11,False,False,0,0.0,8,8,0.018411967779056387
301360.SZ,荣旗科技,757,2023-04-25,2026-06-11,False,False,0,0.0,19,10,0.03830911492734478
301361.SZ,众智科技,864,2022-11-16,2026-06-11,False,False,0,0.0,16,11,0.03125
301362.SZ,民爆光电,679,2023-08-04,2026-06-11,False,False,0,0.0,15,6,0.030927835051546393
301363.SZ,美好医疗,889,2022-10-12,2026-06-11,False,False,0,0.0,14,4,0.020247469066366704
301365.SZ,矩阵股份,860,2022-11-22,2026-06-11,False,False,0,0.0,13,13,0.030232558139534883
301366.SZ,一博科技,896,2022-09-26,2026-06-11,False,False,0,0.0,15,12,0.030133928571428572
301367.SZ,瑞迈特,875,2022-11-01,2026-06-11,False,False,0,0.0,6,7,0.014857142857142857
301368.SZ,丰立智能,843,2022-12-15,2026-06-11,False,False,0,0.0,28,9,0.04389086595492289
301369.SZ,联动科技,898,2022-09-22,2026-06-11,False,False,0,0.0,19,8,0.030066815144766147
301370.SZ,国科恒泰,706,2023-07-12,2026-06-11,False,False,0,0.0,6,5,0.015580736543909348
301371.SZ,敷尔佳,692,2023-08-01,2026-06-11,False,False,0,0.0,2,4,0.008670520231213872
301372.SZ,科净源,684,2023-08-11,2026-06-11,False,False,0,0.0,8,9,0.024853801169590642
301373.SZ,凌玮科技,810,2023-02-08,2026-06-11,False,False,0,0.0,15,4,0.02345679012345679
301376.SZ,致欧科技,719,2023-06-21,2026-06-11,False,False,0,0.0,6,3,0.012517385257301807
301377.SZ,鼎泰高科,860,2022-11-22,2026-06-11,False,False,0,0.0,24,8,0.037209302325581395
301378.SZ,通达海,782,2023-03-20,2026-06-11,False,False,0,0.0,21,14,0.04475703324808184
301379.SZ,天山电子,875,2022-11-01,2026-06-11,False,False,0,0.0,13,9,0.025142857142857144
301380.SZ,挖金客,880,2022-10-25,2026-06-11,False,False,0,0.0,13,10,0.026136363636363635
301381.SZ,赛维时代,706,2023-07-12,2026-06-11,False,False,0,0.0,7,6,0.018413597733711047
301382.SZ,蜂助手,744,2023-05-17,2026-06-11,False,False,0,0.0,11,10,0.028225806451612902
301383.SZ,天键股份,727,2023-06-09,2026-06-11,False,False,0,0.0,14,8,0.030261348005502064
301386.SZ,未来电器,775,2023-03-29,2026-06-11,False,False,0,0.0,7,7,0.01806451612903226
301387.SZ,光大同创,762,2023-04-18,2026-06-11,False,False,0,0.0,16,8,0.031496062992125984
301388.SZ,欣灵电气,869,2022-11-09,2026-06-11,False,False,0,0.0,13,9,0.02531645569620253
301389.SZ,隆扬电子,876,2022-10-31,2026-06-11,False,False,0,0.0,23,9,0.0365296803652968
301390.SZ,经纬股份,751,2023-05-08,2026-06-11,False,False,0,0.0,5,5,0.013315579227696404
301391.SZ,卡莱特,853,2022-12-01,2026-06-11,False,False,0,0.0,12,6,0.021101992966002344
301392.SZ,汇成真空,489,2024-06-05,2026-06-11,False,False,0,0.0,24,7,0.06339468302658487
301393.SZ,昊帆生物,706,2023-07-12,2026-06-11,False,False,0,0.0,8,5,0.018413597733711047
301395.SZ,仁信新材,713,2023-07-03,2026-06-11,False,False,0,0.0,7,6,0.0182328190743338
301396.SZ,宏景科技,867,2022-11-11,2026-06-11,False,False,0,0.0,37,18,0.06343713956170703
301397.SZ,溯联股份,716,2023-06-28,2026-06-11,False,False,0,0.0,14,9,0.03212290502793296
301398.SZ,星源卓镁,843,2022-12-15,2026-06-11,False,False,0,0.0,16,12,0.033214709371293
301399.SZ,英特科技,740,2023-05-23,2026-06-11,False,False,0,0.0,16,9,0.033783783783783786
301408.SZ,华人健康,795,2023-03-01,2026-06-11,False,False,0,0.0,11,5,0.02012578616352201
301413.SZ,安培龙,599,2023-12-18,2026-06-11,False,False,0,0.0,19,9,0.04674457429048414
301418.SZ,协昌科技,678,2023-08-21,2026-06-11,False,False,0,0.0,6,8,0.02064896755162242
301419.SZ,阿莱德,809,2023-02-09,2026-06-11,False,False,0,0.0,17,13,0.037082818294190356
301421.SZ,波长光电,676,2023-08-23,2026-06-11,False,False,0,0.0,23,11,0.05029585798816568
301428.SZ,世纪恒通,742,2023-05-19,2026-06-11,False,False,0,0.0,14,11,0.03369272237196765
301429.SZ,森泰股份,763,2023-04-17,2026-06-11,False,False,0,0.0,9,9,0.023591087811271297
301439.SZ,泓淋电力,783,2023-03-17,2026-06-11,False,False,0,0.0,10,4,0.017879948914431672
301446.SZ,福事特,697,2023-07-25,2026-06-11,False,False,0,0.0,12,6,0.02582496413199426
301448.SZ,开创电气,721,2023-06-19,2026-06-11,False,False,0,0.0,14,13,0.03744798890429958
301456.SZ,盘古智能,704,2023-07-14,2026-06-11,False,False,0,0.0,5,6,0.015625
301459.SZ,丰茂股份,602,2023-12-13,2026-06-11,False,False,0,0.0,7,4,0.018272425249169437
301468.SZ,博盈特焊,698,2023-07-24,2026-06-11,False,False,0,0.0,18,5,0.0329512893982808
301469.SZ,恒达新材,677,2023-08-22,2026-06-11,False,False,0,0.0,5,6,0.01624815361890694
301486.SZ,致尚科技,699,2023-07-07,2026-06-11,False,False,0,0.0,32,18,0.0715307582260372
301487.SZ,盟固利,686,2023-08-09,2026-06-11,False,False,0,0.0,12,11,0.033527696793002916
301488.SZ,豪恩汽电,712,2023-07-04,2026-06-11,False,False,0,0.0,18,8,0.03651685393258427
301489.SZ,思泉新材,638,2023-10-24,2026-06-11,False,False,0,0.0,29,20,0.0768025078369906
301498.SZ,乖宝宠物,681,2023-08-16,2026-06-11,False,False,0,0.0,2,3,0.007342143906020558
301499.SZ,维科精密,699,2023-07-21,2026-06-11,False,False,0,0.0,12,6,0.02575107296137339
301500.SZ,飞南资源,655,2023-09-21,2026-06-11,False,False,0,0.0,10,6,0.024427480916030534
301502.SZ,华阳智能,566,2024-02-02,2026-06-11,False,False,0,0.0,8,6,0.024734982332155476
301503.SZ,智迪科技,703,2023-07-17,2026-06-11,False,False,0,0.0,10,6,0.02275960170697013
301505.SZ,苏州规划,692,2023-07-19,2026-06-11,False,False,0,0.0,13,9,0.031791907514450865
301507.SZ,民生健康,667,2023-09-05,2026-06-11,False,False,0,0.0,3,4,0.010494752623688156
301508.SZ,中机认检,610,2023-12-01,2026-06-11,False,False,0,0.0,9,8,0.027868852459016394
301509.SZ,金凯生科,690,2023-08-03,2026-06-11,False,False,0,0.0,14,8,0.03188405797101449
301510.SZ,固高科技,682,2023-08-15,2026-06-11,False,False,0,0.0,14,10,0.03519061583577713
301511.SZ,德福科技,680,2023-08-17,2026-06-11,False,False,0,0.0,23,11,0.05
301512.SZ,智信精密,700,2023-07-20,2026-06-11,False,False,0,0.0,12,7,0.027142857142857142
301515.SZ,港通医疗,697,2023-07-25,2026-06-11,False,False,0,0.0,7,6,0.018651362984218076
301516.SZ,中远通,605,2023-12-08,2026-06-11,False,False,0,0.0,7,6,0.021487603305785124
301517.SZ,陕西华达,634,2023-10-17,2026-06-11,False,False,0,0.0,11,14,0.03943217665615142
301518.SZ,长华化学,690,2023-08-03,2026-06-11,False,False,0,0.0,13,4,0.02463768115942029
301519.SZ,舜禹股份,695,2023-07-27,2026-06-11,False,False,0,0.0,6,5,0.015827338129496403
301520.SZ,万邦医药,653,2023-09-25,2026-06-11,False,False,0,0.0,3,4,0.010719754977029096
301522.SZ,上大股份,402,2024-10-16,2026-06-11,False,False,0,0.0,2,4,0.014925373134328358
301525.SZ,儒竞科技,671,2023-08-30,2026-06-11,False,False,0,0.0,8,4,0.01788375558867362
301526.SZ,国际复材,593,2023-12-26,2026-06-11,False,False,0,0.0,17,6,0.0387858347386172
301528.SZ,多浦乐,673,2023-08-28,2026-06-11,False,False,0,0.0,8,5,0.019316493313521546
301529.SZ,福赛科技,663,2023-09-11,2026-06-11,False,False,0,0.0,20,8,0.042232277526395176
301533.SZ,威马农机,679,2023-08-18,2026-06-11,False,False,0,0.0,7,10,0.025036818851251842
301536.SZ,星宸科技,533,2024-03-28,2026-06-11,False,False,0,0.0,12,5,0.03189493433395872
301538.SZ,骏鼎达,539,2024-03-20,2026-06-11,False,False,0,0.0,15,8,0.04267161410018553
301539.SZ,宏鑫科技,523,2024-04-15,2026-06-11,False,False,0,0.0,2,3,0.009560229445506692
301548.SZ,崇德科技,656,2023-09-20,2026-06-11,False,False,0,0.0,13,6,0.028963414634146343
301550.SZ,斯菱股份,659,2023-09-15,2026-06-11,False,False,0,0.0,32,13,0.06828528072837632
301551.SZ,无线传媒,411,2024-09-26,2026-06-11,False,False,0,0.0,8,7,0.0364963503649635
301552.SZ,科力装备,457,2024-07-22,2026-06-11,False,False,0,0.0,3,5,0.0175054704595186
301555.SZ,惠柏新材,633,2023-10-31,2026-06-11,False,False,0,0.0,3,7,0.01579778830963665
301556.SZ,托普云农,401,2024-10-17,2026-06-11,False,False,0,0.0,6,6,0.029925187032418952
301558.SZ,三态股份,650,2023-09-28,2026-06-11,False,False,0,0.0,7,7,0.021538461538461538
301559.SZ,中集环科,647,2023-10-11,2026-06-11,False,False,0,0.0,4,3,0.010819165378670788
301565.SZ,中仑新材,479,2024-06-20,2026-06-11,False,False,0,0.0,7,3,0.020876826722338204
301566.SZ,达利凯普,590,2023-12-29,2026-06-11,False,False,0,0.0,7,11,0.030508474576271188
301567.SZ,贝隆精密,579,2024-01-16,2026-06-11,False,False,0,0.0,6,9,0.025906735751295335
301568.SZ,思泰克,613,2023-11-28,2026-06-11,False,False,0,0.0,12,9,0.03425774877650897
301571.SZ,国科天成,435,2024-08-21,2026-06-11,False,False,0,0.0,7,2,0.020689655172413793
301577.SZ,美信科技,573,2024-01-24,2026-06-11,False,False,0,0.0,11,11,0.038394415357766144
301578.SZ,辰奕智能,591,2023-12-28,2026-06-11,False,False,0,0.0,10,8,0.030456852791878174
301580.SZ,爱迪特,475,2024-06-26,2026-06-11,False,False,0,0.0,7,4,0.023157894736842106
301586.SZ,佳力奇,430,2024-08-28,2026-06-11,False,False,0,0.0,8,4,0.027906976744186046
301587.SZ,中瑞股份,528,2024-04-08,2026-06-11,False,False,0,0.0,5,4,0.017045454545454544
301588.SZ,美新科技,544,2024-03-13,2026-06-11,False,False,0,0.0,8,5,0.02389705882352941
301589.SZ,诺瓦星云,562,2024-02-08,2026-06-11,False,False,0,0.0,5,4,0.01601423487544484
301591.SZ,肯特股份,554,2024-02-28,2026-06-11,False,False,0,0.0,10,6,0.02888086642599278
301592.SZ,六九一二,396,2024-10-24,2026-06-11,False,False,0,0.0,9,3,0.030303030303030304
301596.SZ,瑞迪智驱,506,2024-05-13,2026-06-11,False,False,0,0.0,15,8,0.045454545454545456
301600.SZ,慧翰股份,420,2024-09-11,2026-06-11,False,False,0,0.0,16,4,0.047619047619047616
301603.SZ,乔锋智能,465,2024-07-10,2026-06-11,False,False,0,0.0,9,4,0.02795698924731183
301606.SZ,绿联科技,453,2024-07-26,2026-06-11,False,False,0,0.0,11,4,0.033112582781456956
301607.SZ,富特科技,425,2024-09-04,2026-06-11,False,False,0,0.0,8,8,0.03764705882352941
301608.SZ,博实结,449,2024-08-01,2026-06-11,False,False,0,0.0,9,5,0.031180400890868598
301611.SZ,珂玛科技,438,2024-08-16,2026-06-11,False,False,0,0.0,14,6,0.045662100456621
301618.SZ,长联科技,409,2024-09-30,2026-06-11,False,False,0,0.0,4,7,0.02689486552567237
301626.SZ,苏州天脉,396,2024-10-24,2026-06-11,False,False,0,0.0,9,2,0.027777777777777776
302132.SZ,中航成飞,3742,2010-08-27,2026-06-11,False,False,0,0.0,66,49,0.030732228754676644
600000.SH,浦发银行,3943,2010-01-04,2026-06-11,False,False,0,0.0,2,5,0.001775297996449404
600004.SH,白云机场,3987,2010-01-04,2026-06-11,False,False,0,0.0,6,10,0.00401304238776022
600006.SH,东风股份,3929,2010-01-04,2026-06-11,False,False,0,0.0,72,28,0.025451768897938407
600007.SH,中国国贸,3986,2010-01-04,2026-06-11,False,False,0,0.0,33,13,0.01154039136979428
600008.SH,首创环保,3959,2010-01-04,2026-06-11,False,False,0,0.0,37,23,0.015155342258145996
600009.SH,上海机场,3976,2010-01-04,2026-06-11,False,False,0,0.0,5,8,0.0032696177062374247
600010.SH,包钢股份,3916,2010-01-04,2026-06-11,False,False,0,0.0,61,12,0.0186414708886619
600011.SH,华能国际,3976,2010-01-04,2026-06-11,False,False,0,0.0,23,13,0.009054325955734407
600012.SH,皖通高速,3975,2010-01-04,2026-06-11,False,False,0,0.0,31,23,0.013584905660377358
600015.SH,华夏银行,3971,2010-01-04,2026-06-11,False,False,0,0.0,3,7,0.0025182573659027953
600016.SH,民生银行,3981,2010-01-04,2026-06-11,False,False,0,0.0,5,6,0.00276312484300427
600017.SH,日照港,3969,2010-01-04,2026-06-11,False,False,0,0.0,21,17,0.009574200050390527
600018.SH,上港集团,3930,2010-01-04,2026-06-11,False,False,0,0.0,28,10,0.009669211195928753
600019.SH,宝钢股份,3890,2010-01-04,2026-06-11,False,False,0,0.0,13,8,0.005398457583547558
600020.SH,中原高速,3974,2010-01-04,2026-06-11,False,False,0,0.0,26,10,0.009058882737795673
600021.SH,上海电力,3862,2010-01-04,2026-06-11,False,False,0,0.0,63,27,0.02330398757120663
600022.SH,山东钢铁,3737,2010-02-24,2026-06-11,False,False,0,0.0,29,15,0.011774150388011774
600023.SH,浙能电力,3032,2013-12-19,2026-06-11,False,False,0,0.0,16,12,0.009234828496042216
600025.SH,华能水电,2057,2017-12-15,2026-06-11,False,False,0,0.0,16,2,0.008750607681088965
600026.SH,中远海能,3883,2010-01-04,2026-06-11,False,False,0,0.0,45,22,0.017254699974246716
600027.SH,华电国际,3965,2010-01-04,2026-06-11,False,False,0,0.0,26,11,0.009331651954602775
600028.SH,中国石化,3985,2010-01-04,2026-06-11,False,False,0,0.0,6,5,0.0027603513174404015
600029.SH,南方航空,3966,2010-01-04,2026-06-11,False,False,0,0.0,22,16,0.009581442259203227
600030.SH,中信证券,3950,2010-01-04,2026-06-11,False,False,0,0.0,27,14,0.010379746835443038
600031.SH,三一重工,3977,2010-01-04,2026-06-11,False,False,0,0.0,17,13,0.007543374402816193
600032.SH,浙江新能,1224,2021-05-25,2026-06-11,False,False,0,0.0,36,6,0.03431372549019608
600033.SH,福建高速,3984,2010-01-04,2026-06-11,False,False,0,0.0,17,12,0.007279116465863454
600035.SH,楚天高速,3838,2010-01-04,2026-06-11,False,False,0,0.0,32,13,0.011724856696195935
600036.SH,招商银行,3969,2010-01-04,2026-06-11,False,False,0,0.0,2,1,0.0007558578987150416
600037.SH,歌华有线,3955,2010-01-04,2026-06-11,False,False,0,0.0,39,28,0.016940581542351455
600038.SH,中直股份,3897,2010-01-04,2026-06-11,False,False,0,0.0,24,19,0.011034128817038748
600039.SH,四川路桥,3912,2010-01-04,2026-06-11,False,False,0,0.0,28,15,0.010991820040899795
600048.SH,保利发展,3976,2010-01-04,2026-06-11,False,False,0,0.0,24,14,0.009557344064386318
600050.SH,中国联通,3891,2010-01-04,2026-06-11,False,False,0,0.0,24,8,0.008224106913389874
600051.SH,宁波联合,3833,2010-01-04,2026-06-11,False,False,0,0.0,34,28,0.016175319593008088
600052.SH,东望时代,3839,2010-01-04,2026-06-11,False,False,0,0.0,66,29,0.024746027611357125
600053.SH,九鼎投资,3664,2010-01-04,2026-06-11,False,False,0,0.0,110,33,0.03902838427947598
600054.SH,黄山旅游,3976,2010-01-04,2026-06-11,False,False,0,0.0,10,8,0.004527162977867203
600055.SH,万东医疗,3806,2010-01-04,2026-06-11,False,False,0,0.0,52,32,0.02207041513399895
600056.SH,中国医药,3848,2010-01-04,2026-06-11,False,False,0,0.0,48,20,0.017671517671517672
600057.SH,厦门象屿,3536,2011-08-29,2026-06-11,False,False,0,0.0,33,23,0.01583710407239819
600058.SH,五矿发展,3787,2010-01-04,2026-06-11,False,False,0,0.0,53,30,0.02191708476366517
600059.SH,古越龙山,3976,2010-01-04,2026-06-11,False,False,0,0.0,26,17,0.010814889336016096
600060.SH,海信视像,3980,2010-01-04,2026-06-11,False,False,0,0.0,30,24,0.013567839195979899
600061.SH,国投资本,3856,2010-01-04,2026-06-11,False,False,0,0.0,58,27,0.022043568464730292
600062.SH,华润双鹤,3935,2010-01-04,2026-06-11,False,False,0,0.0,25,16,0.010419313850063533
600063.SH,皖维高新,3907,2010-01-04,2026-06-11,False,False,0,0.0,50,32,0.020987970309700538
600064.SH,南京高科,3983,2010-01-04,2026-06-11,False,False,0,0.0,11,14,0.006276675872457946
600066.SH,宇通客车,3942,2010-01-04,2026-06-11,False,False,0,0.0,14,9,0.005834601725012684
600067.SH,冠城新材,3980,2010-01-04,2026-06-11,False,False,0,0.0,37,28,0.016331658291457288
600071.SH,凤凰光学,3773,2010-01-04,2026-06-11,False,False,0,0.0,73,20,0.024648820567187913
600072.SH,中船科技,3877,2010-01-04,2026-06-11,False,False,0,0.0,70,33,0.026566933195769925
600073.SH,光明肉业,3898,2010-01-04,2026-06-11,False,False,0,0.0,21,19,0.01026167265264238
600075.SH,新疆天业,3822,2010-01-04,2026-06-11,False,False,0,0.0,44,19,0.016483516483516484
600076.SH,康欣新材,3794,2010-01-04,2026-06-11,False,False,0,0.0,57,29,0.022667369530838165
600078.SH,澄星股份,3901,2010-01-05,2026-06-11,False,False,0,0.0,62,34,0.02460907459625737
600079.SH,人福医药,3950,2010-01-04,2026-06-11,False,False,0,0.0,24,10,0.008607594936708861
600080.SH,金花股份,3949,2010-01-04,2026-06-11,False,False,0,0.0,33,25,0.014687262598126107
600081.SH,东风科技,3961,2010-01-04,2026-06-11,False,False,0,0.0,82,38,0.03029537995455693
600082.SH,海泰发展,3971,2010-01-04,2026-06-11,False,False,0,0.0,63,38,0.025434399395618233
600084.SH,中信尼雅,3737,2010-01-04,2026-06-11,False,False,0,0.0,49,34,0.02221032914102221
600085.SH,同仁堂,3986,2010-01-04,2026-06-11,False,False,0,0.0,18,14,0.008028098344204716
600088.SH,中视传媒,3886,2010-01-04,2026-06-11,False,False,0,0.0,76,45,0.031137416366443644
600089.SH,特变电工,3961,2010-01-04,2026-06-11,False,False,0,0.0,26,11,0.009341075485988387
600094.SH,大名城,3519,2011-10-11,2026-06-11,False,False,0,0.0,41,29,0.019892014776925263
600095.SH,湘财股份,3939,2010-01-04,2026-06-11,False,False,0,0.0,98,37,0.03427265803503427
600096.SH,云天化,3865,2010-01-04,2026-06-11,False,False,0,0.0,51,36,0.022509702457956016
600097.SH,开创国际,3833,2010-01-04,2026-06-11,False,False,0,0.0,40,22,0.016175319593008088
600098.SH,广州发展,3964,2010-01-04,2026-06-11,False,False,0,0.0,30,20,0.012613521695257316
600099.SH,林海股份,3791,2010-01-04,2026-06-11,False,False,0,0.0,33,21,0.01424426272751253
600100.SH,同方股份,3834,2010-01-04,2026-06-11,False,False,0,0.0,40,29,0.017996870109546165
600101.SH,明星电力,3983,2010-01-04,2026-06-11,False,False,0,0.0,42,26,0.017072558373085613
600103.SH,青山纸业,3889,2010-01-04,2026-06-11,False,False,0,0.0,56,20,0.0195422987914631
600104.SH,上汽集团,3924,2010-01-04,2026-06-11,False,False,0,0.0,12,6,0.0045871559633027525
600105.SH,永鼎股份,3894,2010-01-04,2026-06-11,False,False,0,0.0,85,45,0.03338469440164355
600106.SH,重庆路桥,3881,2010-01-04,2026-06-11,False,False,0,0.0,23,30,0.013656274156145324
600107.SH,ST尔雅,3938,2010-01-04,2026-06-11,True,False,0,0.0,70,51,0.030726256983240222
600108.SH,亚盛集团,3969,2010-01-04,2026-06-11,False,False,0,0.0,43,19,0.01562106324011086
600109.SH,国金证券,3943,2010-01-04,2026-06-11,False,False,0,0.0,34,29,0.015977681968044635
600110.SH,诺德股份,3695,2010-01-04,2026-06-11,False,False,0,0.0,64,23,0.02354533152909337
600111.SH,北方稀土,3983,2010-01-04,2026-06-11,False,False,0,0.0,59,17,0.019081094652272156
600113.SH,浙江东日,3749,2010-01-04,2026-06-11,False,False,0,0.0,103,42,0.038676980528140836
600114.SH,东睦股份,3954,2010-01-04,2026-06-11,False,False,0,0.0,53,30,0.020991401112797167
600115.SH,中国东航,3962,2010-01-04,2026-06-11,False,False,0,0.0,28,15,0.010853104492680465
600116.SH,三峡水利,3956,2010-01-04,2026-06-11,False,False,0,0.0,40,22,0.015672396359959553
600117.SH,西宁特钢,3893,2010-01-04,2026-06-11,False,False,0,0.0,57,27,0.021577189827896224
600118.SH,中国卫星,3978,2010-01-04,2026-06-11,False,False,0,0.0,63,32,0.023881347410759174
600119.SH,长江投资,3972,2010-01-04,2026-06-11,False,False,0,0.0,94,56,0.0377643504531722
600120.SH,浙江东方,3795,2010-01-04,2026-06-11,False,False,0,0.0,43,29,0.018972332015810278
600121.SH,郑州煤电,3888,2010-01-04,2026-06-11,False,False,0,0.0,84,31,0.029578189300411523
600123.SH,兰花科创,3984,2010-01-04,2026-06-11,False,False,0,0.0,26,26,0.013052208835341365
600125.SH,铁龙物流,3982,2010-01-04,2026-06-11,False,False,0,0.0,20,22,0.01054746358613762
600126.SH,杭钢股份,3900,2010-01-04,2026-06-11,False,False,0,0.0,71,31,0.026153846153846153
600127.SH,金健米业,3914,2010-01-04,2026-06-11,False,False,0,0.0,59,24,0.02120592743995912
600128.SH,苏豪弘业,3955,2010-01-04,2026-06-11,False,False,0,0.0,47,48,0.02402022756005057
600129.SH,太极集团,3837,2010-01-04,2026-06-11,False,False,0,0.0,51,29,0.020849622100599426
600130.SH,*ST波导,3976,2010-01-04,2026-06-11,True,False,0,0.0,70,45,0.028923541247484908
600131.SH,国网信通,3969,2010-01-04,2026-06-11,False,False,0,0.0,49,32,0.02040816326530612
600132.SH,重庆啤酒,3941,2010-01-04,2026-06-11,False,False,0,0.0,35,33,0.017254503933011926
600133.SH,东湖高新,3686,2010-01-04,2026-06-11,False,False,0,0.0,63,37,0.027129679869777535
600135.SH,乐凯胶片,3963,2010-01-04,2026-06-11,False,False,0,0.0,55,43,0.024728740852889227
600136.SH,ST明诚,3601,2010-01-04,2026-06-11,True,False,0,0.0,60,29,0.024715356845320745
600137.SH,浪莎股份,3914,2010-01-04,2026-06-11,False,False,0,0.0,43,31,0.01890648952478283
600138.SH,中青旅,3972,2010-01-04,2026-06-11,False,False,0,0.0,9,10,0.004783484390735146
600141.SH,兴发集团,3909,2010-01-04,2026-06-11,False,False,0,0.0,33,27,0.015349194167306216
600143.SH,金发科技,3890,2010-01-04,2026-06-11,False,False,0,0.0,39,23,0.015938303341902313
600148.SH,长春一东,3888,2010-01-04,2026-06-11,False,False,0,0.0,78,44,0.03137860082304527
600149.SH,廊坊发展,3822,2010-01-04,2026-06-11,False,False,0,0.0,90,32,0.03192046049188906
600150.SH,中国船舶,3834,2010-01-04,2026-06-11,False,False,0,0.0,42,27,0.017996870109546165
600151.SH,航天机电,3765,2010-01-04,2026-06-11,False,False,0,0.0,64,46,0.029216467463479414
600152.SH,维科技术,3899,2010-01-04,2026-06-11,False,False,0,0.0,106,58,0.04206206719671711
600153.SH,建发股份,3745,2010-01-04,2026-06-11,False,False,0,0.0,10,14,0.006408544726301735
600155.SH,华创云信,3614,2010-01-04,2026-06-11,False,False,0,0.0,48,13,0.016878804648588822
600156.SH,华升股份,3945,2010-01-04,2026-06-11,False,False,0,0.0,94,48,0.035994930291508236
600157.SH,永泰能源,3626,2010-01-04,2026-06-11,False,False,0,0.0,58,29,0.02399338113623828
600158.SH,中体产业,3840,2010-01-04,2026-06-11,False,False,0,0.0,68,53,0.031510416666666666
600159.SH,大龙地产,3984,2010-01-04,2026-06-11,False,False,0,0.0,57,33,0.022590361445783132
600160.SH,巨化股份,3942,2010-01-04,2026-06-11,False,False,0,0.0,43,39,0.020801623541349568
600161.SH,天坛生物,3862,2010-01-04,2026-06-11,False,False,0,0.0,30,26,0.014500258933195235
600162.SH,香江控股,3874,2010-01-04,2026-06-11,False,False,0,0.0,65,25,0.023231801755291687
600163.SH,中闽能源,3813,2010-01-04,2026-06-11,False,False,0,0.0,51,10,0.015997901914503017
600165.SH,*ST宁科,3708,2010-01-04,2026-06-11,True,False,0,0.0,88,56,0.038834951456310676
600166.SH,福田汽车,3972,2010-01-04,2026-06-11,False,False,0,0.0,31,16,0.011832829808660624
600167.SH,联美控股,3845,2010-01-04,2026-06-11,False,False,0,0.0,29,17,0.011963589076723017
600168.SH,武汉控股,3780,2010-01-04,2026-06-11,False,False,0,0.0,32,15,0.012433862433862434
600169.SH,太原重工,3978,2010-01-04,2026-06-11,False,False,0,0.0,43,24,0.016842634489693312
600170.SH,上海建工,3936,2010-01-04,2026-06-11,False,False,0,0.0,31,20,0.012957317073170731
600171.SH,上海贝岭,3934,2010-01-04,2026-06-11,False,False,0,0.0,66,44,0.027961362480935434
600172.SH,黄河旋风,3915,2010-01-04,2026-06-11,False,False,0,0.0,110,52,0.041379310344827586
600173.SH,卧龙新能,3743,2010-01-04,2026-06-11,False,False,0,0.0,59,34,0.024846379909163774
600176.SH,中国巨石,3937,2010-01-04,2026-06-11,False,False,0,0.0,28,23,0.012954025908051815
600177.SH,雅戈尔,3945,2010-01-04,2026-06-11,False,False,0,0.0,9,9,0.0045627376425855515
600178.SH,东安动力,3983,2010-01-04,2026-06-11,False,False,0,0.0,90,39,0.032387647501883006
600179.SH,安通控股,3703,2010-01-04,2026-06-11,False,False,0,0.0,53,33,0.023224412638401297
600180.SH,瑞茂通,3819,2010-01-05,2026-06-11,False,False,0,0.0,49,25,0.01937680020947892
600182.SH,S佳通,3801,2010-01-04,2026-06-11,False,False,0,0.0,0,0,0.0
600183.SH,生益科技,3974,2010-01-04,2026-06-11,False,False,0,0.0,27,28,0.013839959738298943
600184.SH,光电股份,3963,2010-01-04,2026-06-11,False,False,0,0.0,56,34,0.022710068130204392
600185.SH,珠免集团,3941,2010-01-04,2026-06-11,False,False,0,0.0,71,30,0.025628013194620654
600186.SH,莲花控股,3855,2010-01-04,2026-06-11,False,False,0,0.0,66,15,0.021011673151750974
600187.SH,国中水务,3845,2010-01-04,2026-06-11,False,False,0,0.0,78,31,0.028348504551365408
600188.SH,兖矿能源,3978,2010-01-04,2026-06-11,False,False,0,0.0,51,27,0.0196078431372549
600189.SH,泉阳泉,3676,2010-01-04,2026-06-11,False,False,0,0.0,59,29,0.023939064200217627
600191.SH,华资实业,3772,2010-01-04,2026-06-11,False,False,0,0.0,83,32,0.03048780487804878
600192.SH,长城电工,3981,2010-01-04,2026-06-11,False,False,0,0.0,81,45,0.031650339110776186
600193.SH,*ST创兴,3784,2010-01-04,2026-06-11,True,False,0,0.0,75,50,0.0330338266384778
600195.SH,中牧股份,3913,2010-01-04,2026-06-11,False,False,0,0.0,20,21,0.01047789419882443
600196.SH,复星医药,3962,2010-01-04,2026-06-11,False,False,0,0.0,28,9,0.00933871781928319
600197.SH,伊力特,3986,2010-01-04,2026-06-11,False,False,0,0.0,34,24,0.014550928248871048
600198.SH,大唐电信,3829,2010-01-04,2026-06-11,False,False,0,0.0,97,66,0.04256986158265866
600199.SH,金种子酒,3962,2010-01-04,2026-06-11,False,False,0,0.0,54,27,0.0204442200908632
600200.SH,*ST苏吴,3763,2010-01-04,2025-12-29,True,False,0,0.0,69,41,0.029231995748073347
600201.SH,生物股份,3958,2010-01-04,2026-06-11,False,False,0,0.0,9,21,0.007579585649317837
600202.SH,哈空调,3886,2010-01-04,2026-06-11,False,False,0,0.0,48,32,0.020586721564590838
600203.SH,福日电子,3839,2010-01-04,2026-06-11,False,False,0,0.0,90,49,0.03620734566293306
600206.SH,有研新材,3894,2010-01-04,2026-06-11,False,False,0,0.0,71,38,0.027991782229070363
600207.SH,安彩高科,3880,2010-01-04,2026-06-11,False,False,0,0.0,97,43,0.03608247422680412
600208.SH,衢州发展,3922,2010-01-04,2026-06-11,False,False,0,0.0,38,22,0.015298317185109638
600210.SH,紫江企业,3978,2010-01-04,2026-06-11,False,False,0,0.0,49,30,0.01985922574157868
600211.SH,西藏药业,3844,2010-01-04,2026-06-11,False,False,0,0.0,66,21,0.02263267429760666
600212.SH,绿能慧充,3525,2010-01-04,2026-06-11,False,False,0,0.0,77,28,0.029787234042553193
600215.SH,派斯林,3864,2010-01-04,2026-06-11,False,False,0,0.0,59,30,0.02303312629399586
600216.SH,浙江医药,3974,2010-01-04,2026-06-11,False,False,0,0.0,20,15,0.008807247106190236
600217.SH,中再资环,3649,2010-02-03,2026-06-11,False,False,0,0.0,41,9,0.013702384214853385
600218.SH,全柴动力,3940,2010-01-04,2026-06-11,False,False,0,0.0,64,47,0.02817258883248731
600219.SH,南山铝业,3874,2010-01-04,2026-06-11,False,False,0,0.0,23,16,0.010067114093959731
600221.SH,海航控股,3830,2010-01-04,2026-06-11,False,False,0,0.0,32,16,0.012532637075718016
600222.SH,太龙药业,3899,2010-01-04,2026-06-11,False,False,0,0.0,39,40,0.02026160553988202
600223.SH,福瑞达,3973,2010-01-04,2026-06-11,False,False,0,0.0,63,39,0.025673294739491568
600226.SH,亨通股份,3533,2010-01-04,2026-06-11,False,False,0,0.0,35,22,0.01613359750919898
600227.SH,赤天化,3676,2010-01-04,2026-06-11,False,False,0,0.0,69,37,0.02883569096844396
600228.SH,*ST返利,3634,2010-01-06,2026-06-11,True,False,0,0.0,85,51,0.03742432581177765
600229.SH,城市传媒,3843,2010-01-04,2026-06-11,False,False,0,0.0,51,31,0.021337496747332815
600230.SH,沧州大化,3930,2010-01-04,2026-06-11,False,False,0,0.0,60,47,0.0272264631043257
600231.SH,凌钢股份,3948,2010-01-04,2026-06-11,False,False,0,0.0,44,25,0.017477203647416412
600232.SH,金鹰股份,3809,2010-01-04,2026-06-11,False,False,0,0.0,58,31,0.023365712785508006
600233.SH,圆通速递,3889,2010-01-04,2026-06-11,False,False,0,0.0,53,24,0.01979943430187709
600234.SH,科新发展,3584,2010-01-04,2026-06-11,False,False,0,0.0,82,46,0.03571428571428571
600235.SH,民丰特纸,3976,2010-01-04,2026-06-11,False,False,0,0.0,40,36,0.019114688128772636
600236.SH,桂冠电力,3910,2010-01-04,2026-06-11,False,False,0,0.0,23,13,0.009207161125319692
600237.SH,铜峰电子,3899,2010-01-04,2026-06-11,False,False,0,0.0,70,30,0.02564760194921775
600238.SH,*ST椰岛,3820,2010-01-04,2026-06-11,True,False,0,0.0,64,33,0.025392670157068063
600239.SH,云南城投,3730,2010-01-04,2026-06-11,False,False,0,0.0,67,34,0.02707774798927614
600241.SH,时代万恒,3782,2010-01-04,2026-06-11,False,False,0,0.0,54,35,0.023532522474881017
600243.SH,*ST海华,3845,2010-01-04,2026-06-11,True,False,0,0.0,75,43,0.030689206762028607
600246.SH,万通发展,3771,2010-01-04,2026-06-11,False,False,0,0.0,67,39,0.0281092548395651
600248.SH,陕建股份,3850,2010-01-04,2026-06-11,False,False,0,0.0,32,29,0.015844155844155845
600249.SH,两面针,3971,2010-01-04,2026-06-11,False,False,0,0.0,46,33,0.019894233190632084
600250.SH,南京商旅,3766,2010-01-04,2026-06-11,False,False,0,0.0,89,50,0.03690918746680828
600251.SH,冠农股份,3958,2010-01-04,2026-06-11,False,False,0,0.0,30,22,0.013137948458817585
600252.SH,中恒集团,3950,2010-01-04,2026-06-11,False,False,0,0.0,32,19,0.012911392405063291
600255.SH,鑫科材料,3690,2010-01-04,2026-06-11,False,False,0,0.0,60,36,0.026016260162601626
600256.SH,广汇能源,3937,2010-01-04,2026-06-11,False,False,0,0.0,22,21,0.010922021844043688
600257.SH,大湖股份,3815,2010-01-04,2026-06-11,False,False,0,0.0,75,37,0.029357798165137616
600258.SH,首旅酒店,3670,2010-01-04,2026-06-11,False,False,0,0.0,15,9,0.006539509536784741
600259.SH,广晟有色,3827,2010-01-04,2026-06-11,False,False,0,0.0,98,26,0.03240135876665796
600261.SH,阳光照明,3980,2010-01-04,2026-06-11,False,False,0,0.0,20,18,0.009547738693467337
600262.SH,北方股份,3986,2010-01-04,2026-06-11,False,False,0,0.0,53,30,0.02082288008028098
600265.SH,ST景谷,3862,2010-01-04,2026-06-11,True,False,0,0.0,9,2,0.0028482651475919213
600266.SH,城建发展,3965,2010-01-04,2026-06-11,False,False,0,0.0,31,28,0.014880201765447668
600267.SH,海正药业,3930,2010-01-04,2026-06-11,False,False,0,0.0,32,24,0.014249363867684479
600268.SH,国电南自,3966,2010-01-04,2026-06-11,False,False,0,0.0,83,34,0.029500756429652043
600269.SH,赣粤高速,3984,2010-01-04,2026-06-11,False,False,0,0.0,9,10,0.004769076305220884
600271.SH,航天信息,3837,2010-01-04,2026-06-11,False,False,0,0.0,28,20,0.012509773260359656
600272.SH,开开实业,3986,2010-01-04,2026-06-11,False,False,0,0.0,96,59,0.038886101354741597
600273.SH,嘉化能源,3783,2010-01-04,2026-06-11,False,False,0,0.0,41,40,0.02141157811260904
600276.SH,恒瑞医药,3983,2010-01-04,2026-06-11,False,False,0,0.0,6,13,0.004770273663068039
600278.SH,东方创业,3922,2010-01-04,2026-06-11,False,False,0,0.0,60,42,0.026007139214686385
600279.SH,重庆港,3963,2010-01-04,2026-06-11,False,False,0,0.0,41,26,0.01690638405248549
600280.SH,中央商场,3906,2010-01-04,2026-06-11,False,False,0,0.0,79,52,0.03353814644137225
600281.SH,华阳新材,3944,2010-01-04,2026-06-11,False,False,0,0.0,84,39,0.03118661257606491
600282.SH,南钢股份,3927,2010-01-04,2026-06-11,False,False,0,0.0,15,17,0.008148714031066972
600283.SH,钱江水利,3962,2010-01-04,2026-06-11,False,False,0,0.0,49,31,0.020191822311963654
600284.SH,浦东建设,3930,2010-01-04,2026-06-11,False,False,0,0.0,45,23,0.017302798982188294
600285.SH,羚锐制药,3932,2010-01-04,2026-06-11,False,False,0,0.0,19,13,0.008138351983723296
600287.SH,苏豪时尚,3945,2010-01-04,2026-06-11,False,False,0,0.0,44,37,0.02053231939163498
600288.SH,大恒科技,3923,2010-01-04,2026-06-11,False,False,0,0.0,75,48,0.03135355595207749
600289.SH,ST信通,3763,2010-01-04,2026-06-11,True,False,0,0.0,23,18,0.01089556205155461
600292.SH,远达环保,3892,2010-01-04,2026-06-11,False,False,0,0.0,63,32,0.024409044193216854
600293.SH,三峡新材,3829,2010-01-04,2026-06-11,False,False,0,0.0,66,43,0.028466962653434316
600295.SH,鄂尔多斯,3835,2010-01-04,2026-06-11,False,False,0,0.0,45,36,0.021121251629726206
600298.SH,安琪酵母,3971,2010-01-04,2026-06-11,False,False,0,0.0,11,13,0.0060438176781667085
600299.SH,安迪苏,3849,2010-01-04,2026-06-11,False,False,0,0.0,28,20,0.012470771628994544
600300.SH,维维股份,3961,2010-01-04,2026-06-11,False,False,0,0.0,50,24,0.018682150971976775
600301.SH,华锡有色,3866,2010-01-04,2026-06-11,False,False,0,0.0,41,9,0.012933264355923435
600302.SH,标准股份,3976,2010-01-04,2026-06-11,False,False,0,0.0,53,47,0.025150905432595575
600303.SH,曙光股份,3897,2010-01-04,2026-06-11,False,False,0,0.0,69,29,0.02514754939697203
600305.SH,恒顺醋业,3978,2010-01-04,2026-06-11,False,False,0,0.0,21,14,0.008798391151332328
600307.SH,酒钢宏兴,3975,2010-01-04,2026-06-11,False,False,0,0.0,39,24,0.015849056603773583
600308.SH,华泰股份,3978,2010-01-04,2026-06-11,False,False,0,0.0,18,14,0.008044243338360985
600309.SH,万华化学,3851,2010-01-04,2026-06-11,False,False,0,0.0,5,11,0.004154764996104908
600310.SH,广西能源,3949,2010-01-04,2026-06-11,False,False,0,0.0,61,34,0.024056723221068624
600312.SH,平高电气,3859,2010-01-04,2026-06-11,False,False,0,0.0,23,11,0.00881057268722467
600313.SH,农发种业,3554,2010-01-04,2026-06-11,False,False,0,0.0,77,32,0.030669667979741137
600315.SH,上海家化,3735,2010-01-04,2026-06-11,False,False,0,0.0,17,9,0.0069611780455153946
600316.SH,洪都航空,3981,2010-01-04,2026-06-11,False,False,0,0.0,67,41,0.027128862094951016
600318.SH,新力金融,3471,2010-01-04,2026-06-11,False,False,0,0.0,123,57,0.05185825410544512
600319.SH,亚星化学,3629,2010-01-04,2026-06-11,False,False,0,0.0,46,23,0.01901350234224304
600320.SH,振华重工,3987,2010-01-04,2026-06-11,False,False,0,0.0,29,16,0.011286681715575621
600322.SH,津投城开,3975,2010-01-04,2026-06-11,False,False,0,0.0,59,27,0.021635220125786163
600323.SH,瀚蓝环境,3903,2010-01-04,2026-06-11,False,False,0,0.0,10,12,0.005636689725851908
600325.SH,华发股份,3964,2010-01-04,2026-06-11,False,False,0,0.0,25,21,0.01160443995963673
600326.SH,西藏天路,3974,2010-01-04,2026-06-11,False,False,0,0.0,64,40,0.026170105686965275
600327.SH,大东方,3976,2010-01-04,2026-06-11,False,False,0,0.0,61,29,0.022635814889336015
600328.SH,中盐化工,3770,2010-01-04,2026-06-11,False,False,0,0.0,43,34,0.02042440318302387
600329.SH,达仁堂,3969,2010-01-04,2026-06-11,False,False,0,0.0,23,18,0.010330057949105569
600330.SH,天通股份,3859,2010-01-04,2026-06-11,False,False,0,0.0,65,40,0.027209121534076185
600331.SH,宏达股份,3860,2010-01-04,2026-06-11,False,False,0,0.0,69,33,0.026424870466321245
600332.SH,白云山,3801,2010-01-04,2026-06-11,False,False,0,0.0,35,10,0.011838989739542225
600333.SH,长春燃气,3945,2010-01-04,2026-06-11,False,False,0,0.0,47,25,0.018250950570342206
600335.SH,国机汽车,3730,2010-01-04,2026-06-11,False,False,0,0.0,56,38,0.02520107238605898
600336.SH,澳柯玛,3960,2010-01-04,2026-06-11,False,False,0,0.0,58,35,0.023484848484848483
600337.SH,美克家居,3933,2010-01-04,2026-06-11,False,False,0,0.0,46,27,0.018560894991100942
600338.SH,西藏珠峰,3647,2010-01-05,2026-06-11,False,False,0,0.0,84,54,0.03783931998903208
600339.SH,中油工程,3830,2010-01-04,2026-06-11,False,False,0,0.0,41,31,0.018798955613577025
600340.SH,华夏幸福,3923,2010-01-04,2026-06-11,False,False,0,0.0,68,35,0.0262554167728779
600343.SH,航天动力,3964,2010-01-04,2026-06-11,False,False,0,0.0,67,42,0.02749747729566095
600345.SH,长江通信,3948,2010-01-04,2026-06-11,False,False,0,0.0,80,36,0.029381965552178316
600346.SH,恒力石化,3672,2010-01-04,2026-06-11,False,False,0,0.0,29,14,0.011710239651416121
600348.SH,华阳股份,3981,2010-01-04,2026-06-11,False,False,0,0.0,44,22,0.016578749058025623
600350.SH,山东高速,3949,2010-01-04,2026-06-11,False,False,0,0.0,12,12,0.00607748797163839
600351.SH,亚宝药业,3941,2010-01-04,2026-06-11,False,False,0,0.0,29,19,0.012179649835067242
600352.SH,浙江龙盛,3953,2010-01-04,2026-06-11,False,False,0,0.0,25,15,0.010118897040222615
600353.SH,旭光电子,3880,2010-01-04,2026-06-11,False,False,0,0.0,80,41,0.03118556701030928
600354.SH,敦煌种业,3936,2010-01-04,2026-06-11,False,False,0,0.0,69,42,0.028201219512195123
600355.SH,*ST精伦,3850,2010-01-04,2026-04-03,True,False,0,0.0,91,51,0.036883116883116886
600356.SH,恒丰纸业,3903,2010-01-04,2026-06-11,False,False,0,0.0,20,15,0.008967460927491674
600358.SH,ST联合,3651,2010-01-04,2026-06-11,True,False,0,0.0,62,47,0.029854834291974802
600359.SH,新农开发,3886,2010-01-21,2026-06-11,False,False,0,0.0,72,39,0.028564076170869788
600360.SH,*ST华微,3957,2010-01-04,2026-06-11,True,False,0,0.0,48,32,0.02021733636593379
600361.SH,创新新材,3964,2010-01-04,2026-06-11,False,False,0,0.0,47,22,0.017406659939455095
600362.SH,江西铜业,3978,2010-01-04,2026-06-11,False,False,0,0.0,27,16,0.010809451985922574
600363.SH,联创光电,3845,2010-01-04,2026-06-11,False,False,0,0.0,50,40,0.02340702210663199
600365.SH,ST通葡,3725,2010-01-04,2026-06-11,True,False,0,0.0,20,17,0.009932885906040268
600366.SH,宁波韵升,3919,2010-01-04,2026-06-11,False,False,0,0.0,53,26,0.02015820362337331
600367.SH,红星发展,3982,2010-01-04,2026-06-11,False,False,0,0.0,86,43,0.03239578101456554
600368.SH,五洲交通,3964,2010-01-04,2026-06-11,False,False,0,0.0,34,20,0.013622603430877902
600369.SH,西南证券,3816,2010-01-04,2026-06-11,False,False,0,0.0,30,17,0.012316561844863731
600370.SH,三房巷,3918,2010-01-04,2026-06-11,False,False,0,0.0,57,42,0.02526799387442573
600371.SH,万向德农,3985,2010-01-04,2026-06-11,False,False,0,0.0,86,40,0.03161856963613551
600372.SH,中航机载,3762,2010-09-20,2026-06-11,False,False,0,0.0,33,27,0.01594896331738437
600373.SH,中文传媒,3896,2010-01-04,2026-06-11,False,False,0,0.0,35,14,0.012577002053388091
600375.SH,汉马科技,3746,2010-01-04,2026-06-11,False,False,0,0.0,61,38,0.02642819006940737
600376.SH,首开股份,3959,2010-01-04,2026-06-11,False,False,0,0.0,63,28,0.02298560242485476
600377.SH,宁沪高速,3984,2010-01-04,2026-06-11,False,False,0,0.0,6,4,0.0025100401606425703
600378.SH,昊华科技,3796,2010-01-04,2026-06-11,False,False,0,0.0,50,26,0.020021074815595362
600379.SH,宝光股份,3633,2010-01-04,2026-06-11,False,False,0,0.0,81,35,0.03192953481970823
600380.SH,健康元,3930,2010-01-04,2026-06-11,False,False,0,0.0,39,23,0.015776081424936386
600381.SH,*ST春天,3540,2010-01-04,2026-06-11,True,False,0,0.0,79,47,0.03559322033898305
600382.SH,广东明珠,3950,2010-01-04,2026-06-11,False,False,0,0.0,36,29,0.016455696202531647
600383.SH,金地集团,3979,2010-01-04,2026-06-11,False,False,0,0.0,31,14,0.01130937421462679
600386.SH,北巴传媒,3984,2010-01-04,2026-06-11,False,False,0,0.0,65,32,0.024347389558232933
600388.SH,龙净环保,3956,2010-01-04,2026-06-11,False,False,0,0.0,24,19,0.010869565217391304
600389.SH,江山股份,3830,2010-01-04,2026-06-11,False,False,0,0.0,53,35,0.022976501305483028
600390.SH,五矿资本,3840,2010-01-04,2026-06-11,False,False,0,0.0,54,36,0.0234375
600391.SH,航发科技,3958,2010-01-04,2026-06-11,False,False,0,0.0,78,49,0.03208691258211218
600392.SH,盛和资源,3736,2010-01-04,2026-06-11,False,False,0,0.0,72,40,0.029978586723768737
600395.SH,盘江股份,3935,2010-01-04,2026-06-11,False,False,0,0.0,37,23,0.015247776365946633
600396.SH,华电辽能,3871,2010-01-04,2026-06-11,False,False,0,0.0,88,32,0.030999741668819428
600397.SH,江钨装备,3892,2010-01-04,2026-06-11,False,False,0,0.0,98,41,0.03571428571428571
600398.SH,海澜之家,3932,2010-01-04,2026-06-11,False,False,0,0.0,18,9,0.006866734486266531
600399.SH,抚顺特钢,3739,2010-01-04,2026-06-11,False,False,0,0.0,52,35,0.02326825354372827
600400.SH,红豆股份,3885,2010-01-04,2026-06-11,False,False,0,0.0,61,28,0.02290862290862291
600403.SH,大有能源,3934,2010-02-03,2026-06-11,False,False,0,0.0,78,39,0.029740721911540417
600405.SH,动力源,3961,2010-01-04,2026-06-11,False,False,0,0.0,78,40,0.029790456955314314
600406.SH,国电南瑞,3841,2010-01-04,2026-06-11,False,False,0,0.0,21,21,0.01093465243426191
600408.SH,安泰集团,3727,2010-01-04,2026-06-11,False,False,0,0.0,56,13,0.01851354977193453
600409.SH,三友化工,3947,2010-01-04,2026-06-11,False,False,0,0.0,25,29,0.013681276919179123
600410.SH,华胜天成,3922,2010-01-04,2026-06-11,False,False,0,0.0,93,51,0.03671596124426313
600415.SH,小商品城,3972,2010-01-04,2026-06-11,False,False,0,0.0,54,22,0.019133937562940583
600416.SH,湘电股份,3908,2010-01-04,2026-06-11,False,False,0,0.0,45,30,0.0191914022517912
600418.SH,江淮汽车,3897,2010-01-04,2026-06-11,False,False,0,0.0,68,23,0.023351295868616884
600419.SH,天润乳业,3770,2010-01-04,2026-06-11,False,False,0,0.0,46,18,0.016976127320954906
600420.SH,国药现代,3857,2010-01-04,2026-06-11,False,False,0,0.0,26,15,0.010630023334197563
600421.SH,*ST华嵘,3764,2010-01-04,2026-06-11,True,False,0,0.0,52,52,0.02763018065887354
600422.SH,昆药集团,3938,2010-01-04,2026-06-11,False,False,0,0.0,35,21,0.014220416455053326
600423.SH,柳化股份,3713,2010-01-04,2026-06-11,False,False,0,0.0,42,28,0.018852679773767842
600425.SH,青松建化,3963,2010-01-04,2026-06-11,False,False,0,0.0,56,31,0.02195306585919758
600426.SH,华鲁恒升,3977,2010-01-04,2026-06-11,False,False,0,0.0,15,19,0.008549157656525018
600428.SH,中远海特,3882,2010-01-04,2026-06-11,False,False,0,0.0,57,26,0.02138073158165894
600429.SH,三元股份,3870,2010-01-04,2026-06-11,False,False,0,0.0,38,14,0.013436692506459949
600433.SH,冠豪高新,3739,2010-01-04,2026-06-11,False,False,0,0.0,54,40,0.025140411874832843
600435.SH,北方导航,3963,2010-01-04,2026-06-11,False,False,0,0.0,67,29,0.024224072672218017
600436.SH,片仔癀,3967,2010-01-04,2026-06-11,False,False,0,0.0,19,16,0.008822788001008318
600438.SH,通威股份,3829,2010-01-04,2026-06-11,False,False,0,0.0,46,23,0.01802037085400888
600439.SH,瑞贝卡,3971,2010-01-04,2026-06-11,False,False,0,0.0,42,30,0.018131453034500127
600444.SH,国机通用,3818,2010-01-04,2026-06-11,False,False,0,0.0,42,17,0.015453116815086433
600446.SH,金证股份,3846,2010-01-04,2026-06-11,False,False,0,0.0,91,41,0.0343213728549142
600448.SH,华纺股份,3906,2010-01-04,2026-06-11,False,False,0,0.0,55,35,0.02304147465437788
600449.SH,宁夏建材,3915,2010-01-04,2026-06-11,False,False,0,0.0,40,38,0.01992337164750958
600452.SH,涪陵电力,3935,2010-01-04,2026-06-11,False,False,0,0.0,37,28,0.016518424396442185
600455.SH,博通股份,3376,2010-01-04,2026-06-11,False,False,0,0.0,37,36,0.021623222748815167
600456.SH,宝钛股份,3985,2010-01-04,2026-06-11,False,False,0,0.0,35,24,0.014805520702634882
600458.SH,时代新材,3851,2010-01-04,2026-06-11,False,False,0,0.0,44,31,0.019475460919241756
600459.SH,贵研铂业,3962,2010-01-04,2026-06-11,False,False,0,0.0,47,34,0.0204442200908632
600460.SH,士兰微,3894,2010-01-04,2026-06-11,False,False,0,0.0,64,32,0.02465331278890601
600461.SH,洪城环境,3830,2010-01-04,2026-06-11,False,False,0,0.0,10,11,0.005483028720626632
600463.SH,空港股份,3962,2010-01-04,2026-06-11,False,False,0,0.0,89,48,0.03457849570923776
600467.SH,好当家,3975,2010-01-04,2026-06-11,False,False,0,0.0,35,17,0.013081761006289308
600468.SH,百利电气,3781,2010-01-04,2026-06-11,False,False,0,0.0,57,38,0.02512562814070352
600469.SH,风神股份,3804,2010-01-04,2026-06-11,False,False,0,0.0,35,28,0.016561514195583597
600470.SH,六国化工,3973,2010-01-04,2026-06-11,False,False,0,0.0,63,44,0.02693178957966272
600475.SH,华光环能,3835,2010-01-04,2026-06-11,False,False,0,0.0,53,23,0.019817470664928293
600476.SH,湘邮科技,3955,2010-01-04,2026-06-11,False,False,0,0.0,87,44,0.033122629582806574
600477.SH,杭萧钢构,3947,2010-01-04,2026-06-11,False,False,0,0.0,62,32,0.023815556118571068
600478.SH,科力远,3797,2010-01-04,2026-06-11,False,False,0,0.0,56,36,0.024229654990782196
600479.SH,千金药业,3958,2010-01-04,2026-06-11,False,False,0,0.0,19,20,0.009853461344113188
600480.SH,凌云股份,3845,2010-01-04,2026-06-11,False,False,0,0.0,58,38,0.024967490247074123
600481.SH,双良节能,3866,2010-01-04,2026-06-11,False,False,0,0.0,64,38,0.02638385928608381
600482.SH,中国动力,3840,2010-01-04,2026-06-11,False,False,0,0.0,31,15,0.011979166666666667
600483.SH,福能股份,3876,2010-01-04,2026-06-11,False,False,0,0.0,41,25,0.017027863777089782
600486.SH,扬农化工,3977,2010-01-04,2026-06-11,False,False,0,0.0,16,11,0.006789036962534574
600487.SH,亨通光电,3864,2010-01-04,2026-06-11,False,False,0,0.0,30,31,0.015786749482401656
600488.SH,津药药业,3884,2010-01-04,2026-06-11,False,False,0,0.0,30,17,0.012100926879505664
600489.SH,中金黄金,3953,2010-01-04,2026-06-11,False,False,0,0.0,21,13,0.008601062484189223
600490.SH,鹏欣资源,3479,2010-01-04,2026-06-11,False,False,0,0.0,66,44,0.031618281115263006
600491.SH,龙元建设,3965,2010-01-04,2026-06-11,False,False,0,0.0,43,39,0.02068095838587642
600493.SH,凤竹纺织,3979,2010-01-04,2026-06-11,False,False,0,0.0,54,45,0.02488062327217894
600495.SH,晋西车轴,3971,2010-01-04,2026-06-11,False,False,0,0.0,50,30,0.020146058927222363
600496.SH,精工钢构,3957,2010-01-04,2026-06-11,False,False,0,0.0,24,13,0.009350518069244376
600497.SH,驰宏锌锗,3840,2010-01-04,2026-06-11,False,False,0,0.0,35,28,0.01640625
600498.SH,烽火通信,3938,2010-01-04,2026-06-11,False,False,0,0.0,36,21,0.014474352463179279
600499.SH,科达制造,3759,2010-01-04,2026-06-11,False,False,0,0.0,37,27,0.017025804735301943
600500.SH,中化国际,3946,2010-01-04,2026-06-11,False,False,0,0.0,30,26,0.01419158641662443
600501.SH,航天晨光,3972,2010-01-04,2026-06-11,False,False,0,0.0,82,43,0.03147029204431017
600502.SH,安徽建工,3845,2010-01-04,2026-06-11,False,False,0,0.0,33,23,0.014564369310793237
600503.SH,华丽家族,3903,2010-01-04,2026-06-11,False,False,0,0.0,84,46,0.03330771201639764
600505.SH,西昌电力,3961,2010-01-04,2026-06-11,False,False,0,0.0,59,35,0.02373138096440293
600506.SH,统一股份,3775,2010-01-04,2026-06-11,False,False,0,0.0,80,45,0.033112582781456956
600507.SH,方大特钢,3961,2010-01-04,2026-06-11,False,False,0,0.0,39,32,0.01792476647311285
600508.SH,上海能源,3984,2010-01-04,2026-06-11,False,False,0,0.0,33,17,0.012550200803212851
600509.SH,天富能源,3956,2010-01-04,2026-06-11,False,False,0,0.0,52,27,0.019969666329625886
600510.SH,黑牡丹,3937,2010-01-04,2026-06-11,False,False,0,0.0,59,34,0.023622047244094488
600511.SH,国药股份,3857,2010-01-04,2026-06-11,False,False,0,0.0,26,18,0.011407829919626652
600512.SH,腾达建设,3924,2010-01-04,2026-06-11,False,False,0,0.0,39,20,0.015035677879714576
600513.SH,联环药业,3939,2010-01-04,2026-06-11,False,False,0,0.0,85,41,0.03198781416603199
600515.SH,海南机场,3659,2010-01-04,2026-06-11,False,False,0,0.0,39,20,0.016124624214266192
600516.SH,方大炭素,3915,2010-01-04,2026-06-11,False,False,0,0.0,50,31,0.020689655172413793
600517.SH,国网英大,3850,2010-01-04,2026-06-11,False,False,0,0.0,47,25,0.0187012987012987
600518.SH,康美药业,3927,2010-01-04,2026-06-11,False,False,0,0.0,26,26,0.01324166030048383
600519.SH,贵州茅台,3984,2010-01-04,2026-06-11,False,False,0,0.0,2,4,0.0015060240963855422
600520.SH,三佳科技,3848,2010-01-04,2026-06-11,False,False,0,0.0,122,48,0.04417879417879418
600521.SH,华海药业,3966,2010-01-04,2026-06-11,False,False,0,0.0,31,27,0.014624306606152295
600522.SH,中天科技,3901,2010-01-04,2026-06-11,False,False,0,0.0,34,29,0.0161497052037939
600523.SH,贵航股份,3958,2010-01-04,2026-06-11,False,False,0,0.0,42,49,0.022991409802930775
600525.SH,ST长园,3754,2010-01-04,2026-06-11,True,False,0,0.0,34,27,0.016249334043686735
600526.SH,菲达环保,3926,2010-01-04,2026-06-11,False,False,0,0.0,47,26,0.01859398879266429
600527.SH,江南高纤,3976,2010-01-04,2026-06-11,False,False,0,0.0,55,28,0.020875251509054327
600528.SH,中铁工业,3913,2010-01-04,2026-06-11,False,False,0,0.0,45,21,0.0168668540761564
600529.SH,山东药玻,3940,2010-01-04,2026-06-11,False,False,0,0.0,14,12,0.006598984771573604
600530.SH,交大昂立,3767,2010-01-04,2026-06-11,False,False,0,0.0,66,24,0.02389169100079639
600531.SH,豫光金铅,3954,2010-01-04,2026-06-11,False,False,0,0.0,65,28,0.023520485584218515
600533.SH,栖霞建设,3875,2010-01-04,2026-06-11,False,False,0,0.0,40,20,0.015483870967741935
600535.SH,天士力,3967,2010-01-04,2026-06-11,False,False,0,0.0,7,9,0.00403327451474666
600536.SH,中国软件,3971,2010-01-04,2026-06-11,False,False,0,0.0,106,43,0.03752203475195165
600537.SH,亿晶光电,3932,2010-01-04,2026-06-11,False,False,0,0.0,82,44,0.03204476093591048
600538.SH,国发股份,3848,2010-01-04,2026-06-11,False,False,0,0.0,31,40,0.018451143451143452
600539.SH,狮头股份,3725,2010-01-04,2026-06-11,False,False,0,0.0,54,27,0.02174496644295302
600540.SH,新赛股份,3903,2010-01-04,2026-06-11,False,False,0,0.0,76,43,0.03048936715347169
600543.SH,莫高股份,3958,2010-01-04,2026-06-11,False,False,0,0.0,59,46,0.02652854977261243
600545.SH,卓郎智能,3860,2010-01-04,2026-06-11,False,False,0,0.0,96,39,0.034974093264248704
600546.SH,山煤国际,3921,2010-01-04,2026-06-11,False,False,0,0.0,56,37,0.023718439173680182
600547.SH,山东黄金,3795,2010-01-04,2026-06-11,False,False,0,0.0,25,19,0.011594202898550725
600548.SH,深高速,3983,2010-01-04,2026-06-11,False,False,0,0.0,18,11,0.007280944012051218
600549.SH,厦门钨业,3972,2010-01-04,2026-06-11,False,False,0,0.0,42,18,0.015105740181268883
600550.SH,保变电气,3939,2010-01-04,2026-06-11,False,False,0,0.0,88,34,0.030972328002030973
600551.SH,时代出版,3861,2010-01-04,2026-06-11,False,False,0,0.0,33,26,0.01528101528101528
600552.SH,凯盛科技,3751,2010-01-04,2026-06-11,False,False,0,0.0,77,41,0.03145827779258864
600556.SH,天下秀,2818,2013-02-08,2026-06-11,False,False,0,0.0,68,44,0.0397444996451384
600557.SH,康缘药业,3968,2010-01-04,2026-06-11,False,False,0,0.0,20,17,0.009324596774193549
600558.SH,大西洋,3883,2010-01-04,2026-06-11,False,False,0,0.0,22,22,0.0113314447592068
600559.SH,老白干酒,3758,2010-01-04,2026-06-11,False,False,0,0.0,63,27,0.023948908994145823
600560.SH,金自天正,3984,2010-01-04,2026-06-11,False,False,0,0.0,60,39,0.024849397590361446
600561.SH,江西长运,3906,2010-01-04,2026-06-11,False,False,0,0.0,30,25,0.01408090117767537
600562.SH,国睿科技,3940,2010-01-04,2026-06-11,False,False,0,0.0,31,27,0.014720812182741117
600563.SH,法拉电子,3987,2010-01-04,2026-06-11,False,False,0,0.0,30,17,0.011788312014045649
600566.SH,济川药业,3857,2010-01-04,2026-06-11,False,False,0,0.0,25,17,0.010889292196007259
600567.SH,山鹰国际,3906,2010-01-04,2026-06-11,False,False,0,0.0,29,13,0.010752688172043012
600568.SH,ST中珠,3666,2010-01-04,2026-06-11,True,False,0,0.0,30,36,0.01800327332242226
600569.SH,安阳钢铁,3912,2010-01-04,2026-06-11,False,False,0,0.0,50,17,0.01712678936605317
600570.SH,恒生电子,3923,2010-01-04,2026-06-11,False,False,0,0.0,56,39,0.024216161101198064
600571.SH,信雅达,3818,2010-01-04,2026-06-11,False,False,0,0.0,108,58,0.043478260869565216
600572.SH,康恩贝,3828,2010-01-04,2026-06-11,False,False,0,0.0,26,16,0.0109717868338558
600573.SH,惠泉啤酒,3984,2010-01-04,2026-06-11,False,False,0,0.0,40,31,0.01782128514056225
600575.SH,淮河能源,3658,2010-01-04,2026-06-11,False,False,0,0.0,41,19,0.016402405686167305
600576.SH,祥源文旅,3586,2010-01-04,2026-06-11,False,False,0,0.0,91,48,0.038761851645287226
600577.SH,精达股份,3737,2010-01-04,2026-06-11,False,False,0,0.0,49,25,0.019801980198019802
600578.SH,京能电力,3857,2010-01-04,2026-06-11,False,False,0,0.0,32,20,0.013481980814104226
600579.SH,中化装备,3674,2010-01-04,2026-06-11,False,False,0,0.0,92,51,0.038922155688622756
600580.SH,卧龙电驱,3892,2010-01-04,2026-06-11,False,False,0,0.0,38,30,0.017471736896197326
600581.SH,八一钢铁,3820,2010-01-04,2026-06-11,False,False,0,0.0,59,40,0.025916230366492148
600582.SH,天地科技,3922,2010-01-04,2026-06-11,False,False,0,0.0,15,19,0.008669046404895462
600583.SH,海油工程,3975,2010-01-04,2026-06-11,False,False,0,0.0,26,17,0.010817610062893081
600584.SH,长电科技,3751,2010-01-04,2026-06-11,False,False,0,0.0,46,28,0.01972807251399627
600585.SH,海螺水泥,3979,2010-01-04,2026-06-11,False,False,0,0.0,10,6,0.004021110831867303
600586.SH,金晶科技,3978,2010-01-04,2026-06-11,False,False,0,0.0,58,30,0.02212166918049271
600587.SH,新华医疗,3836,2010-01-04,2026-06-11,False,False,0,0.0,30,19,0.012773722627737226
600588.SH,用友网络,3964,2010-01-04,2026-06-11,False,False,0,0.0,61,43,0.026236125126135216
600589.SH,大位科技,3823,2010-01-04,2026-06-11,False,False,0,0.0,75,34,0.02851164007324091
600590.SH,泰豪科技,3752,2010-01-04,2026-06-11,False,False,0,0.0,55,26,0.021588486140724946
600592.SH,龙溪股份,3907,2010-01-04,2026-06-11,False,False,0,0.0,54,55,0.02789864346045559
600593.SH,大连圣亚,3907,2010-01-04,2026-06-11,False,False,0,0.0,53,52,0.026874840030714102
600594.SH,益佰制药,3970,2010-01-04,2026-06-11,False,False,0,0.0,19,24,0.010831234256926952
600595.SH,中孚实业,3896,2010-01-04,2026-06-11,False,False,0,0.0,40,21,0.015657084188911704
600596.SH,新安股份,3961,2010-01-04,2026-06-11,False,False,0,0.0,41,28,0.017419843473870236
600597.SH,光明乳业,3906,2010-01-04,2026-06-11,False,False,0,0.0,12,8,0.005120327700972862
600598.SH,北大荒,3934,2010-01-04,2026-06-11,False,False,0,0.0,32,22,0.013726487036095577
600599.SH,*ST熊猫,3783,2010-01-04,2026-06-11,True,False,0,0.0,60,45,0.02775574940523394
600600.SH,青岛啤酒,3984,2010-01-04,2026-06-11,False,False,0,0.0,15,5,0.0050200803212851405
600601.SH,方正科技,3954,2010-01-04,2026-06-11,False,False,0,0.0,67,23,0.02276176024279211
600602.SH,云赛智联,3827,2010-01-04,2026-06-11,False,False,0,0.0,62,27,0.023255813953488372
600603.SH,ST广物,3589,2010-01-04,2026-06-11,True,False,0,0.0,48,30,0.021733073279465033
600604.SH,市北高新,3844,2010-01-04,2026-06-11,False,False,0,0.0,95,41,0.03537981269510926
600605.SH,汇通能源,3935,2010-01-04,2026-06-11,False,False,0,0.0,53,44,0.024650571791613722
600606.SH,绿地控股,3647,2010-01-04,2026-06-11,False,False,0,0.0,65,33,0.026871401151631478
600608.SH,*ST沪科,3832,2010-01-04,2026-06-11,True,False,0,0.0,14,7,0.005480167014613779
600609.SH,金杯汽车,3762,2010-01-04,2026-06-11,False,False,0,0.0,58,20,0.02073365231259968
600610.SH,中毅达,3224,2010-01-04,2026-06-11,False,False,0,0.0,95,45,0.043424317617866005
600611.SH,大众交通,3985,2010-01-04,2026-06-11,False,False,0,0.0,48,37,0.02132998745294856
600612.SH,老凤祥,3976,2010-01-04,2026-06-11,False,False,0,0.0,21,9,0.007545271629778672
600613.SH,神奇制药,3916,2010-01-04,2026-06-11,False,False,0,0.0,91,32,0.03140960163432074
600615.SH,鑫源智造,3850,2010-01-04,2026-06-11,False,False,0,0.0,60,45,0.02727272727272727
600616.SH,金枫酒业,3982,2010-01-04,2026-06-11,False,False,0,0.0,33,33,0.016574585635359115
600617.SH,国新能源,3778,2010-01-04,2026-06-11,False,False,0,0.0,36,19,0.014557967178401271
600618.SH,氯碱化工,3983,2010-01-04,2026-06-11,False,False,0,0.0,60,31,0.022847100175746926
600619.SH,海立股份,3904,2010-01-04,2026-06-11,False,False,0,0.0,76,35,0.028432377049180328
600620.SH,天宸股份,3905,2010-01-04,2026-06-11,False,False,0,0.0,74,39,0.028937259923175414
600621.SH,华鑫股份,3921,2010-01-04,2026-06-11,False,False,0,0.0,58,35,0.023718439173680182
600622.SH,光大嘉宝,3959,2010-01-04,2026-06-11,False,False,0,0.0,67,43,0.027784794139934326
600623.SH,华谊集团,3897,2010-01-04,2026-06-11,False,False,0,0.0,58,31,0.02283808057480113
600624.SH,ST复华,3972,2010-01-04,2026-06-11,True,False,0,0.0,76,41,0.02945619335347432
600626.SH,申达股份,3934,2010-01-04,2026-06-11,False,False,0,0.0,58,38,0.02440264361972547
600628.SH,新世界,3938,2010-01-04,2026-06-11,False,False,0,0.0,42,25,0.0170137125444388
600629.SH,华建集团,3785,2010-01-04,2026-06-11,False,False,0,0.0,83,45,0.03381770145310436
600630.SH,龙头股份,3984,2010-01-04,2026-06-11,False,False,0,0.0,87,45,0.03313253012048193
600633.SH,浙数文化,3488,2010-01-04,2026-06-11,False,False,0,0.0,63,33,0.027522935779816515
600635.SH,大众公用,3982,2010-01-04,2026-06-11,False,False,0,0.0,53,28,0.020341536916122553
600636.SH,*ST国化,3650,2010-01-04,2026-06-11,True,False,0,0.0,65,43,0.02958904109589041
600637.SH,东方明珠,3745,2010-01-04,2026-06-11,False,False,0,0.0,37,27,0.017089452603471295
600638.SH,新黄浦,3971,2010-01-04,2026-06-11,False,False,0,0.0,33,31,0.016116847141777888
600639.SH,浦东金桥,3929,2010-01-04,2026-06-11,False,False,0,0.0,57,33,0.022906592008144565
600640.SH,国脉文化,3865,2010-01-04,2026-06-11,False,False,0,0.0,92,48,0.03622250970245795
600641.SH,万业企业,3797,2010-01-04,2026-06-11,False,False,0,0.0,49,18,0.017645509612852252
600642.SH,申能股份,3982,2010-01-04,2026-06-11,False,False,0,0.0,12,10,0.0055248618784530384
600643.SH,爱建集团,3761,2010-01-04,2026-06-11,False,False,0,0.0,38,21,0.015687317202871576
600644.SH,乐山电力,3942,2010-01-04,2026-06-11,False,False,0,0.0,47,15,0.015728056823947234
600645.SH,中源协和,3591,2010-01-04,2026-06-11,False,False,0,0.0,33,27,0.01670843776106934
600648.SH,外高桥,3942,2010-01-04,2026-06-11,False,False,0,0.0,56,29,0.021562658548959918
600649.SH,城投控股,3625,2010-01-04,2026-06-11,False,False,0,0.0,28,20,0.013241379310344827
600650.SH,锦江在线,3976,2010-01-04,2026-06-11,False,False,0,0.0,87,40,0.03194164989939638
600651.SH,飞乐音响,3851,2010-01-04,2026-06-11,False,False,0,0.0,69,40,0.028304336535964685
600653.SH,申华控股,3717,2010-01-04,2026-06-11,False,False,0,0.0,64,30,0.025289211729889696
600654.SH,中安科,3461,2010-01-04,2026-06-11,False,False,0,0.0,48,4,0.015024559375902918
600655.SH,豫园股份,3746,2010-01-04,2026-06-11,False,False,0,0.0,27,17,0.011745862253069941
600657.SH,信达地产,3851,2010-01-04,2026-06-11,False,False,0,0.0,62,24,0.02233186185406388
600658.SH,电子城,3962,2010-01-04,2026-06-11,False,False,0,0.0,74,31,0.026501766784452298
600660.SH,福耀玻璃,3987,2010-01-04,2026-06-11,False,False,0,0.0,10,4,0.003511412089290193
600661.SH,昂立教育,3851,2010-01-04,2026-06-11,False,False,0,0.0,96,41,0.035575175279148274
600662.SH,外服控股,3938,2010-01-04,2026-06-11,False,False,0,0.0,61,33,0.023869984763839513
600663.SH,陆家嘴,3856,2010-01-04,2026-06-11,False,False,0,0.0,48,20,0.017634854771784232
600664.SH,哈药股份,3817,2010-01-04,2026-06-11,False,False,0,0.0,33,19,0.013623264343725438
600665.SH,天地源,3973,2010-01-04,2026-06-11,False,False,0,0.0,47,37,0.021142713314875407
600666.SH,奥瑞德,3551,2010-01-04,2026-06-11,False,False,0,0.0,73,35,0.03041396789636722
600667.SH,太极实业,3847,2010-01-04,2026-06-11,False,False,0,0.0,53,25,0.020275539381336107
600668.SH,尖峰集团,3983,2010-01-04,2026-06-11,False,False,0,0.0,38,24,0.015566156163695707
600671.SH,天目药业,3571,2010-01-04,2026-06-11,False,False,0,0.0,39,20,0.01652198263791655
600673.SH,东阳光,3692,2010-01-04,2026-06-11,False,False,0,0.0,42,24,0.017876489707475622
600674.SH,川投能源,3957,2010-01-04,2026-06-11,False,False,0,0.0,7,7,0.0035380338640384128
600675.SH,中华企业,3704,2010-01-04,2026-06-11,False,False,0,0.0,45,30,0.020248380129589634
600676.SH,交运股份,3927,2010-01-04,2026-06-11,False,False,0,0.0,55,22,0.0196078431372549
600678.SH,四川金顶,3494,2010-01-04,2026-06-11,False,False,0,0.0,109,63,0.04922724670864339
600679.SH,上海凤凰,3906,2010-01-04,2026-06-11,False,False,0,0.0,125,55,0.04608294930875576
600681.SH,百川能源,3295,2011-09-08,2026-06-11,False,False,0,0.0,23,15,0.011532625189681336
600682.SH,南京新百,3578,2010-01-04,2026-06-11,False,False,0,0.0,43,30,0.020402459474566797
600683.SH,京投发展,3953,2010-01-04,2026-06-11,False,False,0,0.0,107,34,0.03566911206678472
600684.SH,珠江股份,3985,2010-01-05,2026-06-11,False,False,0,0.0,75,44,0.02986198243412798
600685.SH,中船防务,3686,2010-01-04,2026-06-11,False,False,0,0.0,56,32,0.02387411828540423
600686.SH,金龙汽车,3880,2010-01-04,2026-06-11,False,False,0,0.0,63,33,0.024742268041237112
600688.SH,上海石化,3937,2010-01-04,2026-06-11,False,False,0,0.0,31,17,0.012192024384048768
600689.SH,上海三毛,3825,2010-01-04,2026-06-11,False,False,0,0.0,82,37,0.03111111111111111
600690.SH,海尔智家,3889,2010-01-04,2026-06-11,False,False,0,0.0,9,9,0.004628439187451787
600691.SH,潞化科技,3826,2010-01-04,2026-06-11,False,False,0,0.0,49,16,0.016989022477783586
600692.SH,亚通股份,3981,2010-01-08,2026-06-11,False,False,0,0.0,58,44,0.02562170308967596
600693.SH,东百集团,3946,2010-01-04,2026-06-11,False,False,0,0.0,66,36,0.025848960973137353
600694.SH,大商股份,3914,2010-01-04,2026-06-11,False,False,0,0.0,18,20,0.009708737864077669
600696.SH,*ST岩石,3775,2010-01-04,2026-06-11,True,False,0,0.0,96,60,0.04132450331125828
600697.SH,欧亚集团,3970,2010-01-04,2026-06-11,False,False,0,0.0,30,17,0.011838790931989925
600698.SH,湖南天雁,3648,2010-01-04,2026-06-11,False,False,0,0.0,85,52,0.03755482456140351
600699.SH,均胜电子,3631,2010-01-04,2026-06-11,False,False,0,0.0,57,29,0.023684935279537318
600702.SH,舍得酒业,3930,2010-01-04,2026-06-11,False,False,0,0.0,49,32,0.020610687022900764
600703.SH,三安光电,3936,2010-01-04,2026-06-11,False,False,0,0.0,44,24,0.017276422764227643
600704.SH,物产中大,3874,2010-01-04,2026-06-11,False,False,0,0.0,43,36,0.020392359318533816
600706.SH,曲江文旅,3910,2010-01-04,2026-06-11,False,False,0,0.0,55,40,0.024296675191815855
600707.SH,彩虹股份,3879,2010-01-04,2026-06-11,False,False,0,0.0,81,39,0.030935808197989172
600708.SH,光明地产,3927,2010-01-04,2026-06-11,False,False,0,0.0,53,33,0.021899668958492487
600710.SH,苏美达,3521,2010-01-04,2026-06-11,False,False,0,0.0,33,8,0.011644419199091167
600711.SH,盛屯矿业,3766,2010-01-04,2026-06-11,False,False,0,0.0,69,40,0.028943175783324483
600712.SH,南宁百货,3974,2010-01-04,2026-06-11,False,False,0,0.0,79,46,0.03145445395067942
600713.SH,南京医药,3953,2010-01-04,2026-06-11,False,False,0,0.0,20,19,0.00986592461421705
600714.SH,金瑞矿业,3797,2010-01-04,2026-06-11,False,False,0,0.0,105,39,0.03792467737687648
600715.SH,文投控股,3742,2010-01-04,2026-06-11,False,False,0,0.0,74,24,0.026189203634420097
600716.SH,凤凰股份,3955,2010-01-04,2026-06-11,False,False,0,0.0,47,32,0.019974715549936788
600717.SH,天津港,3972,2010-01-04,2026-06-08,False,False,0,0.0,19,17,0.00906344410876133
600718.SH,东软集团,3960,2010-01-04,2026-06-11,False,False,0,0.0,40,29,0.017424242424242425
600719.SH,大连热电,3769,2010-01-04,2026-06-11,False,False,0,0.0,55,25,0.02122578933404086
600720.SH,中交设计,3962,2010-01-04,2026-06-11,False,False,0,0.0,29,28,0.014386673397274103
600721.SH,百花医药,3830,2010-01-04,2026-06-11,False,False,0,0.0,68,30,0.025587467362924284
600722.SH,金牛化工,3847,2010-01-04,2026-06-11,False,False,0,0.0,74,25,0.02573433844554198
600724.SH,宁波富达,3905,2010-01-04,2026-06-11,False,False,0,0.0,62,32,0.02407170294494238
600725.SH,云维股份,3590,2010-01-04,2026-06-11,False,False,0,0.0,62,36,0.027298050139275765
600726.SH,华电能源,3947,2010-01-04,2026-06-11,False,False,0,0.0,77,28,0.02660248289840385
600727.SH,鲁北化工,3510,2010-01-04,2026-06-11,False,False,0,0.0,39,35,0.021082621082621083
600728.SH,佳都科技,3759,2010-01-04,2026-06-11,False,False,0,0.0,51,40,0.024208566108007448
600729.SH,重庆百货,3807,2010-01-04,2026-06-11,False,False,0,0.0,17,15,0.008405568689256633
600730.SH,中国高科,3843,2010-01-04,2026-06-11,False,False,0,0.0,80,41,0.031485818371064275
600731.SH,湖南海利,3956,2010-01-04,2026-06-11,False,False,0,0.0,26,30,0.014155712841253791
600732.SH,爱旭股份,3517,2010-01-04,2026-06-11,False,False,0,0.0,77,18,0.02701165766278078
600733.SH,北汽蓝谷,3478,2010-01-04,2026-06-11,False,False,0,0.0,44,13,0.0163887291546866
600734.SH,实达集团,3404,2010-01-04,2026-06-11,False,False,0,0.0,89,38,0.0373090481786134
600735.SH,ST新华锦,3573,2010-01-04,2026-06-11,True,False,0,0.0,72,48,0.033585222502099076
600736.SH,苏州高新,3859,2010-01-04,2026-06-11,False,False,0,0.0,60,25,0.022026431718061675
600737.SH,中粮糖业,3950,2010-01-04,2026-06-11,False,False,0,0.0,47,30,0.01949367088607595
600738.SH,丽尚国潮,3824,2010-01-04,2026-06-11,False,False,0,0.0,36,34,0.018305439330543932
600739.SH,辽宁成大,3823,2010-01-11,2026-06-11,False,False,0,0.0,24,22,0.012032435260266806
600740.SH,山西焦化,3822,2010-01-04,2026-06-11,False,False,0,0.0,51,30,0.02119309262166405
600741.SH,华域汽车,3921,2010-01-04,2026-06-11,False,False,0,0.0,10,4,0.003570517725070135
600742.SH,富维股份,3986,2010-01-04,2026-06-11,False,False,0,0.0,19,22,0.010286001003512292
600743.SH,华远控股,3970,2010-01-04,2026-06-11,False,False,0,0.0,65,33,0.02468513853904282
600744.SH,华银电力,3883,2010-01-04,2026-06-11,False,False,0,0.0,104,37,0.03631212979654906
600745.SH,闻泰科技,3490,2010-01-04,2026-06-11,False,False,0,0.0,83,44,0.036389684813753584
600746.SH,江苏索普,3890,2010-01-04,2026-06-11,False,False,0,0.0,63,41,0.02673521850899743
600748.SH,上实发展,3930,2010-01-04,2026-06-11,False,False,0,0.0,55,33,0.022391857506361322
600749.SH,西藏旅游,3700,2010-01-04,2026-06-11,False,False,0,0.0,65,36,0.027297297297297296
600750.SH,江中药业,3906,2010-01-04,2026-06-11,False,False,0,0.0,23,14,0.009472606246799796
600751.SH,海航科技,3546,2010-01-04,2026-06-11,False,False,0,0.0,89,42,0.03694303440496334
600753.SH,*ST海钦,3668,2010-01-04,2026-06-11,True,False,0,0.0,80,55,0.03680479825517993
600754.SH,锦江酒店,3854,2010-01-04,2026-06-11,False,False,0,0.0,24,11,0.00908147379346134
600755.SH,厦门国贸,3975,2010-01-04,2026-06-11,False,False,0,0.0,26,20,0.011572327044025157
600756.SH,浪潮软件,3874,2010-01-04,2026-06-11,False,False,0,0.0,85,38,0.031750129065565305
600757.SH,长江传媒,3774,2010-01-04,2026-06-11,False,False,0,0.0,26,24,0.013248542660307366
600758.SH,辽宁能源,3854,2010-01-04,2026-06-11,False,False,0,0.0,64,37,0.026206538661131294
600759.SH,洲际油气,3548,2010-01-04,2026-06-11,False,False,0,0.0,90,31,0.03410372040586246
600760.SH,中航沈飞,3830,2010-01-04,2026-06-11,False,False,0,0.0,65,41,0.027676240208877285
600761.SH,安徽合力,3981,2010-01-04,2026-06-11,False,False,0,0.0,18,17,0.008791760864104497
600763.SH,通策医疗,3828,2010-01-04,2026-06-11,False,False,0,0.0,37,27,0.01671891327063741
600764.SH,中国海防,3625,2010-01-04,2026-06-11,False,False,0,0.0,57,37,0.02593103448275862
600765.SH,中航重机,3909,2010-01-04,2026-06-11,False,False,0,0.0,61,38,0.02532617037605526
600768.SH,宁波富邦,3676,2010-01-04,2026-06-11,False,False,0,0.0,50,44,0.025571273122959738
600769.SH,祥龙电业,3809,2010-01-04,2026-06-11,False,False,0,0.0,62,49,0.029141506957206617
600770.SH,综艺股份,3890,2010-01-04,2026-06-11,False,False,0,0.0,63,37,0.02570694087403599
600771.SH,广誉远,3853,2010-01-04,2026-06-11,False,False,0,0.0,37,26,0.016350895406177006
600773.SH,西藏城投,3861,2010-01-04,2026-06-11,False,False,0,0.0,87,49,0.03522403522403522
600774.SH,汉商集团,3967,2010-01-04,2026-06-11,False,False,0,0.0,68,40,0.027224602974539956
600775.SH,南京熊猫,3895,2010-01-04,2026-06-11,False,False,0,0.0,83,48,0.033632862644415916
600776.SH,东方通信,3981,2010-01-04,2026-06-11,False,False,0,0.0,94,40,0.03365988445114293
600777.SH,*ST新潮,3585,2010-01-04,2026-06-11,True,False,0,0.0,35,16,0.014225941422594143
600778.SH,友好集团,3871,2010-01-04,2026-06-11,False,False,0,0.0,51,26,0.019891500904159132
600779.SH,水井坊,3971,2010-01-04,2026-06-11,False,False,0,0.0,37,16,0.013346764039284816
600780.SH,通宝能源,3604,2010-01-04,2026-06-11,False,False,0,0.0,29,10,0.010821309655937847
600782.SH,新钢股份,3897,2010-01-04,2026-06-11,False,False,0,0.0,33,28,0.01565306646138055
600783.SH,鲁信创投,3980,2010-01-04,2026-06-11,False,False,0,0.0,67,52,0.029899497487437185
600784.SH,鲁银投资,3751,2010-01-04,2026-06-11,False,False,0,0.0,52,37,0.023727006131698213
600785.SH,新华百货,3882,2010-01-04,2026-06-11,False,False,0,0.0,66,27,0.023956723338485315
600787.SH,中储股份,3956,2010-01-04,2026-06-11,False,False,0,0.0,41,30,0.0179474216380182
600789.SH,鲁抗医药,3977,2010-01-04,2026-06-11,False,False,0,0.0,70,41,0.027910485290419916
600790.SH,轻纺城,3855,2010-01-04,2026-06-11,False,False,0,0.0,16,24,0.010376134889753566
600791.SH,京能置业,3978,2010-01-04,2026-06-11,False,False,0,0.0,66,30,0.024132730015082957
600792.SH,云煤能源,3941,2010-01-04,2026-06-11,False,False,0,0.0,82,39,0.03070286729256534
600793.SH,宜宾纸业,3767,2010-01-04,2026-06-11,False,False,0,0.0,70,21,0.024157154234138573
600794.SH,保税科技,3837,2010-01-04,2026-06-11,False,False,0,0.0,43,27,0.018243419338024498
600795.SH,国电电力,3910,2010-01-04,2026-06-11,False,False,0,0.0,14,12,0.006649616368286445
600796.SH,钱江生化,3739,2010-01-04,2026-06-11,False,False,0,0.0,47,31,0.020861192832308105
600797.SH,浙大网新,3843,2010-01-04,2026-06-11,False,False,0,0.0,68,40,0.02810304449648712
600798.SH,宁波海运,3797,2010-01-04,2026-06-11,False,False,0,0.0,71,26,0.025546484066368186
600800.SH,渤海化学,3845,2010-01-04,2026-06-11,False,False,0,0.0,93,46,0.03615084525357607
600801.SH,华新水泥,3977,2010-01-04,2026-06-11,False,False,0,0.0,42,17,0.014835302992205179
600802.SH,福建水泥,3981,2010-01-04,2026-06-11,False,False,0,0.0,49,32,0.020346646571213264
600803.SH,新奥股份,3828,2010-01-04,2026-06-11,False,False,0,0.0,27,16,0.01123301985370951
600805.SH,悦达投资,3983,2010-01-04,2026-06-11,False,False,0,0.0,25,23,0.012051217675119257
600807.SH,济高发展,3569,2010-01-04,2026-06-11,False,False,0,0.0,97,46,0.04006724572709443
600808.SH,马钢股份,3985,2010-01-04,2026-06-11,False,False,0,0.0,33,13,0.011543287327478042
600809.SH,山西汾酒,3974,2010-01-04,2026-06-11,False,False,0,0.0,19,24,0.010820332159033719
600810.SH,神马股份,3907,2010-01-04,2026-06-11,False,False,0,0.0,57,38,0.02431533145636038
600812.SH,华北制药,3953,2010-01-04,2026-06-11,False,False,0,0.0,52,25,0.019478876802428536
600814.SH,杭州解百,3850,2010-01-04,2026-06-11,False,False,0,0.0,57,24,0.021038961038961038
600815.SH,厦工股份,3955,2010-01-04,2026-06-11,False,False,0,0.0,63,34,0.02452591656131479
600816.SH,建元信托,3629,2010-01-04,2026-06-11,False,False,0,0.0,53,34,0.023973546431523836
600817.SH,宇通重工,2798,2010-01-04,2026-06-11,False,False,0,0.0,25,4,0.010364546104360257
600818.SH,中路股份,3891,2010-01-04,2026-06-11,False,False,0,0.0,94,47,0.036237471087124135
600819.SH,耀皮玻璃,3854,2010-01-04,2026-06-11,False,False,0,0.0,57,37,0.024390243902439025
600820.SH,隧道股份,3927,2010-01-04,2026-06-11,False,False,0,0.0,22,17,0.009931245225362872
600821.SH,金开新能,3913,2010-01-04,2026-06-11,False,False,0,0.0,77,33,0.02811142346026067
600822.SH,上海物贸,3839,2010-01-04,2026-06-11,False,False,0,0.0,95,53,0.03855170617348268
600824.SH,益民集团,3976,2010-01-04,2026-06-11,False,False,0,0.0,41,29,0.017605633802816902
600825.SH,新华传媒,3914,2010-01-04,2026-06-11,False,False,0,0.0,65,39,0.026571282575370465
600826.SH,兰生股份,3969,2010-01-04,2026-06-11,False,False,0,0.0,46,42,0.022171831695641218
600827.SH,百联股份,3871,2010-01-04,2026-06-11,False,False,0,0.0,47,23,0.018083182640144666
600828.SH,茂业商业,3778,2010-01-04,2026-06-11,False,False,0,0.0,64,37,0.026733721545791424
600829.SH,人民同泰,3811,2010-01-04,2026-06-11,False,False,0,0.0,60,38,0.025715035423773288
600830.SH,香溢融通,3985,2010-01-04,2026-06-11,False,False,0,0.0,63,50,0.02835633626097867
600831.SH,ST广网,3971,2010-01-04,2026-06-11,True,False,0,0.0,62,40,0.02568622513220851
600833.SH,第一医药,3985,2010-01-04,2026-06-11,False,False,0,0.0,56,32,0.022082810539523212
600834.SH,申通地铁,3903,2010-01-04,2026-06-11,False,False,0,0.0,57,26,0.02126569305662311
600835.SH,上海机电,3980,2010-01-04,2026-06-11,False,False,0,0.0,31,22,0.013316582914572864
600838.SH,上海九百,3984,2010-01-04,2026-06-11,False,False,0,0.0,63,40,0.025853413654618473
600839.SH,四川长虹,3950,2010-01-04,2026-06-11,False,False,0,0.0,72,28,0.02531645569620253
600841.SH,动力新科,3958,2010-01-04,2026-06-11,False,False,0,0.0,76,47,0.031076301162203133
600843.SH,上工申贝,3850,2010-01-04,2026-06-11,False,False,0,0.0,69,38,0.027792207792207792
600844.SH,金煤科技,3859,2010-01-04,2026-06-11,False,False,0,0.0,96,39,0.034983156258097954
600845.SH,宝信软件,3920,2010-01-04,2026-06-11,False,False,0,0.0,30,21,0.013010204081632653
600846.SH,同济科技,3976,2010-01-04,2026-06-11,False,False,0,0.0,43,36,0.0198692152917505
600847.SH,万里股份,3712,2010-01-04,2026-06-11,False,False,0,0.0,58,32,0.024245689655172414
600848.SH,上海临港,3652,2010-01-04,2026-06-11,False,False,0,0.0,40,34,0.020262869660460023
600850.SH,电科数字,3816,2010-01-13,2026-06-11,False,False,0,0.0,49,38,0.02279874213836478
600851.SH,海欣股份,3961,2010-01-04,2026-06-11,False,False,0,0.0,48,26,0.018682150971976775
600853.SH,龙建股份,3949,2010-01-04,2026-06-11,False,False,0,0.0,62,26,0.022284122562674095
600854.SH,春兰股份,3983,2010-01-04,2026-06-11,False,False,0,0.0,46,24,0.01757469244288225
600855.SH,航天长峰,3818,2010-01-04,2026-06-11,False,False,0,0.0,87,52,0.03640649554740702
600857.SH,宁波中百,3922,2010-01-04,2026-06-11,False,False,0,0.0,51,35,0.021927587965323816
600858.SH,银座股份,3882,2010-01-04,2026-06-11,False,False,0,0.0,37,23,0.015455950540958269
600859.SH,王府井,3768,2010-01-04,2026-06-11,False,False,0,0.0,38,18,0.014861995753715499
600860.SH,京城股份,3770,2010-01-04,2026-06-11,False,False,0,0.0,92,25,0.03103448275862069
600861.SH,北京人力,3971,2010-01-04,2026-06-11,False,False,0,0.0,34,33,0.01687232435154873
600862.SH,中航高科,3841,2010-01-04,2026-06-11,False,False,0,0.0,58,39,0.025253840145795365
600863.SH,内蒙华电,3956,2010-01-04,2026-06-11,False,False,0,0.0,30,17,0.011880687563195146
600864.SH,哈投股份,3842,2010-01-04,2026-06-11,False,False,0,0.0,57,30,0.022644456012493493
600865.SH,百大集团,3966,2010-01-04,2026-06-11,False,False,0,0.0,56,36,0.02319717599596571
600866.SH,星湖科技,3736,2010-01-11,2026-06-11,False,False,0,0.0,41,17,0.015524625267665952
600867.SH,通化东宝,3937,2010-01-04,2026-06-11,False,False,0,0.0,11,23,0.008636017272034544
600868.SH,梅雁吉祥,3947,2010-01-04,2026-06-11,False,False,0,0.0,90,32,0.030909551558145426
600869.SH,远东股份,3885,2010-01-04,2026-06-11,False,False,0,0.0,81,23,0.02676962676962677
600871.SH,石化油服,3821,2010-01-04,2026-06-11,False,False,0,0.0,44,25,0.01805809997382884
600872.SH,中炬高新,3897,2010-01-04,2026-06-11,False,False,0,0.0,19,11,0.007698229407236336
600873.SH,梅花生物,3795,2010-01-04,2026-06-11,False,False,0,0.0,28,24,0.01370223978919631
600874.SH,创业环保,3978,2010-01-04,2026-06-11,False,False,0,0.0,44,25,0.017345399698340876
600875.SH,东方电气,3909,2010-01-04,2026-06-11,False,False,0,0.0,36,24,0.015349194167306216
600876.SH,凯盛新能,3724,2010-01-04,2026-06-11,False,False,0,0.0,111,43,0.041353383458646614
600877.SH,电科芯片,3662,2010-01-04,2026-06-11,False,False,0,0.0,50,34,0.022938285090114693
600879.SH,航天电子,3884,2010-01-04,2026-06-11,False,False,0,0.0,27,22,0.012615859938208032
600880.SH,博瑞传播,3736,2010-01-04,2026-06-11,False,False,0,0.0,62,45,0.028640256959314776
600881.SH,亚泰集团,3939,2010-01-04,2026-06-11,False,False,0,0.0,51,25,0.019294237116019294
600882.SH,妙可蓝多,3738,2010-01-04,2026-06-11,False,False,0,0.0,48,21,0.018459069020866775
600883.SH,博闻科技,3981,2010-01-04,2026-06-11,False,False,0,0.0,38,28,0.016578749058025623
600884.SH,杉杉股份,3961,2010-01-04,2026-06-11,False,False,0,0.0,39,29,0.017167381974248927
600885.SH,宏发股份,3888,2010-01-04,2026-06-11,False,False,0,0.0,22,15,0.009516460905349794
600886.SH,国投电力,3913,2010-01-04,2026-06-11,False,False,0,0.0,7,7,0.0035778175313059034
600887.SH,伊利股份,3951,2010-01-04,2026-06-11,False,False,0,0.0,6,10,0.004049607694254619
600888.SH,新疆众和,3929,2010-01-04,2026-06-11,False,False,0,0.0,43,32,0.019088826673453806
600889.SH,南京化纤,3939,2010-01-04,2026-06-11,False,False,0,0.0,88,55,0.036303630363036306
600892.SH,*ST大晟,3818,2010-01-04,2026-06-11,True,False,0,0.0,65,46,0.029072812991094814
600893.SH,航发动力,3829,2010-01-04,2026-06-11,False,False,0,0.0,46,32,0.020370854008879603
600894.SH,广日股份,3905,2010-01-04,2026-06-11,False,False,0,0.0,19,21,0.010243277848911651
600895.SH,张江高科,3982,2010-01-04,2026-06-11,False,False,0,0.0,68,30,0.024610748367654443
600897.SH,厦门空港,3986,2010-01-04,2026-06-11,False,False,0,0.0,20,14,0.008529854490717512
600900.SH,长江电力,3862,2010-01-04,2026-06-11,False,False,0,0.0,0,2,0.0005178663904712584
600901.SH,江苏金租,2009,2018-03-01,2026-06-11,False,False,0,0.0,7,5,0.005973120955699353
600903.SH,贵州燃气,2073,2017-11-07,2026-06-11,False,False,0,0.0,67,8,0.0361794500723589
600905.SH,三峡能源,1212,2021-06-10,2026-06-11,False,False,0,0.0,10,0,0.00825082508250825
600906.SH,财达证券,1236,2021-05-07,2026-06-11,False,False,0,0.0,22,4,0.021035598705501618
600908.SH,无锡银行,2351,2016-09-23,2026-06-11,False,False,0,0.0,22,6,0.011909825606125054
600909.SH,华安证券,2303,2016-12-06,2026-06-11,False,False,0,0.0,22,5,0.011723838471558836
600916.SH,中国黄金,1292,2021-02-05,2026-06-11,False,False,0,0.0,24,3,0.02089783281733746
600917.SH,重庆燃气,2835,2014-09-30,2026-06-11,False,False,0,0.0,38,16,0.01904761904761905
600918.SH,中泰证券,1460,2020-06-03,2026-06-11,False,False,0,0.0,19,5,0.01643835616438356
600919.SH,江苏银行,2386,2016-08-02,2026-06-11,False,False,0,0.0,4,0,0.0016764459346186086
600925.SH,苏能股份,775,2023-03-29,2026-06-11,False,False,0,0.0,0,0,0.0
600926.SH,杭州银行,2337,2016-10-27,2026-06-11,False,False,0,0.0,7,2,0.0038510911424903724
600927.SH,永安期货,1080,2021-12-23,2026-06-11,False,False,0,0.0,11,3,0.012962962962962963
600928.SH,西安银行,1766,2019-03-01,2026-06-11,False,False,0,0.0,16,2,0.010192525481313703
600929.SH,雪天盐业,1987,2018-03-26,2026-06-11,False,False,0,0.0,29,6,0.017614494212380472
600933.SH,爱柯迪,2069,2017-11-17,2026-06-11,False,False,0,0.0,25,7,0.015466408893185114
600935.SH,华塑股份,1099,2021-11-26,2026-06-11,False,False,0,0.0,14,2,0.014558689717925387
600936.SH,广西广电,2383,2016-08-15,2026-06-11,False,False,0,0.0,54,12,0.027696181284095678
600938.SH,中国海油,1003,2022-04-21,2026-06-11,False,False,0,0.0,6,0,0.005982053838484547
600939.SH,重庆建工,2260,2017-02-21,2026-06-11,False,False,0,0.0,52,7,0.026106194690265486
600941.SH,中国移动,1072,2022-01-05,2026-06-11,False,False,0,0.0,2,0,0.0018656716417910447
600955.SH,维远股份,1144,2021-09-15,2026-06-11,False,False,0,0.0,11,3,0.012237762237762238
600956.SH,新天绿能,1444,2020-06-29,2026-06-11,False,False,0,0.0,39,8,0.03254847645429363
600958.SH,东方证券,2706,2015-03-23,2026-06-11,False,False,0,0.0,30,12,0.015521064301552107
600959.SH,江苏有线,2601,2015-04-28,2026-06-11,False,False,0,0.0,41,19,0.02306805074971165
600960.SH,渤海汽车,3793,2010-01-04,2026-06-11,False,False,0,0.0,62,35,0.025573424729765357
600961.SH,株冶集团,3964,2010-01-04,2026-06-11,False,False,0,0.0,60,36,0.024217961654894045
600962.SH,国投中鲁,3855,2010-01-04,2026-06-11,False,False,0,0.0,62,20,0.021271076523994813
600963.SH,岳阳林纸,3912,2010-01-04,2026-06-11,False,False,0,0.0,49,34,0.02121676891615542
600965.SH,福成股份,3818,2010-01-04,2026-06-11,False,False,0,0.0,54,24,0.020429544264012573
600966.SH,博汇纸业,3932,2010-01-04,2026-06-11,False,False,0,0.0,23,19,0.010681586978636826
600967.SH,内蒙一机,3827,2010-01-04,2026-06-11,False,False,0,0.0,30,15,0.011758557616932322
600968.SH,海油发展,1688,2019-06-26,2026-06-11,False,False,0,0.0,12,2,0.008293838862559242
600969.SH,郴电国际,3981,2010-01-04,2026-06-11,False,False,0,0.0,25,25,0.012559658377292138
600970.SH,中材国际,3920,2010-01-04,2026-06-11,False,False,0,0.0,32,37,0.01760204081632653
600971.SH,恒源煤电,3981,2010-01-04,2026-06-11,False,False,0,0.0,39,25,0.016076362722933935
600973.SH,宝胜股份,3854,2010-01-04,2026-06-11,False,False,0,0.0,44,30,0.019200830306175403
600975.SH,新五丰,3881,2010-01-04,2026-06-11,False,False,0,0.0,65,31,0.02473589281113115
600976.SH,健民集团,3974,2010-01-04,2026-06-11,False,False,0,0.0,32,26,0.01459486663311525
600977.SH,中国电影,2387,2016-08-09,2026-06-11,False,False,0,0.0,22,9,0.012987012987012988
600979.SH,广安爱众,3855,2010-01-04,2026-06-11,False,False,0,0.0,45,28,0.018936446173800258
600980.SH,北矿科技,3943,2010-01-04,2026-06-11,False,False,0,0.0,78,42,0.03043367993913264
600981.SH,苏豪汇鸿,3804,2010-01-04,2026-06-11,False,False,0,0.0,71,38,0.028654048370136697
600982.SH,宁波能源,3874,2010-01-04,2026-06-11,False,False,0,0.0,52,30,0.021166752710376872
600983.SH,惠而浦,3813,2010-01-04,2026-06-11,False,False,0,0.0,49,17,0.01730920535011802
600984.SH,建设机械,3877,2010-01-04,2026-06-11,False,False,0,0.0,49,11,0.015475883415011608
600985.SH,淮北矿业,3747,2010-01-04,2026-06-11,False,False,0,0.0,23,23,0.012276487856952229
600986.SH,浙文互联,3775,2010-01-04,2026-06-11,False,False,0,0.0,92,40,0.034966887417218546
600987.SH,航民股份,3921,2010-01-04,2026-06-11,False,False,0,0.0,21,20,0.010456516194848253
600988.SH,赤峰黄金,3694,2010-01-04,2026-06-11,False,False,0,0.0,58,23,0.02192744991878722
600989.SH,宝丰能源,1716,2019-05-16,2026-06-11,False,False,0,0.0,7,4,0.00641025641025641
600990.SH,四创电子,3840,2010-01-04,2026-06-11,False,False,0,0.0,58,35,0.02421875
600992.SH,贵绳股份,3983,2010-01-04,2026-06-11,False,False,0,0.0,77,42,0.029876977152899824
600993.SH,马应龙,3987,2010-01-04,2026-06-11,False,False,0,0.0,21,16,0.00928016052169551
600995.SH,南网储能,3899,2010-01-04,2026-06-11,False,False,0,0.0,31,21,0.013336753013593229
600996.SH,贵广网络,2293,2016-12-26,2026-06-11,False,False,0,0.0,68,17,0.03706934147405146
600997.SH,开滦股份,3919,2010-01-04,2026-06-11,False,False,0,0.0,27,21,0.012248022454707833
600998.SH,九州通,3769,2010-11-02,2026-06-11,False,False,0,0.0,12,18,0.007959671000265322
600999.SH,招商证券,3970,2010-01-04,2026-06-11,False,False,0,0.0,28,9,0.009319899244332493
601000.SH,唐山港,3779,2010-07-05,2026-06-11,False,False,0,0.0,27,23,0.013231013495633765
601001.SH,晋控煤业,3892,2010-01-04,2026-06-11,False,False,0,0.0,49,22,0.018242548818088386
601002.SH,晋亿实业,3970,2010-01-04,2026-06-11,False,False,0,0.0,53,34,0.021914357682619647
601003.SH,柳钢股份,3809,2010-01-04,2026-06-11,False,False,0,0.0,48,20,0.01785245471252297
601005.SH,重庆钢铁,3545,2010-01-04,2026-06-11,False,False,0,0.0,47,9,0.015796897038081806
601006.SH,大秦铁路,3978,2010-01-04,2026-06-11,False,False,0,0.0,1,5,0.0015082956259426848
601007.SH,金陵饭店,3979,2010-01-04,2026-06-11,False,False,0,0.0,35,33,0.017089721035436038
601008.SH,连云港,3978,2010-01-04,2026-06-11,False,False,0,0.0,65,36,0.02538964303670186
601009.SH,南京银行,3971,2010-01-04,2026-06-11,False,False,0,0.0,6,11,0.004281037522034752
601010.SH,文峰股份,3629,2011-06-03,2026-06-11,False,False,0,0.0,47,26,0.020115734362083217
601011.SH,宝泰隆,3677,2011-03-09,2026-06-11,False,False,0,0.0,61,30,0.024748436225183572
601012.SH,隆基绿能,3401,2012-04-11,2026-06-11,False,False,0,0.0,42,33,0.022052337547780066
601015.SH,陕西黑猫,2810,2014-11-05,2026-06-11,False,False,0,0.0,85,41,0.044839857651245554
601016.SH,节能风电,2826,2014-09-29,2026-06-11,False,False,0,0.0,66,24,0.03184713375796178
601018.SH,宁波港,3673,2010-09-28,2026-06-11,False,False,0,0.0,23,14,0.010073509392866867
601019.SH,山东出版,2074,2017-11-22,2026-06-11,False,False,0,0.0,10,3,0.00626808100289296
601020.SH,华钰矿业,2469,2016-03-16,2026-06-11,False,False,0,0.0,55,17,0.02916160388821385
601021.SH,春秋航空,2742,2015-01-21,2026-06-11,False,False,0,0.0,19,5,0.0087527352297593
601022.SH,宁波远洋,848,2022-12-08,2026-06-11,False,False,0,0.0,20,5,0.0294811320754717
601033.SH,永兴股份,577,2024-01-18,2026-06-11,False,False,0,0.0,1,1,0.0034662045060658577
601038.SH,一拖股份,3360,2012-08-08,2026-06-11,False,False,0,0.0,73,44,0.03482142857142857
601058.SH,赛轮轮胎,3593,2011-06-30,2026-06-11,False,False,0,0.0,25,26,0.014194266629557473
601059.SH,信达证券,795,2023-02-01,2026-06-11,False,False,0,0.0,13,5,0.022641509433962263
601061.SH,中信金属,768,2023-04-10,2026-06-11,False,False,0,0.0,8,3,0.014322916666666666
601065.SH,江盐集团,768,2023-04-10,2026-06-11,False,False,0,0.0,4,2,0.0078125
601066.SH,中信建投,1935,2018-06-20,2026-06-11,False,False,0,0.0,39,8,0.02428940568475452
601068.SH,中铝国际,1883,2018-08-31,2026-06-11,False,False,0,0.0,61,16,0.040892193308550186
601069.SH,西部黄金,2644,2015-01-22,2026-06-11,False,False,0,0.0,74,23,0.03668683812405446
601077.SH,渝农商行,1605,2019-10-29,2026-06-11,False,False,0,0.0,1,2,0.001869158878504673
601083.SH,锦江航运,608,2023-12-05,2026-06-11,False,False,0,0.0,8,2,0.01644736842105263
601086.SH,国芳集团,2107,2017-09-29,2026-06-11,False,False,0,0.0,79,27,0.05030849549121975
601088.SH,中国神华,3913,2010-01-04,2026-06-11,False,False,0,0.0,10,8,0.004600051111679018
601089.SH,福元医药,957,2022-06-30,2026-06-11,False,False,0,0.0,11,3,0.014629049111807733
601096.SH,宏盛华源,595,2023-12-22,2026-06-11,False,False,0,0.0,12,6,0.030252100840336135
601098.SH,中南传媒,3789,2010-10-28,2026-06-11,False,False,0,0.0,10,12,0.005806281340723146
601099.SH,太平洋,3968,2010-01-04,2026-06-11,False,False,0,0.0,47,24,0.017893145161290324
601100.SH,恒立液压,3509,2011-10-28,2026-06-11,False,False,0,0.0,21,17,0.010829296095753777
601101.SH,昊华能源,3821,2010-03-31,2026-06-11,False,False,0,0.0,54,29,0.02172206228735933
601106.SH,中国一重,3951,2010-02-09,2026-06-11,False,False,0,0.0,72,20,0.02328524424196406
601107.SH,四川成渝,3963,2010-01-04,2026-06-11,False,False,0,0.0,31,15,0.0116073681554378
601108.SH,财通证券,2089,2017-10-24,2026-06-11,False,False,0,0.0,19,9,0.013403542364767831
601111.SH,中国国航,3935,2010-01-04,2026-06-11,False,False,0,0.0,18,14,0.008132147395171537
601113.SH,华鼎股份,3574,2011-05-09,2026-06-11,False,False,0,0.0,33,29,0.017347509792949075
601116.SH,三江购物,3693,2011-03-02,2026-06-11,False,False,0,0.0,76,32,0.02924451665312754
601117.SH,中国化学,3980,2010-01-07,2026-06-11,False,False,0,0.0,16,15,0.007788944723618091
601118.SH,海南橡胶,3613,2011-01-07,2026-06-11,False,False,0,0.0,41,24,0.01799058953778024
601121.SH,宝地矿业,784,2023-03-10,2026-06-11,False,False,0,0.0,12,5,0.021683673469387755
601126.SH,四方股份,3738,2010-12-31,2026-06-11,False,False,0,0.0,54,30,0.02247191011235955
601127.SH,赛力斯,2401,2016-06-15,2026-06-11,False,False,0,0.0,103,18,0.05039566847147022
601128.SH,常熟银行,2351,2016-09-30,2026-06-11,False,False,0,0.0,16,6,0.009357720119098255
601133.SH,柏诚股份,765,2023-04-10,2026-06-11,False,False,0,0.0,24,5,0.03790849673202614
601136.SH,首创证券,838,2022-12-22,2026-06-11,False,False,0,0.0,23,4,0.032219570405727926
601137.SH,博威合金,3666,2011-01-27,2026-06-11,False,False,0,0.0,41,18,0.01609383524277141
601138.SH,工业富联,1942,2018-06-08,2026-06-11,False,False,0,0.0,35,8,0.022142121524201853
601139.SH,深圳燃气,3973,2010-01-04,2026-06-11,False,False,0,0.0,16,13,0.0072992700729927005
601155.SH,新城控股,2543,2015-12-04,2026-06-11,False,False,0,0.0,23,20,0.016909162406606372
601156.SH,东航物流,1213,2021-06-09,2026-06-11,False,False,0,0.0,7,2,0.00741962077493817
601158.SH,重庆水务,3919,2010-03-29,2026-06-11,False,False,0,0.0,16,9,0.006379178361826996
601162.SH,天风证券,1848,2018-10-19,2026-06-11,False,False,0,0.0,41,13,0.02922077922077922
601163.SH,三角轮胎,2364,2016-09-09,2026-06-11,False,False,0,0.0,9,3,0.005076142131979695
601166.SH,兴业银行,3970,2010-01-04,2026-06-11,False,False,0,0.0,5,6,0.0027707808564231737
601168.SH,西部矿业,3786,2010-01-04,2026-06-11,False,False,0,0.0,26,17,0.011357633386159536
601169.SH,北京银行,3938,2010-01-04,2026-06-11,False,False,0,0.0,6,7,0.003301168105637379
601177.SH,杭齿前进,3799,2010-10-11,2026-06-11,False,False,0,0.0,39,24,0.016583311397736247
601179.SH,中国西电,3959,2010-01-28,2026-06-11,False,False,0,0.0,41,11,0.013134629957059864
601186.SH,中国铁建,3972,2010-01-04,2026-06-11,False,False,0,0.0,26,13,0.009818731117824773
601187.SH,厦门银行,1364,2020-10-27,2026-06-11,False,False,0,0.0,10,2,0.008797653958944282
601188.SH,龙江交通,3931,2010-03-19,2026-06-11,False,False,0,0.0,47,18,0.016535232765199696
601198.SH,东兴证券,2717,2015-02-26,2026-06-11,False,False,0,0.0,36,19,0.020242914979757085
601199.SH,江南水务,3668,2011-03-17,2026-06-11,False,False,0,0.0,27,17,0.011995637949836423
601200.SH,上海环境,2232,2017-03-31,2026-06-11,False,False,0,0.0,10,6,0.007168458781362007
601208.SH,东材科技,3649,2011-05-20,2026-06-11,False,False,0,0.0,45,19,0.017539051795012334
601211.SH,国泰海通,2643,2015-06-26,2026-06-11,False,False,0,0.0,11,9,0.007567158531971245
601212.SH,白银有色,2221,2017-02-15,2026-06-11,False,False,0,0.0,57,14,0.031967582170193604
601216.SH,君正集团,3591,2011-02-22,2026-06-11,False,False,0,0.0,87,34,0.03369534948482317
601218.SH,吉鑫科技,3651,2011-05-06,2026-06-11,False,False,0,0.0,62,33,0.026020268419611064
601222.SH,林洋能源,3585,2011-08-08,2026-06-11,False,False,0,0.0,34,26,0.016736401673640166
601225.SH,陕西煤业,3005,2014-01-28,2026-06-11,False,False,0,0.0,18,15,0.010981697171381031
601226.SH,华电科工,2792,2014-12-11,2026-06-11,False,False,0,0.0,36,22,0.020773638968481375
601228.SH,广州港,2234,2017-03-29,2026-06-11,False,False,0,0.0,18,4,0.009847806624888093
601229.SH,上海银行,2323,2016-11-16,2026-06-11,False,False,0,0.0,1,4,0.002152389151958674
601231.SH,环旭电子,3458,2012-02-20,2026-06-11,False,False,0,0.0,62,30,0.026604973973395025
601233.SH,桐昆股份,3647,2011-05-18,2026-06-11,False,False,0,0.0,31,21,0.014258294488620784
601236.SH,红塔证券,1675,2019-07-05,2026-06-11,False,False,0,0.0,30,6,0.021492537313432834
601238.SH,广汽集团,3436,2012-03-29,2026-06-11,False,False,0,0.0,24,13,0.010768335273573923
601279.SH,英利汽车,1249,2021-04-15,2026-06-11,False,False,0,0.0,52,8,0.04803843074459568
601288.SH,农业银行,3858,2010-07-15,2026-06-11,False,False,0,0.0,3,1,0.0010368066355624676
601298.SH,青岛港,1784,2019-01-21,2026-06-11,False,False,0,0.0,5,4,0.005044843049327354
601311.SH,骆驼股份,3624,2011-06-02,2026-06-11,False,False,0,0.0,19,23,0.011589403973509934
601318.SH,中国平安,3936,2010-01-04,2026-06-11,False,False,0,0.0,4,4,0.0020325203252032522
601319.SH,中国人保,1834,2018-11-16,2026-06-11,False,False,0,0.0,14,5,0.010359869138495093
601326.SH,秦港股份,2139,2017-08-16,2026-06-11,False,False,0,0.0,25,4,0.013557737260402058
601328.SH,交通银行,3977,2010-01-04,2026-06-11,False,False,0,0.0,8,6,0.00352024138798089
601330.SH,绿色动力,1941,2018-06-11,2026-06-11,False,False,0,0.0,42,9,0.02627511591962906
601333.SH,广深铁路,3985,2010-01-04,2026-06-11,False,False,0,0.0,19,12,0.0077791718946047675
601336.SH,新华保险,3488,2011-12-16,2026-06-11,False,False,0,0.0,26,6,0.009174311926605505
601339.SH,百隆东方,3399,2012-06-12,2026-06-11,False,False,0,0.0,25,19,0.012944983818770227
601360.SH,三六零,3368,2012-01-16,2026-06-11,False,False,0,0.0,72,32,0.030878859857482184
601366.SH,利群股份,2221,2017-04-12,2026-06-11,False,False,0,0.0,14,4,0.00810445745159838
601368.SH,绿城水务,2665,2015-06-12,2026-06-11,False,False,0,0.0,32,17,0.018386491557223265
601369.SH,陕鼓动力,3870,2010-04-28,2026-06-11,False,False,0,0.0,20,17,0.009560723514211887
601375.SH,中原证券,2290,2017-01-03,2026-06-11,False,False,0,0.0,25,10,0.015283842794759825
601377.SH,兴业证券,3779,2010-10-13,2026-06-11,False,False,0,0.0,38,19,0.015083355385022493
601388.SH,怡球资源,3280,2012-04-23,2026-06-11,False,False,0,0.0,62,26,0.026829268292682926
601390.SH,中国中铁,3897,2010-01-04,2026-06-11,False,False,0,0.0,32,10,0.01077752117013087
601398.SH,工商银行,3977,2010-01-04,2026-06-11,False,False,0,0.0,1,2,0.0007543374402816193
601399.SH,国机重装,1456,2020-06-08,2026-06-11,False,False,0,0.0,18,2,0.013736263736263736
601456.SH,国联民生,1400,2020-07-31,2026-06-11,False,False,0,0.0,31,5,0.025714285714285714
601500.SH,通用股份,2353,2016-09-19,2026-06-11,False,False,0,0.0,31,3,0.014449638759031025
601512.SH,中新集团,1567,2019-12-20,2026-06-11,False,False,0,0.0,13,5,0.01148691767708998
601515.SH,东峰集团,3465,2012-02-16,2026-06-11,False,False,0,0.0,48,32,0.023088023088023088
601518.SH,吉林高速,3891,2010-03-19,2026-06-11,False,False,0,0.0,30,18,0.01233616037008481
601519.SH,大智慧,3570,2011-01-28,2026-06-11,False,False,0,0.0,114,42,0.043697478991596636
601528.SH,瑞丰银行,1202,2021-06-25,2026-06-11,False,False,0,0.0,7,4,0.009151414309484194
601555.SH,东吴证券,3489,2011-12-12,2026-06-11,False,False,0,0.0,33,20,0.015190599025508742
601566.SH,九牧王,3635,2011-05-30,2026-06-11,False,False,0,0.0,40,27,0.01843191196698762
601567.SH,三星医疗,3586,2011-06-15,2026-06-11,False,False,0,0.0,45,33,0.021751254880089235
601568.SH,北元集团,1369,2020-10-20,2026-06-11,False,False,0,0.0,0,1,0.0007304601899196494
601577.SH,长沙银行,1866,2018-09-26,2026-06-11,False,False,0,0.0,4,0,0.0021436227224008574
601579.SH,会稽山,2843,2014-08-25,2026-06-11,False,False,0,0.0,58,17,0.02638058389025677
601588.SH,北辰实业,3971,2010-01-04,2026-06-11,False,False,0,0.0,30,20,0.012591286829513977
601595.SH,上海电影,2381,2016-08-17,2026-06-11,False,False,0,0.0,45,16,0.025619487610247797
601598.SH,中国外运,1791,2019-01-18,2026-06-11,False,False,0,0.0,12,4,0.00893355667225014
601599.SH,浙文影业,3485,2011-05-27,2026-06-11,False,False,0,0.0,62,41,0.029555236728837878
601600.SH,中国铝业,3871,2010-01-04,2026-06-11,False,False,0,0.0,40,20,0.015499870834409714
601601.SH,中国太保,3987,2010-01-04,2026-06-11,False,False,0,0.0,6,5,0.0027589666415851516
601606.SH,长城军工,1902,2018-08-06,2026-06-11,False,False,0,0.0,67,14,0.04258675078864353
601607.SH,上海医药,3961,2010-01-04,2026-06-11,False,False,0,0.0,13,5,0.0045443069931835394
601608.SH,中信重工,3233,2012-07-06,2026-06-11,False,False,0,0.0,78,27,0.032477575007732754
601609.SH,金田股份,1487,2020-04-22,2026-06-11,False,False,0,0.0,17,3,0.013449899125756557
601611.SH,中国核建,2430,2016-06-06,2026-06-11,False,False,0,0.0,44,9,0.021810699588477367
601615.SH,明阳智能,1780,2019-01-23,2026-06-11,False,False,0,0.0,25,15,0.02247191011235955
601616.SH,广电电气,3713,2011-02-01,2026-06-11,False,False,0,0.0,41,25,0.017775383786695395
601618.SH,中国中冶,3911,2010-01-04,2026-06-11,False,False,0,0.0,37,15,0.013295832267962158
601619.SH,嘉泽新能,2029,2017-07-20,2026-06-11,False,False,0,0.0,64,11,0.03696402168555939
601628.SH,中国人寿,3985,2010-01-04,2026-06-11,False,False,0,0.0,25,5,0.0075282308657465494
601633.SH,长城汽车,3542,2011-09-28,2026-06-11,False,False,0,0.0,28,15,0.012140033879164314
601636.SH,旗滨集团,3586,2011-08-12,2026-06-11,False,False,0,0.0,34,22,0.015616285554935862
601658.SH,邮储银行,1575,2019-12-10,2026-06-11,False,False,0,0.0,1,0,0.0006349206349206349
601665.SH,齐鲁银行,1207,2021-06-18,2026-06-11,False,False,0,0.0,9,4,0.010770505385252692
601666.SH,平煤股份,3986,2010-01-04,2026-06-11,False,False,0,0.0,36,26,0.015554440541896638
601668.SH,中国建筑,3983,2010-01-04,2026-06-11,False,False,0,0.0,12,7,0.004770273663068039
601669.SH,中国电建,3442,2011-10-18,2026-06-11,False,False,0,0.0,37,16,0.015398024404416037
601677.SH,明泰铝业,3570,2011-09-19,2026-06-11,False,False,0,0.0,31,15,0.01288515406162465
601678.SH,滨化股份,3950,2010-02-23,2026-06-11,False,False,0,0.0,27,25,0.013164556962025316
601686.SH,友发集团,1336,2020-12-04,2026-06-11,False,False,0,0.0,3,1,0.0029940119760479044
601688.SH,华泰证券,3945,2010-02-26,2026-06-11,False,False,0,0.0,25,16,0.010392902408111533
601689.SH,拓普集团,2720,2015-03-19,2026-06-11,False,False,0,0.0,51,23,0.027205882352941177
601696.SH,中银证券,1526,2020-02-26,2026-06-11,False,False,0,0.0,33,7,0.02621231979030144
601698.SH,中国卫通,1686,2019-06-28,2026-06-11,False,False,0,0.0,53,12,0.03855278766310795
601699.SH,潞安环能,3964,2010-01-05,2026-06-11,False,False,0,0.0,32,20,0.013118062563067608
601700.SH,风范股份,3525,2011-01-18,2026-06-11,False,False,0,0.0,67,39,0.030070921985815603
601702.SH,华峰铝业,1394,2020-09-07,2026-06-11,False,False,0,0.0,37,6,0.03084648493543759
601717.SH,中创智领,3645,2010-08-03,2026-06-11,False,False,0,0.0,36,23,0.016186556927297667
601718.SH,际华集团,3826,2010-08-16,2026-06-11,False,False,0,0.0,46,28,0.01934134866701516
601727.SH,上海电气,3719,2010-01-04,2026-06-11,False,False,0,0.0,47,21,0.018284485076633505
601728.SH,中国电信,1162,2021-08-20,2026-06-11,False,False,0,0.0,3,3,0.0051635111876075735
601766.SH,中国中车,3895,2010-01-04,2026-06-11,False,False,0,0.0,40,8,0.012323491655969191
601777.SH,千里科技,3728,2010-11-25,2026-06-11,False,False,0,0.0,67,37,0.027896995708154508
601778.SH,晶科科技,1471,2020-05-19,2026-06-11,False,False,0,0.0,26,7,0.022433718558803536
601788.SH,光大证券,3970,2010-01-04,2026-06-11,False,False,0,0.0,48,20,0.01712846347607053
601789.SH,宁波建工,3409,2011-08-16,2026-06-11,False,False,0,0.0,72,28,0.02933411557641537
601798.SH,蓝科高新,3565,2011-06-22,2026-06-11,False,False,0,0.0,61,35,0.026928471248246846
601799.SH,星宇股份,3675,2011-02-01,2026-06-11,False,False,0,0.0,28,20,0.013061224489795919
601800.SH,中国交建,3461,2012-03-09,2026-06-11,False,False,0,0.0,39,15,0.015602427044206876
601801.SH,皖新传媒,3951,2010-01-18,2026-06-11,False,False,0,0.0,37,23,0.015186028853454821
601808.SH,中海油服,3986,2010-01-04,2026-06-11,False,False,0,0.0,22,16,0.009533366783743101
601811.SH,新华文轩,2388,2016-08-08,2026-06-11,False,False,0,0.0,32,10,0.017587939698492462
601816.SH,京沪高铁,1549,2020-01-16,2026-06-11,False,False,0,0.0,1,1,0.0012911555842479018
601818.SH,光大银行,3819,2010-08-18,2026-06-11,False,False,0,0.0,3,2,0.0013092432573972245
601825.SH,沪农商行,1163,2021-08-19,2026-06-11,False,False,0,0.0,1,1,0.0017196904557179708
601827.SH,三峰环境,1458,2020-06-05,2026-06-11,False,False,0,0.0,3,1,0.0027434842249657062
601828.SH,美凯龙,2029,2018-01-17,2026-06-11,False,False,0,0.0,23,8,0.015278462296697881
601838.SH,成都银行,2025,2018-01-31,2026-06-11,False,False,0,0.0,11,0,0.005432098765432099
601857.SH,中国石油,3985,2010-01-04,2026-06-11,False,False,0,0.0,9,2,0.0027603513174404015
601858.SH,中国科传,2279,2017-01-18,2026-06-11,False,False,0,0.0,59,19,0.03422553751645459
601860.SH,紫金银行,1802,2019-01-03,2026-06-11,False,False,0,0.0,24,4,0.01553829078801332
601865.SH,福莱特,1776,2019-02-15,2026-06-11,False,False,0,0.0,60,17,0.04335585585585586
601866.SH,中远海发,3877,2010-01-04,2026-06-11,False,False,0,0.0,50,18,0.017539334537013153
601868.SH,中国能建,1137,2021-09-28,2026-06-11,False,False,0,0.0,11,1,0.010554089709762533
601869.SH,长飞光纤,1913,2018-07-20,2026-06-11,False,False,0,0.0,51,9,0.03136434918975431
601872.SH,招商轮船,3866,2010-01-04,2026-06-11,False,False,0,0.0,51,22,0.018882565959648216
601877.SH,正泰电器,3836,2010-01-21,2026-06-11,False,False,0,0.0,13,10,0.005995828988529718
601878.SH,浙商证券,2176,2017-06-26,2026-06-11,False,False,0,0.0,27,9,0.016544117647058824
601880.SH,辽港股份,3746,2010-12-06,2026-06-11,False,False,0,0.0,37,20,0.015216230646022424
601881.SH,中国银河,2276,2017-01-23,2026-06-11,False,False,0,0.0,25,7,0.014059753954305799
601882.SH,海天精工,2327,2016-11-07,2026-06-11,False,False,0,0.0,70,10,0.034379028792436615
601886.SH,江河集团,3561,2011-08-18,2026-06-11,False,False,0,0.0,39,28,0.018814939623701208
601888.SH,中国中免,3924,2010-01-04,2026-06-11,False,False,0,0.0,36,18,0.013761467889908258
601890.SH,亚星锚链,3746,2010-12-28,2026-06-11,False,False,0,0.0,68,38,0.02829684997330486
601898.SH,中煤能源,3983,2010-01-04,2026-06-11,False,False,0,0.0,23,19,0.01054481546572935
601899.SH,紫金矿业,3951,2010-01-04,2026-06-11,False,False,0,0.0,20,10,0.007593014426727411
601900.SH,南方传媒,2391,2016-02-15,2026-06-11,False,False,0,0.0,36,6,0.01756587202007528
601901.SH,方正证券,3482,2011-08-10,2026-06-11,False,False,0,0.0,45,18,0.01809304997128087
601908.SH,京运通,3561,2011-09-08,2026-06-11,False,False,0,0.0,68,38,0.029766919404661613
601916.SH,浙商银行,1579,2019-11-26,2026-06-11,False,False,0,0.0,1,2,0.0018999366687777073
601918.SH,新集能源,3891,2010-01-04,2026-06-11,False,False,0,0.0,50,31,0.02081727062451812
601919.SH,中远海控,3835,2010-01-04,2026-06-11,False,False,0,0.0,42,27,0.017992177314211214
601921.SH,浙版传媒,1182,2021-07-23,2026-06-11,False,False,0,0.0,9,4,0.010998307952622674
601928.SH,凤凰传媒,3472,2011-11-30,2026-06-11,False,False,0,0.0,17,17,0.009792626728110598
601929.SH,吉视传媒,3463,2012-02-23,2026-06-11,False,False,0,0.0,57,24,0.023390124169794975
601933.SH,永辉超市,3737,2010-12-15,2026-06-11,False,False,0,0.0,44,21,0.017393631255017392
601939.SH,建设银行,3978,2010-01-04,2026-06-11,False,False,0,0.0,2,2,0.001005530417295123
601949.SH,中国出版,2136,2017-08-21,2026-06-11,False,False,0,0.0,44,10,0.025280898876404494
601952.SH,苏垦农发,2204,2017-05-15,2026-06-11,False,False,0,0.0,16,6,0.009981851179673321
601956.SH,东贝集团,1321,2020-12-25,2026-06-11,False,False,0,0.0,18,6,0.018168054504163512
601958.SH,金钼股份,3986,2010-01-04,2026-06-11,False,False,0,0.0,34,18,0.013045659809332665
601963.SH,重庆银行,1292,2021-02-05,2026-06-11,False,False,0,0.0,0,1,0.0007739938080495357
601965.SH,中国汽研,3392,2012-06-11,2026-06-11,False,False,0,0.0,22,14,0.01061320754716981
601966.SH,玲珑轮胎,2392,2016-07-06,2026-06-11,False,False,0,0.0,14,2,0.006688963210702341
601968.SH,宝钢包装,2651,2015-06-11,2026-06-11,False,False,0,0.0,49,21,0.026405130139569973
601969.SH,海南矿业,2745,2014-12-09,2026-06-11,False,False,0,0.0,61,24,0.030965391621129327
601975.SH,招商南油,1798,2019-01-08,2026-06-11,False,False,0,0.0,34,9,0.023915461624026697
601985.SH,中国核电,2673,2015-06-10,2026-06-11,False,False,0,0.0,19,9,0.010475121586232696
601988.SH,中国银行,3977,2010-01-04,2026-06-11,False,False,0,0.0,7,2,0.002263012320844858
601990.SH,南京证券,1939,2018-06-13,2026-06-11,False,False,0,0.0,35,11,0.02372356884992264
601991.SH,大唐发电,3965,2010-01-04,2026-06-11,False,False,0,0.0,32,16,0.01210592686002522
601992.SH,金隅集团,3684,2011-03-01,2026-06-11,False,False,0,0.0,35,16,0.013843648208469055
601995.SH,中金公司,1340,2020-11-02,2026-06-11,False,False,0,0.0,11,2,0.009701492537313432
601996.SH,丰林集团,3465,2011-09-29,2026-06-11,False,False,0,0.0,48,25,0.02106782106782107
601997.SH,贵阳银行,2382,2016-08-16,2026-06-11,False,False,0,0.0,8,1,0.003778337531486146
601998.SH,中信银行,3972,2010-01-04,2026-06-11,False,False,0,0.0,16,3,0.004783484390735146
601999.SH,出版传媒,3890,2010-01-04,2026-06-11,False,False,0,0.0,61,33,0.02416452442159383
603000.SH,人民网,3430,2012-04-27,2026-06-11,False,False,0,0.0,82,33,0.033527696793002916
603001.SH,奥康国际,3401,2012-04-26,2026-06-11,False,False,0,0.0,36,23,0.017347838870920316
603002.SH,宏昌电子,3390,2012-05-18,2026-06-11,False,False,0,0.0,63,36,0.02920353982300885
603004.SH,鼎龙科技,592,2023-12-27,2026-06-11,False,False,0,0.0,17,9,0.04391891891891892
603005.SH,晶方科技,2998,2014-02-10,2026-06-11,False,False,0,0.0,67,34,0.03368912608405604
603006.SH,联明股份,2837,2014-06-30,2026-06-11,False,False,0,0.0,69,44,0.039830807190694394
603007.SH,*ST花王,2351,2016-08-26,2026-06-11,True,False,0,0.0,34,10,0.01871544023819651
603008.SH,喜临门,3287,2012-07-17,2026-06-11,False,False,0,0.0,31,31,0.018862184362640706
603009.SH,北特科技,2812,2014-07-18,2026-06-11,False,False,0,0.0,92,39,0.04658605974395448
603010.SH,万盛股份,2544,2014-10-10,2026-06-11,False,False,0,0.0,44,28,0.02830188679245283
603011.SH,合锻智能,2719,2014-11-07,2026-06-11,False,False,0,0.0,102,34,0.05001838911364472
603012.SH,创力集团,2724,2015-03-20,2026-06-11,False,False,0,0.0,27,27,0.019823788546255508
603013.SH,亚普股份,1964,2018-05-09,2026-06-11,False,False,0,0.0,28,14,0.021384928716904276
603015.SH,弘讯科技,2731,2015-03-03,2026-06-11,False,False,0,0.0,74,37,0.040644452581471986
603016.SH,新宏泰,2235,2016-07-01,2026-06-11,False,False,0,0.0,84,25,0.04876957494407159
603017.SH,中衡设计,2711,2014-12-31,2026-06-11,False,False,0,0.0,56,23,0.029140538546661748
603018.SH,华设集团,2775,2014-10-13,2026-06-11,False,False,0,0.0,24,21,0.016216216216216217
603019.SH,中科曙光,2791,2014-11-06,2026-06-11,False,False,0,0.0,72,37,0.03905410247223218
603020.SH,爱普股份,2726,2015-03-25,2026-06-11,False,False,0,0.0,37,22,0.021643433602347762
603021.SH,ST华鹏,2603,2015-04-23,2026-06-11,True,False,0,0.0,80,53,0.051094890510948905
603022.SH,新通联,2687,2015-05-18,2026-06-11,False,False,0,0.0,72,36,0.04019352437662821
603023.SH,威帝股份,2659,2015-05-27,2026-06-11,False,False,0,0.0,90,46,0.05114704776231666
603025.SH,大豪科技,2670,2015-04-22,2026-06-11,False,False,0,0.0,87,43,0.04868913857677903
603026.SH,石大胜华,2680,2015-05-29,2026-06-11,False,False,0,0.0,93,44,0.05111940298507463
603027.SH,千禾味业,2493,2016-03-07,2026-06-11,False,False,0,0.0,26,16,0.01684717208182912
603028.SH,赛福天,2456,2016-03-31,2026-06-11,False,False,0,0.0,60,16,0.030944625407166124
603029.SH,天鹅股份,2408,2016-04-27,2026-06-11,False,False,0,0.0,68,24,0.03820598006644518
603030.SH,全筑股份,2711,2015-03-20,2026-06-11,False,False,0,0.0,68,32,0.03688675765400221
603031.SH,安孚科技,2370,2016-08-22,2026-06-11,False,False,0,0.0,51,21,0.030379746835443037
603032.SH,德新科技,2133,2017-01-05,2026-06-11,False,False,0,0.0,111,37,0.06938584153774027
603033.SH,三维股份,2234,2016-12-07,2026-06-11,False,False,0,0.0,44,18,0.02775290957923008
603035.SH,常熟汽饰,2288,2017-01-05,2026-06-11,False,False,0,0.0,30,11,0.01791958041958042
603036.SH,如通股份,2301,2016-12-09,2026-06-11,False,False,0,0.0,37,23,0.02607561929595828
603037.SH,凯众股份,2272,2017-01-20,2026-06-11,False,False,0,0.0,42,18,0.02640845070422535
603038.SH,华立股份,2278,2017-01-16,2026-06-11,False,False,0,0.0,52,25,0.033801580333625986
603039.SH,泛微网络,2213,2017-01-13,2026-06-11,False,False,0,0.0,45,10,0.024853140533212834
603040.SH,新坐标,2267,2017-02-09,2026-06-11,False,False,0,0.0,44,10,0.023820026466696075
603041.SH,美思德,2233,2017-03-30,2026-06-11,False,False,0,0.0,14,11,0.011195700850873265
603042.SH,华脉科技,2185,2017-06-02,2026-06-11,False,False,0,0.0,81,33,0.05217391304347826
603043.SH,广州酒家,2175,2017-06-27,2026-06-11,False,False,0,0.0,9,3,0.005517241379310344
603045.SH,福达合金,1947,2018-05-17,2026-06-11,False,False,0,0.0,61,25,0.044170518746789934
603048.SH,浙江黎明,1107,2021-11-16,2026-06-11,False,False,0,0.0,27,8,0.031616982836495035
603050.SH,科林电气,2223,2017-04-14,2026-06-11,False,False,0,0.0,46,25,0.031938821412505626
603051.SH,鹿山新材,1020,2022-03-25,2026-06-11,False,False,0,0.0,39,15,0.052941176470588235
603052.SH,可川科技,890,2022-10-11,2026-06-11,False,False,0,0.0,42,13,0.06179775280898876
603053.SH,成都燃气,1570,2019-12-17,2026-06-11,False,False,0,0.0,12,1,0.008280254777070064
603055.SH,台华新材,2113,2017-09-21,2026-06-11,False,False,0,0.0,30,9,0.018457169900615238
603056.SH,德邦股份,1931,2018-01-16,2026-01-20,False,False,0,0.0,46,9,0.02848265147591921
603057.SH,紫燕食品,896,2022-09-26,2026-06-11,False,False,0,0.0,13,3,0.017857142857142856
603058.SH,永吉股份,2284,2016-12-23,2026-06-11,False,False,0,0.0,70,23,0.040718038528896675
603059.SH,倍加洁,2008,2018-03-02,2026-06-11,False,False,0,0.0,27,13,0.0199203187250996
603060.SH,国检集团,2328,2016-11-09,2026-06-11,False,False,0,0.0,32,14,0.019759450171821305
603061.SH,金海通,793,2023-03-03,2026-06-11,False,False,0,0.0,28,4,0.0403530895334174
603062.SH,麦加芯彩,628,2023-11-07,2026-06-11,False,False,0,0.0,6,2,0.012738853503184714
603063.SH,禾望电气,2152,2017-07-28,2026-06-11,False,False,0,0.0,57,16,0.03392193308550186
603065.SH,宿迁联盛,781,2023-03-21,2026-06-11,False,False,0,0.0,19,3,0.028169014084507043
603066.SH,音飞储存,2589,2015-06-11,2026-06-11,False,False,0,0.0,72,42,0.0440324449594438
603067.SH,振华股份,2349,2016-09-13,2026-06-11,False,False,0,0.0,63,22,0.036185610898254575
603068.SH,博通集成,1736,2019-04-15,2026-06-11,False,False,0,0.0,49,17,0.038018433179723504
603069.SH,海汽集团,2389,2016-07-12,2026-06-11,False,False,0,0.0,107,32,0.058183340309753036
603070.SH,万控智造,1031,2022-03-10,2026-06-11,False,False,0,0.0,33,13,0.0446168768186227
603071.SH,物产环能,1085,2021-12-16,2026-06-11,False,False,0,0.0,5,3,0.007373271889400922
603073.SH,彩蝶实业,784,2023-03-16,2026-06-11,False,False,0,0.0,4,3,0.008928571428571428
603075.SH,热威股份,663,2023-09-11,2026-06-11,False,False,0,0.0,4,2,0.00904977375565611
603076.SH,乐惠国际,2081,2017-11-13,2026-06-11,False,False,0,0.0,49,18,0.032196059586737144
603077.SH,和邦生物,3281,2012-07-31,2026-06-11,False,False,0,0.0,41,23,0.019506248095092958
603078.SH,江化微,2221,2017-04-10,2026-06-11,False,False,0,0.0,58,23,0.036470058532192706
603079.SH,圣达生物,2096,2017-08-23,2026-06-11,False,False,0,0.0,51,21,0.03435114503816794
603080.SH,新疆火炬,2043,2018-01-03,2026-06-11,False,False,0,0.0,44,21,0.03181595692608909
603081.SH,大丰实业,2220,2017-04-20,2026-06-11,False,False,0,0.0,25,12,0.016666666666666666
603082.SH,北自科技,564,2024-01-30,2026-06-11,False,False,0,0.0,14,6,0.03546099290780142
603083.SH,剑桥科技,2082,2017-11-10,2026-06-11,False,False,0,0.0,98,32,0.06243996157540826
603085.SH,天成自控,2639,2015-06-30,2026-06-11,False,False,0,0.0,90,36,0.04774535809018567
603086.SH,先达股份,2206,2017-05-11,2026-06-11,False,False,0,0.0,43,18,0.027651858567543066
603087.SH,甘李药业,1444,2020-06-29,2026-06-11,False,False,0,0.0,17,5,0.015235457063711912
603088.SH,宁波精达,2798,2014-11-11,2026-06-11,False,False,0,0.0,77,43,0.04288777698355969
603089.SH,正裕工业,2273,2017-01-26,2026-06-11,False,False,0,0.0,44,20,0.028156621205455347
603090.SH,宏盛股份,2315,2016-08-31,2026-06-11,False,False,0,0.0,72,19,0.039308855291576676
603091.SH,众鑫股份,415,2024-09-20,2026-06-11,False,False,0,0.0,6,3,0.021686746987951807
603093.SH,南华期货,1641,2019-08-30,2026-06-11,False,False,0,0.0,47,10,0.03473491773308958
603095.SH,越剑智能,1492,2020-04-15,2026-06-11,False,False,0,0.0,29,11,0.02680965147453083
603096.SH,新经典,2217,2017-04-25,2026-06-11,False,False,0,0.0,23,7,0.013531799729364006
603097.SH,江苏华辰,991,2022-05-12,2026-06-11,False,False,0,0.0,37,12,0.04944500504540868
603098.SH,森特股份,2300,2016-12-16,2026-06-11,False,False,0,0.0,53,13,0.028695652173913042
603099.SH,长白山,2866,2014-08-22,2026-06-11,False,False,0,0.0,83,36,0.04152128401953943
603100.SH,川仪股份,2841,2014-08-05,2026-06-11,False,False,0,0.0,39,28,0.023583245336149243
603101.SH,汇嘉时代,2452,2016-05-06,2026-06-11,False,False,0,0.0,54,21,0.030587275693311582
603102.SH,百合股份,1058,2022-01-25,2026-06-11,False,False,0,0.0,11,5,0.015122873345935728
603103.SH,横店影视,2103,2017-10-12,2026-06-11,False,False,0,0.0,41,23,0.030432715168806468
603105.SH,芯能科技,1922,2018-07-09,2026-06-11,False,False,0,0.0,55,16,0.03694068678459938
603106.SH,恒银科技,2113,2017-09-20,2026-06-11,False,False,0,0.0,95,30,0.059157595835305256
603107.SH,上海汽配,632,2023-11-01,2026-06-11,False,False,0,0.0,4,5,0.014240506329113924
603108.SH,润达医疗,2546,2015-05-27,2026-06-11,False,False,0,0.0,52,31,0.03260015710919089
603109.SH,神驰机电,1560,2019-12-31,2026-06-11,False,False,0,0.0,49,15,0.041025641025641026
603110.SH,东方材料,2100,2017-10-13,2026-06-11,False,False,0,0.0,57,23,0.0380952380952381
603111.SH,康尼机电,2690,2014-08-01,2026-06-11,False,False,0,0.0,31,22,0.01970260223048327
603112.SH,华翔股份,1386,2020-09-17,2026-06-11,False,False,0,0.0,13,5,0.012987012987012988
603113.SH,金能科技,2206,2017-05-11,2026-06-11,False,False,0,0.0,19,14,0.014959202175883953
603115.SH,海星股份,1656,2019-08-09,2026-06-11,False,False,0,0.0,49,10,0.035628019323671496
603116.SH,红蜻蜓,2658,2015-06-29,2026-06-11,False,False,0,0.0,37,27,0.024078254326561323
603117.SH,万林物流,2645,2015-06-29,2026-06-11,False,False,0,0.0,56,20,0.028733459357277884
603118.SH,共进股份,2709,2015-02-25,2026-06-11,False,False,0,0.0,50,37,0.03211517165005537
603119.SH,浙江荣泰,692,2023-08-01,2026-06-11,False,False,0,0.0,17,11,0.04046242774566474
603121.SH,华培动力,1786,2019-01-11,2026-06-11,False,False,0,0.0,44,22,0.036954087346024636
603122.SH,合富中国,1044,2022-02-16,2026-06-11,False,False,0,0.0,62,15,0.07375478927203065
603123.SH,翠微股份,3347,2012-05-03,2026-06-11,False,False,0,0.0,69,25,0.028084852106363908
603125.SH,常青科技,768,2023-04-10,2026-06-11,False,False,0,0.0,10,5,0.01953125
603126.SH,中材节能,2822,2014-07-31,2026-06-11,False,False,0,0.0,79,44,0.04358610914245216
603127.SH,昭衍新药,2132,2017-08-25,2026-06-11,False,False,0,0.0,56,15,0.03330206378986867
603128.SH,华贸物流,3294,2012-05-29,2026-06-11,False,False,0,0.0,65,30,0.028840315725561626
603129.SH,春风动力,2137,2017-08-18,2026-06-11,False,False,0,0.0,42,13,0.02573701450631727
603130.SH,云中马,862,2022-11-18,2026-06-11,False,False,0,0.0,26,5,0.03596287703016241
603131.SH,上海沪工,2341,2016-06-07,2026-06-11,False,False,0,0.0,73,25,0.04186245194361384
603132.SH,金徽股份,1043,2022-02-22,2026-06-11,False,False,0,0.0,16,8,0.023010546500479387
603135.SH,中重科技,768,2023-04-10,2026-06-11,False,False,0,0.0,13,6,0.024739583333333332
603136.SH,天目湖,2109,2017-09-27,2026-06-11,False,False,0,0.0,27,16,0.020388809862494073
603137.SH,恒尚节能,761,2023-04-19,2026-06-11,False,False,0,0.0,2,6,0.010512483574244415
603138.SH,海量数据,2251,2017-03-06,2026-06-11,False,False,0,0.0,85,28,0.050199911150599734
603139.SH,康惠股份,2217,2017-04-21,2026-06-11,False,False,0,0.0,41,14,0.02480829950383401
603150.SH,万朗磁塑,1059,2022-01-24,2026-06-11,False,False,0,0.0,12,7,0.01794145420207743
603151.SH,邦基科技,876,2022-10-19,2026-06-11,False,False,0,0.0,13,5,0.02054794520547945
603153.SH,上海建科,787,2023-03-13,2026-06-11,False,False,0,0.0,24,5,0.036848792884371026
603155.SH,新亚强,1398,2020-09-01,2026-06-11,False,False,0,0.0,26,12,0.027181688125894134
603156.SH,养元饮品,2017,2018-02-12,2026-06-11,False,False,0,0.0,14,13,0.013386217154189391
603158.SH,腾龙股份,2690,2015-03-20,2026-06-11,False,False,0,0.0,53,30,0.030855018587360596
603159.SH,上海亚虹,2382,2016-08-12,2026-06-11,False,False,0,0.0,55,26,0.03400503778337532
603160.SH,汇顶科技,2335,2016-10-17,2026-06-11,False,False,0,0.0,42,11,0.022698072805139188
603161.SH,科华控股,2028,2018-01-05,2026-06-11,False,False,0,0.0,34,15,0.024161735700197237
603162.SH,海通发展,775,2023-03-29,2026-06-11,False,False,0,0.0,14,9,0.02967741935483871
603163.SH,圣晖集成,888,2022-10-13,2026-06-11,False,False,0,0.0,37,11,0.05405405405405406
603165.SH,荣晟环保,2279,2017-01-17,2026-06-11,False,False,0,0.0,31,10,0.017990346643264588
603166.SH,福达股份,2800,2014-11-27,2026-06-11,False,False,0,0.0,90,27,0.04178571428571429
603167.SH,渤海轮渡,3339,2012-09-06,2026-06-11,False,False,0,0.0,27,24,0.015274034141958671
603168.SH,莎普爱思,2877,2014-07-02,2026-06-11,False,False,0,0.0,62,28,0.03128258602711158
603169.SH,兰石重装,2740,2014-10-09,2026-06-11,False,False,0,0.0,118,41,0.05802919708029197
603170.SH,宝立食品,946,2022-07-15,2026-06-11,False,False,0,0.0,12,5,0.017970401691331923
603171.SH,税友股份,1199,2021-06-30,2026-06-11,False,False,0,0.0,46,6,0.043369474562135114
603172.SH,万丰股份,749,2023-05-10,2026-06-11,False,False,0,0.0,13,11,0.03204272363150868
603173.SH,福斯达,817,2023-01-30,2026-06-11,False,False,0,0.0,10,1,0.01346389228886169
603176.SH,汇通集团,1074,2021-12-31,2026-06-11,False,False,0,0.0,49,11,0.055865921787709494
603177.SH,德创环保,2265,2017-02-07,2026-06-11,False,False,0,0.0,63,35,0.04326710816777042
603178.SH,圣龙股份,2235,2017-03-28,2026-06-11,False,False,0,0.0,87,29,0.05190156599552573
603179.SH,新泉股份,2242,2017-03-17,2026-06-11,False,False,0,0.0,45,15,0.026761819803746655
603180.SH,金牌家居,2205,2017-05-12,2026-06-11,False,False,0,0.0,24,9,0.014965986394557823
603181.SH,皇马科技,2133,2017-08-24,2026-06-11,False,False,0,0.0,22,10,0.015002344116268168
603182.SH,嘉华股份,901,2022-09-09,2026-06-11,False,False,0,0.0,10,4,0.01553829078801332
603183.SH,建研院,2119,2017-09-05,2026-06-11,False,False,0,0.0,49,21,0.03303445021236432
603185.SH,弘元绿能,1804,2018-12-28,2026-06-11,False,False,0,0.0,46,24,0.038802660753880266
603186.SH,华正新材,2290,2017-01-03,2026-06-11,False,False,0,0.0,71,22,0.04061135371179039
603187.SH,海容冷链,1825,2018-11-29,2026-06-11,False,False,0,0.0,12,6,0.009863013698630137
603188.SH,亚邦股份,2770,2014-09-09,2026-06-11,False,False,0,0.0,41,17,0.020938628158844765
603189.SH,网达软件,2359,2016-09-14,2026-06-11,False,False,0,0.0,78,32,0.04662992793556592
603190.SH,亚通精工,803,2023-02-17,2026-06-11,False,False,0,0.0,12,4,0.019925280199252802
603191.SH,望变电气,998,2022-04-28,2026-06-11,False,False,0,0.0,22,5,0.027054108216432865
603192.SH,汇得科技,1886,2018-08-28,2026-06-11,False,False,0,0.0,39,14,0.028101802757158005
603193.SH,润本股份,643,2023-10-17,2026-06-11,False,False,0,0.0,9,4,0.02021772939346812
603195.SH,公牛集团,1540,2020-02-06,2026-06-11,False,False,0,0.0,9,3,0.007792207792207792
603196.SH,日播时尚,2174,2017-05-31,2026-06-11,False,False,0,0.0,81,29,0.050597976080956765
603197.SH,保隆科技,2200,2017-05-19,2026-06-11,False,False,0,0.0,33,13,0.02090909090909091
603198.SH,迎驾贡酒,2682,2015-05-28,2026-06-11,False,False,0,0.0,44,21,0.024235645041014168
603199.SH,九华旅游,2725,2015-03-26,2026-06-11,False,False,0,0.0,37,17,0.01981651376146789
603200.SH,上海洗霸,2193,2017-06-01,2026-06-11,False,False,0,0.0,57,18,0.03419972640218878
603201.SH,常润股份,936,2022-07-29,2026-06-11,False,False,0,0.0,6,6,0.01282051282051282
603203.SH,快克智能,2329,2016-11-08,2026-06-11,False,False,0,0.0,26,9,0.015027908973808502
603206.SH,嘉环科技,995,2022-05-06,2026-06-11,False,False,0,0.0,20,11,0.031155778894472363
603207.SH,小方制药,432,2024-08-26,2026-06-11,False,False,0,0.0,6,2,0.018518518518518517
603208.SH,江山欧派,2267,2017-02-10,2026-06-11,False,False,0,0.0,39,18,0.025143361270401413
603209.SH,兴通股份,1021,2022-03-24,2026-06-11,False,False,0,0.0,16,7,0.022526934378060724
603211.SH,晋拓股份,940,2022-07-25,2026-06-11,False,False,0,0.0,45,14,0.0627659574468085
603212.SH,赛伍技术,1481,2020-04-30,2026-06-11,False,False,0,0.0,41,10,0.03443619176232275
603213.SH,镇洋发展,1100,2021-11-11,2026-06-11,False,False,0,0.0,31,7,0.034545454545454546
603214.SH,爱婴室,1988,2018-03-30,2026-06-11,False,False,0,0.0,40,13,0.02665995975855131
603215.SH,比依股份,1045,2022-02-18,2026-06-11,False,False,0,0.0,31,11,0.04019138755980861
603216.SH,梦天家居,1077,2021-12-15,2026-06-11,False,False,0,0.0,29,12,0.03806870937790158
603217.SH,元利科技,1692,2019-06-20,2026-06-11,False,False,0,0.0,23,9,0.018912529550827423
603218.SH,日月股份,2293,2016-12-28,2026-06-11,False,False,0,0.0,25,13,0.016572176188399478
603219.SH,富佳股份,1103,2021-11-22,2026-06-11,False,False,0,0.0,33,9,0.038077969174977334
603220.SH,中贝通信,1835,2018-11-15,2026-06-11,False,False,0,0.0,56,18,0.040326975476839236
603221.SH,爱丽家居,1508,2020-03-23,2026-06-11,False,False,0,0.0,32,15,0.03116710875331565
603222.SH,济民健康,2693,2015-02-17,2026-06-11,False,False,0,0.0,75,55,0.04827330115113257
603223.SH,恒通股份,2647,2015-06-30,2026-06-11,False,False,0,0.0,49,33,0.030978466188137516
603225.SH,新凤鸣,2222,2017-04-18,2026-06-11,False,False,0,0.0,15,7,0.009900990099009901
603226.SH,菲林格尔,2177,2017-06-15,2026-06-11,False,False,0,0.0,35,26,0.028020211299954065
603227.SH,雪峰科技,2632,2015-05-15,2026-06-11,False,False,0,0.0,64,29,0.03533434650455927
603228.SH,景旺电子,2287,2017-01-06,2026-06-11,False,False,0,0.0,28,10,0.016615653694796676
603229.SH,奥翔药业,2208,2017-05-09,2026-06-11,False,False,0,0.0,57,32,0.04030797101449275
603230.SH,内蒙新华,1079,2021-12-24,2026-06-11,False,False,0,0.0,14,11,0.023169601482854494
603231.SH,索宝蛋白,600,2023-12-15,2026-06-11,False,False,0,0.0,8,3,0.018333333333333333
603232.SH,格尔软件,2219,2017-04-21,2026-06-11,False,False,0,0.0,68,23,0.04100946372239748
603233.SH,大参林,2151,2017-07-31,2026-06-11,False,False,0,0.0,14,8,0.010227801022780102
603235.SH,天新药业,949,2022-07-12,2026-06-11,False,False,0,0.0,1,2,0.003161222339304531
603236.SH,移远通信,1674,2019-07-16,2026-06-11,False,False,0,0.0,32,20,0.03106332138590203
603237.SH,五芳斋,913,2022-08-31,2026-06-11,False,False,0,0.0,7,2,0.009857612267250822
603238.SH,诺邦股份,2189,2017-02-22,2026-06-11,False,False,0,0.0,38,13,0.023298309730470534
603239.SH,浙江仙通,2290,2016-12-30,2026-06-11,False,False,0,0.0,33,9,0.01834061135371179
603255.SH,鼎际得,922,2022-08-18,2026-06-11,False,False,0,0.0,18,4,0.02386117136659436
603256.SH,宏和科技,1671,2019-07-19,2026-06-11,False,False,0,0.0,92,17,0.06523040095751047
603258.SH,电魂网络,2338,2016-10-26,2026-06-11,False,False,0,0.0,46,19,0.027801539777587682
603259.SH,药明康德,1965,2018-05-08,2026-06-11,False,False,0,0.0,25,12,0.018829516539440202
603260.SH,合盛硅业,2091,2017-10-30,2026-06-11,False,False,0,0.0,34,14,0.02295552367288379
603261.SH,*ST立航,1027,2022-03-15,2026-06-11,True,False,0,0.0,40,19,0.05744888023369036
603266.SH,天龙股份,2285,2017-01-10,2026-06-11,False,False,0,0.0,60,28,0.03851203501094092
603267.SH,鸿远电子,1717,2019-05-15,2026-06-11,False,False,0,0.0,35,8,0.025043680838672103
603268.SH,*ST松发,2591,2015-03-19,2026-06-11,True,False,0,0.0,70,46,0.04477035893477422
603269.SH,海鸥股份,2196,2017-05-17,2026-06-11,False,False,0,0.0,50,21,0.03233151183970856
603270.SH,金帝股份,669,2023-09-01,2026-06-11,False,False,0,0.0,19,4,0.0343796711509716
603272.SH,联翔股份,984,2022-05-20,2026-06-11,False,False,0,0.0,22,14,0.036585365853658534
603273.SH,天元智能,639,2023-10-23,2026-06-11,False,False,0,0.0,20,13,0.051643192488262914
603275.SH,众辰科技,676,2023-08-23,2026-06-11,False,False,0,0.0,10,3,0.019230769230769232
603276.SH,恒兴新材,653,2023-09-25,2026-06-11,False,False,0,0.0,6,6,0.018376722817764167
603277.SH,银都股份,2121,2017-09-11,2026-06-11,False,False,0,0.0,18,15,0.015558698727015558
603278.SH,大业股份,2081,2017-11-13,2026-06-11,False,False,0,0.0,56,25,0.038923594425756845
603279.SH,景津装备,1665,2019-07-29,2026-06-11,False,False,0,0.0,16,6,0.013213213213213212
603280.SH,南方路机,870,2022-11-08,2026-06-11,False,False,0,0.0,30,8,0.04367816091954023
603281.SH,江瀚新材,816,2023-01-31,2026-06-11,False,False,0,0.0,4,3,0.00857843137254902
603282.SH,亚光股份,785,2023-03-15,2026-06-11,False,False,0,0.0,10,2,0.015286624203821656
603283.SH,赛腾股份,2045,2017-12-25,2026-06-11,False,False,0,0.0,80,30,0.05378973105134474
603285.SH,键邦股份,468,2024-07-05,2026-06-11,False,False,0,0.0,12,7,0.0405982905982906
603286.SH,日盈电子,2156,2017-06-27,2026-06-11,False,False,0,0.0,69,31,0.04638218923933209
603288.SH,海天味业,3000,2014-02-11,2026-06-11,False,False,0,0.0,8,11,0.006333333333333333
603289.SH,泰瑞机器,2090,2017-10-31,2026-06-11,False,False,0,0.0,33,20,0.025358851674641147
603290.SH,斯达半导,1542,2020-02-04,2026-06-11,False,False,0,0.0,52,13,0.04215304798962387
603291.SH,联合水务,777,2023-03-27,2026-06-11,False,False,0,0.0,23,8,0.039897039897039896
603296.SH,华勤技术,687,2023-08-08,2026-06-11,False,False,0,0.0,7,3,0.01455604075691412
603297.SH,永新光学,1877,2018-09-10,2026-06-11,False,False,0,0.0,41,11,0.02770378263185935
603298.SH,杭叉集团,2294,2016-12-27,2026-06-11,False,False,0,0.0,11,5,0.006974716652136007
603299.SH,苏盐井神,2414,2015-12-31,2026-06-11,False,False,0,0.0,45,16,0.025269262634631317
603300.SH,海南华铁,2658,2015-05-29,2026-06-11,False,False,0,0.0,70,43,0.04251316779533484
603301.SH,振德医疗,1981,2018-04-12,2026-06-11,False,False,0,0.0,57,13,0.0353356890459364
603303.SH,得邦照明,2233,2017-03-30,2026-06-11,False,False,0,0.0,24,9,0.014778325123152709
603305.SH,旭升集团,2159,2017-07-10,2026-06-11,False,False,0,0.0,56,16,0.0333487725798981
603306.SH,华懋科技,2807,2014-09-26,2026-06-11,False,False,0,0.0,35,27,0.0220876380477378
603307.SH,扬州金泉,804,2023-02-16,2026-06-11,False,False,0,0.0,10,2,0.014925373134328358
603308.SH,应流股份,2941,2014-01-22,2026-06-11,False,False,0,0.0,47,28,0.02550153009180551
603309.SH,维力医疗,2674,2015-03-02,2026-06-11,False,False,0,0.0,37,18,0.02056843679880329
603310.SH,巍华新材,440,2024-08-14,2026-06-11,False,False,0,0.0,5,1,0.013636363636363636
603311.SH,金海高科,2680,2015-05-18,2026-06-11,False,False,0,0.0,79,33,0.041791044776119404
603312.SH,西典新能,582,2024-01-11,2026-06-11,False,False,0,0.0,7,6,0.022336769759450172
603313.SH,梦百合,2347,2016-10-13,2026-06-11,False,False,0,0.0,25,12,0.015764806135492117
603315.SH,福鞍股份,2613,2015-04-24,2026-06-11,False,False,0,0.0,74,43,0.04477611940298507
603316.SH,诚邦股份,2181,2017-06-19,2026-06-11,False,False,0,0.0,64,23,0.039889958734525444
603317.SH,天味食品,1735,2019-04-16,2026-06-11,False,False,0,0.0,29,11,0.023054755043227664
603318.SH,水发燃气,2526,2015-04-24,2026-06-11,False,False,0,0.0,93,42,0.05344418052256532
603319.SH,美湖股份,2313,2016-11-30,2026-06-11,False,False,0,0.0,48,20,0.029399048854301772
603320.SH,迪贝电气,2213,2017-05-02,2026-06-11,False,False,0,0.0,49,27,0.03434252146407592
603321.SH,梅轮电梯,2117,2017-09-15,2026-06-11,False,False,0,0.0,24,13,0.01747756258856873
603322.SH,超讯通信,2370,2016-07-28,2026-06-11,False,False,0,0.0,85,39,0.05232067510548523
603323.SH,苏农银行,2314,2016-11-29,2026-06-11,False,False,0,0.0,17,6,0.009939498703543647
603324.SH,盛剑科技,1255,2021-04-07,2026-06-11,False,False,0,0.0,42,7,0.03904382470119522
603325.SH,博隆技术,583,2024-01-10,2026-06-11,False,False,0,0.0,3,2,0.008576329331046312
603326.SH,我乐家居,2181,2017-06-16,2026-06-11,False,False,0,0.0,32,21,0.024300779458963778
603327.SH,福蓉科技,1711,2019-05-23,2026-06-11,False,False,0,0.0,45,14,0.034482758620689655
603328.SH,依顿电子,2900,2014-07-01,2026-06-11,False,False,0,0.0,21,17,0.01310344827586207
603329.SH,上海雅仕,2041,2017-12-29,2026-06-11,False,False,0,0.0,43,22,0.03184713375796178
603330.SH,天洋新材,2249,2017-02-13,2026-06-11,False,False,0,0.0,55,24,0.035126722987994664
603331.SH,百达精工,2169,2017-07-05,2026-06-11,False,False,0,0.0,26,11,0.01705855232826187
603332.SH,苏州龙杰,1792,2019-01-17,2026-06-11,False,False,0,0.0,44,29,0.040736607142857144
603333.SH,尚纬股份,3379,2012-05-07,2026-06-11,False,False,0,0.0,65,43,0.0319621189701095
603335.SH,迪生力,2180,2017-06-20,2026-06-11,False,False,0,0.0,84,27,0.05091743119266055
603336.SH,宏辉果蔬,2300,2016-11-24,2026-06-11,False,False,0,0.0,67,24,0.03956521739130435
603337.SH,杰克科技,2278,2017-01-19,2026-06-11,False,False,0,0.0,18,3,0.009218612818261633
603338.SH,浙江鼎力,2713,2015-03-25,2026-06-11,False,False,0,0.0,37,28,0.02395871728713601
603339.SH,四方科技,2442,2016-05-19,2026-06-11,False,False,0,0.0,34,6,0.01638001638001638
603341.SH,龙旗科技,552,2024-03-01,2026-06-11,False,False,0,0.0,6,3,0.016304347826086956
603344.SH,星德胜,539,2024-03-20,2026-06-11,False,False,0,0.0,7,3,0.01855287569573284
603345.SH,安井食品,2220,2017-02-22,2026-06-11,False,False,0,0.0,25,11,0.016216216216216217
603348.SH,文灿股份,1970,2018-04-26,2026-06-11,False,False,0,0.0,57,17,0.03756345177664975
603350.SH,安乃达,470,2024-07-03,2026-06-11,False,False,0,0.0,11,4,0.031914893617021274
603351.SH,威尔药业,1783,2019-01-30,2026-06-11,False,False,0,0.0,27,9,0.020190689848569827
603353.SH,和顺石油,1498,2020-04-07,2026-06-11,False,False,0,0.0,52,14,0.044058744993324434
603355.SH,莱克电气,2693,2015-05-13,2026-06-11,False,False,0,0.0,42,22,0.02376531748978834
603356.SH,华菱精工,2020,2018-01-24,2026-06-11,False,False,0,0.0,26,18,0.02178217821782178
603357.SH,设计总院,2150,2017-08-01,2026-06-11,False,False,0,0.0,24,9,0.015348837209302326
603358.SH,华达科技,2269,2017-01-25,2026-06-11,False,False,0,0.0,17,20,0.01630674305861613
603359.SH,东珠生态,2116,2017-09-01,2026-06-11,False,False,0,0.0,39,24,0.029773156899810964
603360.SH,百傲化学,2271,2017-02-06,2026-06-11,False,False,0,0.0,42,20,0.027300748568912372
603363.SH,傲农生物,2108,2017-09-26,2026-06-11,False,False,0,0.0,71,24,0.04506641366223909
603365.SH,水星家纺,2076,2017-11-20,2026-06-11,False,False,0,0.0,11,3,0.00674373795761079
603366.SH,日出东方,3414,2012-05-21,2026-06-11,False,False,0,0.0,95,37,0.03866432337434095
603367.SH,辰欣药业,2107,2017-09-29,2026-06-11,False,False,0,0.0,19,4,0.010915994304698624
603368.SH,柳药集团,2785,2014-12-04,2026-06-11,False,False,0,0.0,25,15,0.01436265709156194
603369.SH,今世缘,2899,2014-07-03,2026-06-11,False,False,0,0.0,17,13,0.010348395998620214
603373.SH,安邦护卫,597,2023-12-20,2026-06-11,False,False,0,0.0,16,11,0.04522613065326633
603375.SH,盛景微,573,2024-01-24,2026-06-11,False,False,0,0.0,13,4,0.029668411867364748
603377.SH,ST东时,2467,2016-02-05,2026-06-11,True,False,0,0.0,19,29,0.019456830158086746
603378.SH,亚士创能,2107,2017-09-28,2026-06-11,False,False,0,0.0,51,20,0.03369719981015662
603379.SH,三美股份,1744,2019-04-02,2026-06-11,False,False,0,0.0,24,9,0.018922018348623854
603380.SH,易德龙,2178,2017-06-22,2026-06-11,False,False,0,0.0,28,10,0.017447199265381085
603381.SH,永臻股份,475,2024-06-26,2026-06-11,False,False,0,0.0,6,4,0.021052631578947368
603383.SH,顶点软件,2197,2017-05-22,2026-06-11,False,False,0,0.0,61,19,0.03641329085116067
603385.SH,惠达卫浴,2231,2017-04-05,2026-06-11,False,False,0,0.0,20,10,0.01344688480502017
603386.SH,骏亚科技,2032,2017-09-12,2026-06-11,False,False,0,0.0,65,20,0.041830708661417325
603387.SH,基蛋生物,2161,2017-07-17,2026-06-11,False,False,0,0.0,24,12,0.016658954187875982
603388.SH,*ST元成,2093,2017-03-24,2025-11-10,True,False,0,0.0,42,20,0.029622551361681796
603389.SH,*ST亚振,2268,2016-12-15,2026-06-11,True,False,0,0.0,78,40,0.05202821869488536
603390.SH,通达电气,1586,2019-11-25,2026-06-11,False,False,0,0.0,56,16,0.04539722572509458
603391.SH,力聚热能,450,2024-07-31,2026-06-11,False,False,0,0.0,2,3,0.011111111111111112
603392.SH,万泰生物,1482,2020-04-29,2026-06-11,False,False,0,0.0,52,9,0.04116059379217274
603393.SH,新天然气,2301,2016-09-12,2026-06-11,False,False,0,0.0,20,15,0.015210777922642329
603396.SH,金辰股份,2099,2017-10-18,2026-06-11,False,False,0,0.0,83,24,0.050976655550262026
603398.SH,*ST沐邦,2429,2015-12-09,2026-06-11,True,False,0,0.0,75,37,0.04610951008645533
603399.SH,永杉锂业,3138,2012-08-24,2026-06-11,False,False,0,0.0,92,51,0.0455704270235819
603408.SH,建霖家居,1421,2020-07-30,2026-06-11,False,False,0,0.0,9,2,0.007741027445460943
603416.SH,信捷电气,2298,2016-12-21,2026-06-11,False,False,0,0.0,35,15,0.02175805047867711
603421.SH,鼎信通讯,2349,2016-10-11,2026-06-11,False,False,0,0.0,52,16,0.02894848871860366
603429.SH,集友股份,2225,2017-01-24,2026-06-11,False,False,0,0.0,54,34,0.039550561797752806
603439.SH,贵州三力,1483,2020-04-28,2026-06-11,False,False,0,0.0,45,11,0.037761294672960216
603444.SH,吉比特,2289,2017-01-04,2026-06-11,False,False,0,0.0,34,14,0.020969855832241154
603456.SH,九洲药业,2799,2014-10-10,2026-06-11,False,False,0,0.0,30,19,0.017506252232940337
603458.SH,勘设股份,2142,2017-08-09,2026-06-11,False,False,0,0.0,26,11,0.01727357609710551
603466.SH,风语筑,2096,2017-10-20,2026-06-11,False,False,0,0.0,43,23,0.03148854961832061
603477.SH,巨星农牧,2045,2017-12-18,2026-06-11,False,False,0,0.0,56,13,0.03374083129584352
603486.SH,科沃斯,1951,2018-05-28,2026-06-11,False,False,0,0.0,41,14,0.028190671450538187
603488.SH,展鹏科技,2187,2017-05-16,2026-06-11,False,False,0,0.0,49,19,0.031092821216278006
603489.SH,八方股份,1596,2019-11-11,2026-06-11,False,False,0,0.0,31,10,0.02568922305764411
603496.SH,恒为科技,2180,2017-06-07,2026-06-11,False,False,0,0.0,60,27,0.03990825688073395
603499.SH,翔港科技,2100,2017-10-16,2026-06-11,False,False,0,0.0,58,43,0.048095238095238094
603500.SH,祥和实业,2126,2017-09-04,2026-06-11,False,False,0,0.0,48,23,0.03339604891815616
603501.SH,豪威集团,2040,2017-05-04,2026-06-11,False,False,0,0.0,46,13,0.02892156862745098
603505.SH,金石资源,2212,2017-05-03,2026-06-11,False,False,0,0.0,44,14,0.026220614828209764
603506.SH,南都物业,2024,2018-02-01,2026-06-11,False,False,0,0.0,36,18,0.0266798418972332
603507.SH,振江股份,2081,2017-11-06,2026-06-11,False,False,0,0.0,37,11,0.023065833733781835
603508.SH,思维列控,2447,2015-12-24,2026-06-11,False,False,0,0.0,37,16,0.021659174499387004
603511.SH,爱慕股份,1220,2021-05-31,2026-06-11,False,False,0,0.0,18,11,0.023770491803278688
603515.SH,欧普照明,2379,2016-08-19,2026-06-11,False,False,0,0.0,12,4,0.006725514922236234
603516.SH,淳中科技,2023,2018-02-02,2026-06-11,False,False,0,0.0,76,31,0.052891744933267426
603517.SH,ST绝味,2241,2017-03-17,2026-06-11,True,False,0,0.0,21,6,0.012048192771084338
603518.SH,锦泓集团,2663,2014-12-03,2026-06-11,False,False,0,0.0,54,23,0.028914757791963952
603519.SH,立霸股份,2636,2015-03-19,2026-06-11,False,False,0,0.0,32,34,0.02503793626707132
603520.SH,司太立,2366,2016-03-09,2026-06-11,False,False,0,0.0,44,19,0.026627218934911243
603527.SH,众源新材,2123,2017-09-07,2026-06-11,False,False,0,0.0,55,16,0.03344324069712671
603528.SH,多伦科技,2453,2016-05-03,2026-06-11,False,False,0,0.0,65,19,0.034243783122706886
603529.SH,爱玛科技,1210,2021-06-15,2026-06-11,False,False,0,0.0,17,5,0.01818181818181818
603530.SH,神马电力,1660,2019-08-05,2026-06-11,False,False,0,0.0,72,17,0.053614457831325305
603533.SH,掌阅科技,2111,2017-09-21,2026-06-11,False,False,0,0.0,100,24,0.05873993368072004
603535.SH,嘉诚国际,2145,2017-08-08,2026-06-11,False,False,0,0.0,32,14,0.021445221445221447
603536.SH,惠发食品,2185,2017-06-13,2026-06-11,False,False,0,0.0,74,33,0.04897025171624714
603538.SH,美诺华,2156,2017-04-07,2026-06-11,False,False,0,0.0,54,23,0.03571428571428571
603551.SH,奥普科技,1550,2020-01-15,2026-06-11,False,False,0,0.0,10,3,0.008387096774193548
603556.SH,海兴电力,2327,2016-11-10,2026-06-11,False,False,0,0.0,24,6,0.01289213579716373
603557.SH,ST起步,2125,2017-08-18,2026-06-11,True,False,0,0.0,31,18,0.023058823529411764
603558.SH,健盛集团,2660,2015-01-27,2026-06-11,False,False,0,0.0,24,25,0.018421052631578946
603559.SH,ST通脉,2230,2016-12-02,2026-06-11,True,False,0,0.0,63,22,0.03811659192825112
603565.SH,中谷物流,1380,2020-09-25,2026-06-11,False,False,0,0.0,10,11,0.015217391304347827
603566.SH,普莱柯,2685,2015-05-18,2026-06-11,False,False,0,0.0,39,24,0.02346368715083799
603567.SH,珍宝岛,2690,2015-04-24,2026-06-11,False,False,0,0.0,26,21,0.017472118959107805
603568.SH,伟明环保,2682,2015-05-28,2026-06-11,False,False,0,0.0,38,26,0.023862788963460103
603569.SH,长久物流,2386,2016-08-10,2026-06-11,False,False,0,0.0,55,22,0.03227158424140821
603577.SH,汇金通,2297,2016-12-22,2026-06-11,False,False,0,0.0,52,24,0.03308663474096648
603578.SH,三星新材,2239,2017-03-06,2026-06-11,False,False,0,0.0,33,11,0.01965163019205002
603579.SH,荣泰健康,2284,2017-01-11,2026-06-11,False,False,0,0.0,31,13,0.01926444833625219
603580.SH,*ST艾艾,2195,2017-05-25,2026-06-11,True,False,0,0.0,49,19,0.030979498861047835
603583.SH,捷昌驱动,1868,2018-09-21,2026-06-11,False,False,0,0.0,27,14,0.021948608137044967
603585.SH,苏利股份,2303,2016-12-14,2026-06-11,False,False,0,0.0,30,11,0.017802865827181935
603586.SH,金麒麟,2230,2017-04-06,2026-06-11,False,False,0,0.0,33,18,0.022869955156950672
603587.SH,地素时尚,1933,2018-06-22,2026-06-11,False,False,0,0.0,8,5,0.006725297465080186
603588.SH,高能环境,2678,2014-12-29,2026-06-11,False,False,0,0.0,22,26,0.017923823749066467
603589.SH,口子窖,2661,2015-06-29,2026-06-11,False,False,0,0.0,32,16,0.018038331454340473
603590.SH,康辰药业,1887,2018-08-27,2026-06-11,False,False,0,0.0,22,3,0.013248542660307366
603595.SH,东尼电子,2163,2017-07-12,2026-06-11,False,False,0,0.0,65,19,0.038834951456310676
603596.SH,伯特利,1970,2018-04-27,2026-06-11,False,False,0,0.0,32,17,0.024873096446700507
603598.SH,引力传媒,2502,2015-05-27,2026-06-11,False,False,0,0.0,145,70,0.0859312549960032
603599.SH,广信股份,2687,2015-05-13,2026-06-11,False,False,0,0.0,36,27,0.023446222553033122
603600.SH,永艺股份,2752,2015-01-23,2026-06-11,False,False,0,0.0,54,23,0.0279796511627907
603601.SH,再升科技,2708,2015-01-22,2026-06-11,False,False,0,0.0,87,36,0.04542097488921713
603602.SH,纵横通信,2081,2017-08-10,2026-06-11,False,False,0,0.0,59,24,0.03988467083133109
603605.SH,珀莱雅,2079,2017-11-15,2026-06-11,False,False,0,0.0,20,9,0.013949013949013949
603606.SH,东方电缆,2825,2014-10-15,2026-06-11,False,False,0,0.0,53,33,0.030442477876106194
603607.SH,京华激光,2093,2017-10-25,2026-06-11,False,False,0,0.0,56,24,0.038222646918299095
603608.SH,天创时尚,2420,2016-02-18,2026-06-11,False,False,0,0.0,59,17,0.03140495867768595
603609.SH,禾丰股份,2864,2014-08-08,2026-06-11,False,False,0,0.0,42,14,0.019553072625698324
603610.SH,麒盛科技,1605,2019-10-29,2026-06-11,False,False,0,0.0,28,11,0.024299065420560748
603611.SH,诺力股份,2678,2015-01-28,2026-06-11,False,False,0,0.0,40,26,0.024645257654966394
603612.SH,索通发展,2149,2017-07-18,2026-06-11,False,False,0,0.0,57,17,0.034434620753839
603613.SH,国联股份,1664,2019-07-30,2026-06-11,False,False,0,0.0,39,22,0.03665865384615385
603615.SH,茶花股份,2266,2017-02-13,2026-06-11,False,False,0,0.0,42,17,0.026037069726390114
603616.SH,韩建河山,2644,2015-06-11,2026-06-11,False,False,0,0.0,102,51,0.05786686838124055
603617.SH,君禾股份,2171,2017-07-03,2026-06-11,False,False,0,0.0,38,26,0.02947950253339475
603618.SH,杭电股份,2722,2015-02-17,2026-06-11,False,False,0,0.0,82,30,0.041146216017634095
603619.SH,中曼石油,2077,2017-11-17,2026-06-11,False,False,0,0.0,44,19,0.03033220991815118
603626.SH,科森科技,2268,2017-02-09,2026-06-11,False,False,0,0.0,76,30,0.04673721340388007
603628.SH,清源股份,2279,2017-01-12,2026-06-11,False,False,0,0.0,73,28,0.0443176831943835
603629.SH,利通电子,1808,2018-12-24,2026-06-11,False,False,0,0.0,56,28,0.046460176991150445
603630.SH,拉芳家化,2246,2017-03-13,2026-06-11,False,False,0,0.0,53,14,0.02983081032947462
603633.SH,徕木股份,2316,2016-11-17,2026-06-11,False,False,0,0.0,56,16,0.031088082901554404
603636.SH,南威软件,2701,2014-12-30,2026-06-11,False,False,0,0.0,71,39,0.04072565716401333
603637.SH,镇海股份,2267,2017-02-08,2026-06-11,False,False,0,0.0,39,17,0.024702249669166298
603638.SH,艾迪精密,2277,2017-01-20,2026-06-11,False,False,0,0.0,24,15,0.017127799736495388
603639.SH,海利尔,2283,2017-01-12,2026-06-11,False,False,0,0.0,16,9,0.010950503723171266
603648.SH,畅联股份,2119,2017-09-13,2026-06-11,False,False,0,0.0,45,18,0.02973100519112789
603650.SH,彤程新材,1930,2018-06-27,2026-06-11,False,False,0,0.0,54,10,0.03316062176165803
603655.SH,朗博科技,2042,2017-12-29,2026-06-11,False,False,0,0.0,70,38,0.05288932419196866
603656.SH,泰禾智能,2240,2017-03-21,2026-06-11,False,False,0,0.0,39,15,0.024107142857142858
603657.SH,春光科技,1907,2018-07-30,2026-06-11,False,False,0,0.0,53,21,0.03880440482433141
603658.SH,安图生物,2370,2016-09-01,2026-06-11,False,False,0,0.0,28,7,0.014767932489451477
603659.SH,璞泰来,2031,2017-11-03,2026-06-11,False,False,0,0.0,37,12,0.0241260462826194
603660.SH,苏州科达,2310,2016-12-01,2026-06-11,False,False,0,0.0,52,16,0.02943722943722944
603661.SH,恒林股份,2067,2017-11-21,2026-06-11,False,False,0,0.0,26,10,0.01741654571843251
603662.SH,柯力传感,1659,2019-08-06,2026-06-11,False,False,0,0.0,41,12,0.031946955997588906
603663.SH,三祥新材,2393,2016-08-01,2026-06-11,False,False,0,0.0,79,21,0.041788549937317176
603665.SH,康隆达,2246,2017-03-13,2026-06-11,False,False,0,0.0,35,26,0.02715939447907391
603666.SH,亿嘉和,1940,2018-06-12,2026-06-11,False,False,0,0.0,45,19,0.032989690721649485
603667.SH,五洲新春,2267,2016-10-25,2026-06-11,False,False,0,0.0,76,24,0.044111160123511246
603668.SH,天马科技,2280,2017-01-17,2026-06-11,False,False,0,0.0,39,18,0.025
603669.SH,灵康药业,2682,2015-05-28,2026-06-11,False,False,0,0.0,50,30,0.02982848620432513
603676.SH,卫信康,2157,2017-07-21,2026-06-11,False,False,0,0.0,56,8,0.0296708391284191
603677.SH,奇精机械,2266,2017-02-06,2026-06-11,False,False,0,0.0,36,20,0.02471315092674316
603678.SH,火炬电子,2747,2015-01-26,2026-06-11,False,False,0,0.0,42,18,0.02184200946487077
603679.SH,华体科技,2179,2017-06-21,2026-06-11,False,False,0,0.0,54,24,0.03579623680587425
603680.SH,今创集团,2011,2018-02-27,2026-06-11,False,False,0,0.0,20,15,0.0174042764793635
603681.SH,永冠新材,1749,2019-03-26,2026-06-11,False,False,0,0.0,31,11,0.024013722126929673
603682.SH,锦和商管,1488,2020-04-21,2026-06-11,False,False,0,0.0,29,16,0.03024193548387097
603683.SH,晶华新材,2097,2017-10-20,2026-06-11,False,False,0,0.0,53,21,0.03528850739151168
603685.SH,晨丰科技,2069,2017-11-27,2026-06-11,False,False,0,0.0,23,11,0.016433059449009184
603686.SH,福龙马,2701,2015-01-26,2026-06-11,False,False,0,0.0,58,28,0.03184005923731951
603687.SH,大胜达,1666,2019-07-26,2026-06-11,False,False,0,0.0,38,11,0.029411764705882353
603688.SH,石英股份,2819,2014-10-31,2026-06-11,False,False,0,0.0,70,37,0.03795672224192976
603689.SH,皖天然气,2285,2017-01-10,2026-06-11,False,False,0,0.0,13,10,0.010065645514223195
603690.SH,至纯科技,2189,2017-01-13,2026-06-11,False,False,0,0.0,73,24,0.04431247144814984
603693.SH,江苏新能,1917,2018-07-03,2026-06-11,False,False,0,0.0,51,9,0.03129890453834116
603696.SH,安记食品,2517,2015-12-09,2026-06-11,False,False,0,0.0,78,39,0.04648390941597139
603697.SH,有友食品,1722,2019-05-08,2026-06-11,False,False,0,0.0,33,10,0.02497096399535424
603698.SH,航天工程,2761,2015-01-28,2026-06-11,False,False,0,0.0,54,34,0.03187250996015936
603699.SH,纽威股份,3002,2014-01-17,2026-06-11,False,False,0,0.0,21,18,0.012991339107261825
603700.SH,宁水集团,1789,2019-01-22,2026-06-11,False,False,0,0.0,19,10,0.01621017328116266
603701.SH,德宏股份,2445,2016-04-12,2026-06-11,False,False,0,0.0,65,26,0.03721881390593047
603703.SH,盛洋科技,2616,2015-04-23,2026-06-11,False,False,0,0.0,77,55,0.05045871559633028
603706.SH,东方环宇,1922,2018-07-09,2026-06-11,False,False,0,0.0,35,9,0.022892819979188347
603707.SH,健友股份,2159,2017-07-19,2026-06-11,False,False,0,0.0,17,8,0.01157943492357573
603708.SH,家家悦,2304,2016-12-13,2026-06-11,False,False,0,0.0,19,7,0.011284722222222222
603709.SH,中源家居,2019,2018-02-08,2026-06-11,False,False,0,0.0,34,31,0.032194155522535906
603711.SH,香飘飘,2068,2017-11-30,2026-06-11,False,False,0,0.0,38,16,0.02611218568665377
603712.SH,七一二,2009,2018-02-26,2026-06-11,False,False,0,0.0,48,4,0.025883524141363863
603713.SH,密尔克卫,1918,2018-07-13,2026-06-11,False,False,0,0.0,26,6,0.016684045881126174
603716.SH,塞力医疗,2323,2016-10-31,2026-06-11,False,False,0,0.0,91,27,0.05079638398622471
603717.SH,天域生物,2236,2017-03-27,2026-06-11,False,False,0,0.0,41,29,0.03130590339892665
603718.SH,海利生物,2651,2015-05-15,2026-06-11,False,False,0,0.0,73,34,0.04036212749905696
603719.SH,良品铺子,1523,2020-02-24,2026-06-11,False,False,0,0.0,37,7,0.028890347997373604
603721.SH,*ST天择,2138,2017-08-11,2026-06-11,True,False,0,0.0,112,48,0.07483629560336763
603722.SH,阿科力,2092,2017-10-25,2026-06-11,False,False,0,0.0,60,16,0.036328871892925434
603725.SH,天安新材,2109,2017-09-06,2026-06-11,False,False,0,0.0,33,13,0.021811284969179705
603726.SH,朗迪集团,2456,2016-04-21,2026-06-11,False,False,0,0.0,54,27,0.03298045602605863
603727.SH,博迈科,2319,2016-11-22,2026-06-11,False,False,0,0.0,34,20,0.02328589909443726
603728.SH,鸣志电器,2208,2017-05-09,2026-06-11,False,False,0,0.0,58,23,0.036684782608695655
603729.SH,龙韵股份,2636,2015-03-24,2026-06-11,False,False,0,0.0,68,57,0.04742033383915023
603730.SH,岱美股份,2137,2017-07-28,2026-06-11,False,False,0,0.0,23,9,0.014974262985493684
603733.SH,仙鹤股份,1975,2018-04-20,2026-06-11,False,False,0,0.0,18,7,0.012658227848101266
603737.SH,三棵树,2432,2016-06-03,2026-06-11,False,False,0,0.0,43,12,0.02261513157894737
603738.SH,泰晶科技,2353,2016-09-28,2026-06-11,False,False,0,0.0,76,26,0.04334891627709307
603739.SH,蔚蓝生物,1793,2019-01-16,2026-06-11,False,False,0,0.0,43,13,0.031232571109871723
603755.SH,日辰股份,1643,2019-08-28,2026-06-11,False,False,0,0.0,26,6,0.019476567255021303
603757.SH,大元泵业,2165,2017-07-11,2026-06-11,False,False,0,0.0,46,16,0.028637413394919167
603758.SH,秦安股份,2188,2017-05-17,2026-06-11,False,False,0,0.0,43,23,0.03016453382084095
603759.SH,海天股份,1262,2021-03-26,2026-06-11,False,False,0,0.0,28,10,0.030110935023771792
603766.SH,隆鑫通用,3317,2012-08-10,2026-06-11,False,False,0,0.0,18,24,0.012662044015676817
603767.SH,中马传动,2185,2017-06-13,2026-06-11,False,False,0,0.0,66,25,0.041647597254004576
603768.SH,常青股份,2237,2017-03-24,2026-06-11,False,False,0,0.0,26,8,0.015198927134555208
603773.SH,沃格光电,1978,2018-04-17,2026-06-11,False,False,0,0.0,67,22,0.04499494438827098
603776.SH,永安行,2123,2017-08-17,2026-06-11,False,False,0,0.0,55,16,0.03344324069712671
603777.SH,来伊份,2348,2016-10-12,2026-06-11,False,False,0,0.0,69,23,0.039182282793867124
603778.SH,国晟科技,2498,2015-12-31,2026-06-11,False,False,0,0.0,113,46,0.06365092073658928
603779.SH,威龙股份,2433,2016-05-16,2026-06-11,False,False,0,0.0,62,18,0.032881216605014384
603786.SH,科博达,1615,2019-10-15,2026-06-11,False,False,0,0.0,23,8,0.019195046439628483
603787.SH,新日股份,2215,2017-04-27,2026-06-11,False,False,0,0.0,65,24,0.04018058690744921
603788.SH,宁波高发,2753,2015-01-20,2026-06-11,False,False,0,0.0,43,29,0.02615328732292045
603789.SH,*ST星农,2683,2015-04-27,2026-06-11,True,False,0,0.0,76,40,0.04323518449496832
603790.SH,雅运股份,1864,2018-09-12,2026-06-11,False,False,0,0.0,34,16,0.02682403433476395
603797.SH,联泰环保,2225,2017-04-13,2026-06-11,False,False,0,0.0,28,13,0.018426966292134833
603798.SH,康普顿,2471,2016-04-06,2026-06-11,False,False,0,0.0,46,13,0.02387697288547147
603799.SH,华友钴业,2726,2015-01-29,2026-06-11,False,False,0,0.0,72,49,0.04438738077769626
603800.SH,洪田股份,2544,2015-12-10,2026-06-11,False,False,0,0.0,72,36,0.04245283018867924
603801.SH,志邦家居,2172,2017-06-30,2026-06-11,False,False,0,0.0,33,12,0.020718232044198894
603803.SH,瑞斯康达,2217,2017-04-20,2026-06-11,False,False,0,0.0,75,28,0.04645917907081642
603806.SH,福斯特,2837,2014-09-05,2026-06-11,False,False,0,0.0,33,23,0.01973916108565386
603808.SH,歌力思,2624,2015-04-22,2026-06-11,False,False,0,0.0,31,19,0.019054878048780487
603809.SH,豪能股份,2070,2017-11-28,2026-06-11,False,False,0,0.0,34,12,0.022222222222222223
603810.SH,丰山集团,1870,2018-09-17,2026-06-11,False,False,0,0.0,27,18,0.02406417112299465
603811.SH,诚意药业,2244,2017-03-15,2026-06-11,False,False,0,0.0,38,13,0.022727272727272728
603813.SH,*ST原尚,2115,2017-09-18,2026-06-11,True,False,0,0.0,40,27,0.03167848699763593
603815.SH,交建股份,1601,2019-10-21,2026-06-11,False,False,0,0.0,44,16,0.037476577139287946
603816.SH,顾家家居,2342,2016-10-14,2026-06-11,False,False,0,0.0,9,4,0.005550811272416738
603817.SH,海峡环保,2261,2017-02-20,2026-06-11,False,False,0,0.0,33,10,0.01901813356921716
603818.SH,曲美家居,2671,2015-04-22,2026-06-11,False,False,0,0.0,48,35,0.031074503931111944
603819.SH,神力股份,2309,2016-11-25,2026-06-11,False,False,0,0.0,45,16,0.026418362927674317
603822.SH,嘉澳环保,2368,2016-04-28,2026-06-11,False,False,0,0.0,60,27,0.036739864864864864
603823.SH,百合花,2299,2016-12-20,2026-06-11,False,False,0,0.0,52,20,0.0313179643323184
603825.SH,ST华扬,2062,2017-08-02,2026-06-11,True,False,0,0.0,82,29,0.053831231813773035
603826.SH,坤彩科技,2224,2017-04-14,2026-06-11,False,False,0,0.0,37,14,0.022931654676258992
603828.SH,ST柯利达,2645,2015-02-26,2026-06-11,True,False,0,0.0,30,24,0.020415879017013232
603829.SH,洛凯股份,2100,2017-10-17,2026-06-11,False,False,0,0.0,44,24,0.03238095238095238
603833.SH,欧派家居,2229,2017-03-28,2026-06-11,False,False,0,0.0,9,2,0.00493494840735756
603836.SH,海程邦达,1223,2021-05-26,2026-06-11,False,False,0,0.0,17,5,0.017988552739165987
603838.SH,*ST四通,2354,2015-07-01,2026-06-11,True,False,0,0.0,66,30,0.04078164825828377
603839.SH,安正时尚,2264,2017-02-14,2026-06-11,False,False,0,0.0,51,21,0.03180212014134275
603843.SH,*ST正平,2247,2016-09-05,2026-06-11,True,False,0,0.0,64,25,0.03960836671117045
603848.SH,好太太,2067,2017-12-01,2026-06-11,False,False,0,0.0,28,15,0.02080309627479439
603855.SH,华荣股份,2197,2017-05-24,2026-06-11,False,False,0,0.0,19,3,0.010013654984069186
603856.SH,东宏股份,2086,2017-11-06,2026-06-11,False,False,0,0.0,27,14,0.019654841802492808
603858.SH,步长制药,2321,2016-11-18,2026-06-11,False,False,0,0.0,9,5,0.006031882809133994
603859.SH,能科科技,2336,2016-10-21,2026-06-11,False,False,0,0.0,60,29,0.03809931506849315
603860.SH,中公高科,2149,2017-08-02,2026-06-11,False,False,0,0.0,39,10,0.02280130293159609
603861.SH,白云电器,2401,2016-03-22,2026-06-11,False,False,0,0.0,51,8,0.024573094543940025
603863.SH,松炀资源,1684,2019-06-21,2026-06-11,False,False,0,0.0,47,20,0.03978622327790974
603866.SH,桃李面包,2542,2015-12-22,2026-06-11,False,False,0,0.0,17,15,0.012588512981904013
603867.SH,新化股份,1687,2019-06-27,2026-06-11,False,False,0,0.0,29,8,0.021932424422050976
603868.SH,飞科电器,2465,2016-04-18,2026-06-11,False,False,0,0.0,24,4,0.011359026369168357
603869.SH,ST智知,2628,2015-03-26,2026-06-11,True,False,0,0.0,54,25,0.030060882800608826
603871.SH,嘉友国际,2021,2018-02-06,2026-06-11,False,False,0,0.0,18,20,0.01880257298367145
603876.SH,鼎胜新材,1977,2018-04-18,2026-06-11,False,False,0,0.0,43,14,0.028831562974203338
603877.SH,太平鸟,2283,2017-01-09,2026-06-11,False,False,0,0.0,31,6,0.016206745510293472
603878.SH,武进不锈,2300,2016-12-19,2026-06-11,False,False,0,0.0,20,10,0.013043478260869565
603879.SH,永悦科技,2182,2017-06-14,2026-06-11,False,False,0,0.0,50,37,0.03987167736021998
603880.SH,南卫股份,2050,2017-08-07,2026-06-11,False,False,0,0.0,42,13,0.026829268292682926
603881.SH,数据港,2267,2017-02-08,2026-06-11,False,False,0,0.0,65,23,0.0388178209086899
603882.SH,金域医学,2122,2017-09-08,2026-06-11,False,False,0,0.0,38,6,0.020735155513666354
603883.SH,老百姓,2613,2015-04-23,2026-06-11,False,False,0,0.0,48,21,0.02640642939150402
603885.SH,吉祥航空,2671,2015-05-27,2026-06-11,False,False,0,0.0,26,13,0.014601272931486334
603886.SH,元祖股份,2293,2016-12-28,2026-06-11,False,False,0,0.0,24,6,0.013083296990841693
603887.SH,城地香江,2268,2016-10-10,2026-06-11,False,False,0,0.0,67,26,0.041005291005291
603888.SH,新华网,2334,2016-10-28,2026-06-11,False,False,0,0.0,54,23,0.03299057412167952
603889.SH,新澳股份,2663,2014-12-31,2026-06-11,False,False,0,0.0,27,23,0.01877581674802854
603890.SH,春秋电子,2060,2017-12-12,2026-06-11,False,False,0,0.0,43,19,0.030097087378640777
603893.SH,瑞芯微,1539,2020-02-07,2026-06-11,False,False,0,0.0,59,4,0.04093567251461988
603895.SH,天永智能,2032,2018-01-22,2026-06-11,False,False,0,0.0,65,24,0.043799212598425195
603896.SH,寿仙谷,2207,2017-05-10,2026-06-11,False,False,0,0.0,22,10,0.014499320344358859
603897.SH,长城科技,1978,2018-04-10,2026-06-11,False,False,0,0.0,46,14,0.030333670374115267
603898.SH,好莱客,2670,2015-02-17,2026-06-11,False,False,0,0.0,28,15,0.01610486891385768
603899.SH,晨光股份,2762,2015-01-27,2026-06-11,False,False,0,0.0,18,12,0.010861694424330196
603900.SH,莱绅通灵,2316,2016-11-23,2026-06-11,False,False,0,0.0,65,25,0.038860103626943004
603901.SH,永创智能,2662,2015-05-29,2026-06-11,False,False,0,0.0,64,29,0.03493613824192337
603903.SH,中持股份,2243,2017-03-14,2026-06-11,False,False,0,0.0,48,15,0.02808738296923763
603906.SH,龙蟠科技,2228,2017-04-10,2026-06-11,False,False,0,0.0,77,22,0.044434470377019746
603908.SH,牧高笛,2250,2017-03-07,2026-06-11,False,False,0,0.0,43,13,0.024888888888888887
603909.SH,建发合诚,2370,2016-06-28,2026-06-11,False,False,0,0.0,38,17,0.023206751054852322
603912.SH,佳力图,2089,2017-11-01,2026-06-11,False,False,0,0.0,70,25,0.04547630445189086
603915.SH,国茂股份,1696,2019-06-14,2026-06-11,False,False,0,0.0,25,4,0.017099056603773585
603916.SH,苏博特,2082,2017-11-10,2026-06-11,False,False,0,0.0,28,13,0.0196926032660903
603917.SH,合力科技,2066,2017-12-04,2026-06-11,False,False,0,0.0,55,22,0.037270087124878996
603918.SH,金桥信息,2586,2015-05-28,2026-06-11,False,False,0,0.0,111,47,0.06109822119102862
603919.SH,金徽酒,2466,2016-03-10,2026-06-11,False,False,0,0.0,41,12,0.021492295214922953
603920.SH,世运电路,2213,2017-04-26,2026-06-11,False,False,0,0.0,57,17,0.033438770899231814
603922.SH,金鸿顺,2072,2017-10-23,2026-06-11,False,False,0,0.0,34,19,0.02557915057915058
603926.SH,铁流股份,2207,2017-05-10,2026-06-11,False,False,0,0.0,27,19,0.02084277299501586
603927.SH,中科软,1635,2019-09-09,2026-06-11,False,False,0,0.0,26,10,0.022018348623853212
603928.SH,兴业股份,2305,2016-12-12,2026-06-11,False,False,0,0.0,46,18,0.02776572668112798
603929.SH,亚翔集成,2291,2016-12-30,2026-06-11,False,False,0,0.0,98,15,0.04932343954604976
603931.SH,格林达,1407,2020-08-19,2026-06-11,False,False,0,0.0,40,6,0.032693674484719264
603933.SH,睿能科技,2158,2017-07-06,2026-06-11,False,False,0,0.0,76,24,0.04633920296570899
603936.SH,博敏电子,2453,2015-12-09,2026-06-11,False,False,0,0.0,66,29,0.03872808805544232
603937.SH,丽岛新材,2088,2017-11-02,2026-06-11,False,False,0,0.0,41,14,0.026340996168582376
603938.SH,三孚股份,2174,2017-06-28,2026-06-11,False,False,0,0.0,74,22,0.04415823367065318
603939.SH,益丰药房,2631,2015-02-17,2026-06-11,False,False,0,0.0,32,17,0.01862409730140631
603948.SH,建业股份,1523,2020-03-02,2026-06-11,False,False,0,0.0,35,15,0.03282994090610637
603949.SH,雪龙集团,1517,2020-03-10,2026-06-11,False,False,0,0.0,38,19,0.037574159525379035
603950.SH,长源东谷,1456,2020-05-26,2026-06-11,False,False,0,0.0,34,7,0.02815934065934066
603955.SH,大千生态,2201,2017-03-10,2026-06-11,False,False,0,0.0,55,19,0.033621081326669695
603956.SH,威派格,1771,2019-02-22,2026-06-11,False,False,0,0.0,49,14,0.03557312252964427
603958.SH,哈森股份,2391,2016-06-29,2026-06-11,False,False,0,0.0,72,34,0.044332915098285235
603959.SH,百利科技,2436,2016-05-17,2026-06-11,False,False,0,0.0,48,28,0.031198686371100164
603960.SH,克来机电,2188,2017-03-14,2026-06-11,False,False,0,0.0,47,18,0.029707495429616086
603966.SH,法兰泰克,2271,2017-01-25,2026-06-11,False,False,0,0.0,37,17,0.023778071334214
603967.SH,中创物流,1726,2019-04-29,2026-06-11,False,False,0,0.0,22,7,0.016801853997682505
603968.SH,醋化股份,2690,2015-05-18,2026-06-11,False,False,0,0.0,46,26,0.026765799256505577
603969.SH,银龙股份,2744,2015-02-27,2026-06-11,False,False,0,0.0,58,40,0.03571428571428571
603970.SH,中农立华,2078,2017-11-16,2026-06-11,False,False,0,0.0,24,14,0.01828681424446583
603976.SH,正川股份,2135,2017-08-22,2026-06-11,False,False,0,0.0,69,23,0.04309133489461359
603977.SH,国泰集团,2237,2016-11-11,2026-06-11,False,False,0,0.0,47,20,0.029950827000447027
603978.SH,深圳新星,2143,2017-08-07,2026-06-11,False,False,0,0.0,61,21,0.03826411572561829
603979.SH,金诚信,2660,2015-06-30,2026-06-11,False,False,0,0.0,26,18,0.016541353383458645
603980.SH,吉华集团,2177,2017-06-15,2026-06-11,False,False,0,0.0,26,11,0.016995865870463943
603982.SH,泉峰汽车,1712,2019-05-22,2026-06-11,False,False,0,0.0,49,20,0.04030373831775701
603983.SH,丸美生物,1667,2019-07-25,2026-06-11,False,False,0,0.0,24,6,0.017996400719856028
603985.SH,恒润股份,2205,2017-05-05,2026-06-11,False,False,0,0.0,67,29,0.04353741496598639
603986.SH,兆易创新,2174,2016-08-18,2026-06-11,False,False,0,0.0,66,22,0.040478380864765406
603987.SH,康德莱,2320,2016-11-21,2026-06-11,False,False,0,0.0,30,8,0.016379310344827588
603988.SH,中电电机,2794,2014-11-04,2026-06-11,False,False,0,0.0,111,50,0.0576234788833214
603989.SH,艾华集团,2688,2015-05-15,2026-06-11,False,False,0,0.0,38,26,0.023809523809523808
603990.SH,麦迪科技,2302,2016-12-08,2026-06-11,False,False,0,0.0,49,24,0.0317115551694179
603991.SH,至正股份,2240,2017-03-08,2026-06-11,False,False,0,0.0,65,19,0.0375
603992.SH,松霖科技,1645,2019-08-26,2026-06-11,False,False,0,0.0,25,8,0.02006079027355623
603993.SH,洛阳钼业,3299,2012-10-09,2026-06-11,False,False,0,0.0,51,26,0.023340406183692028
603995.SH,甬金股份,1565,2019-12-24,2026-06-11,False,False,0,0.0,13,6,0.012140575079872205
603997.SH,继峰股份,2647,2015-03-02,2026-06-11,False,False,0,0.0,57,34,0.03437854174537212
603998.SH,方盛制药,2721,2014-12-05,2026-06-11,False,False,0,0.0,51,27,0.02866593164277839
603999.SH,读者传媒,2547,2015-12-10,2026-06-11,False,False,0,0.0,52,21,0.02866117000392619
605001.SH,威奥股份,1468,2020-05-22,2026-06-11,False,False,0,0.0,21,6,0.018392370572207085
605003.SH,众望布艺,1393,2020-09-08,2026-06-11,False,False,0,0.0,11,7,0.012921751615218953
605005.SH,合兴股份,1305,2021-01-19,2026-06-11,False,False,0,0.0,34,10,0.03371647509578544
605006.SH,山东玻纤,1396,2020-09-03,2026-06-11,False,False,0,0.0,50,15,0.04656160458452722
605007.SH,五洲特纸,1354,2020-11-10,2026-06-11,False,False,0,0.0,24,4,0.0206794682422452
605008.SH,长鸿高科,1396,2020-08-21,2026-06-11,False,False,0,0.0,20,7,0.019340974212034383
605009.SH,豪悦护理,1390,2020-09-11,2026-06-11,False,False,0,0.0,18,7,0.017985611510791366
605011.SH,杭州热电,1199,2021-06-30,2026-06-11,False,False,0,0.0,52,14,0.05504587155963303
605016.SH,百龙创园,1245,2021-04-21,2026-06-11,False,False,0,0.0,26,12,0.030522088353413655
605018.SH,长华集团,1378,2020-09-29,2026-06-11,False,False,0,0.0,34,13,0.034107402031930335
605020.SH,永和股份,1192,2021-07-09,2026-06-11,False,False,0,0.0,32,9,0.034395973154362415
605028.SH,世茂能源,1182,2021-07-12,2026-06-11,False,False,0,0.0,36,11,0.03976311336717428
605033.SH,美邦股份,1143,2021-09-16,2026-06-11,False,False,0,0.0,36,13,0.04286964129483815
605050.SH,福然德,1381,2020-09-24,2026-06-11,False,False,0,0.0,22,9,0.022447501810282405
605055.SH,迎丰股份,1297,2021-01-29,2026-06-11,False,False,0,0.0,43,18,0.047031611410948346
605056.SH,咸亨国际,1185,2021-07-20,2026-06-11,False,False,0,0.0,23,8,0.026160337552742614
605058.SH,澳弘电子,1368,2020-10-21,2026-06-11,False,False,0,0.0,18,5,0.016812865497076022
605060.SH,联德股份,1281,2021-03-01,2026-06-11,False,False,0,0.0,30,5,0.0273224043715847
605066.SH,天正电气,1415,2020-08-07,2026-06-11,False,False,0,0.0,19,9,0.019787985865724382
605068.SH,明新旭腾,1345,2020-11-23,2026-06-11,False,False,0,0.0,28,4,0.02379182156133829
605069.SH,正和生态,1166,2021-08-16,2026-06-11,False,False,0,0.0,46,22,0.058319039451114926
605077.SH,华康股份,1285,2021-02-09,2026-06-11,False,False,0,0.0,10,7,0.013229571984435798
605080.SH,浙江自然,1237,2021-05-06,2026-06-11,False,False,0,0.0,23,9,0.025869037995149554
605081.SH,*ST太和,1260,2021-02-09,2026-06-11,True,False,0,0.0,14,12,0.020634920634920634
605086.SH,龙高股份,1248,2021-04-16,2026-06-11,False,False,0,0.0,40,13,0.04246794871794872
605088.SH,冠盛股份,1409,2020-08-17,2026-06-11,False,False,0,0.0,20,3,0.016323633782824698
605089.SH,味知香,1241,2021-04-27,2026-06-11,False,False,0,0.0,29,11,0.032232070910556
605090.SH,九丰能源,1213,2021-05-25,2026-06-11,False,False,0,0.0,13,5,0.01483924154987634
605098.SH,行动教育,1245,2021-04-21,2026-06-11,False,False,0,0.0,19,6,0.020080321285140562
605099.SH,共创草坪,1377,2020-09-30,2026-06-11,False,False,0,0.0,33,7,0.029048656499636893
605100.SH,华丰股份,1413,2020-08-11,2026-06-11,False,False,0,0.0,37,12,0.03467799009200283
605108.SH,同庆楼,1431,2020-07-16,2026-06-11,False,False,0,0.0,26,8,0.023759608665269043
605111.SH,新洁能,1379,2020-09-28,2026-06-11,False,False,0,0.0,46,12,0.04205946337926034
605116.SH,奥锐特,1384,2020-09-21,2026-06-11,False,False,0,0.0,28,8,0.02601156069364162
605117.SH,德业股份,1246,2021-04-20,2026-06-11,False,False,0,0.0,41,19,0.048154093097913325
605118.SH,力鼎光电,1421,2020-07-30,2026-06-11,False,False,0,0.0,44,14,0.04081632653061224
605122.SH,四方新材,1274,2021-03-10,2026-06-11,False,False,0,0.0,14,10,0.018838304552590265
605123.SH,派克新材,1403,2020-08-25,2026-06-11,False,False,0,0.0,22,7,0.020669992872416252
605128.SH,上海沿浦,1388,2020-09-15,2026-06-11,False,False,0,0.0,27,7,0.024495677233429394
605133.SH,嵘泰股份,1284,2021-02-24,2026-06-11,False,False,0,0.0,52,8,0.04672897196261682
605136.SH,丽人丽妆,1378,2020-09-29,2026-06-11,False,False,0,0.0,49,21,0.05079825834542816
605138.SH,盛泰集团,1121,2021-10-27,2026-06-11,False,False,0,0.0,28,9,0.03300624442462088
605151.SH,西上海,1329,2020-12-15,2026-06-11,False,False,0,0.0,33,10,0.03235515425131678
605155.SH,西大门,1317,2020-12-31,2026-06-11,False,False,0,0.0,19,13,0.024297646165527716
605158.SH,华达新材,1417,2020-08-05,2026-06-11,False,False,0,0.0,20,6,0.01834862385321101
605162.SH,新中港,1194,2021-07-07,2026-06-11,False,False,0,0.0,41,11,0.04355108877721943
605166.SH,聚合顺,1449,2020-06-18,2026-06-11,False,False,0,0.0,18,1,0.013112491373360938
605167.SH,利柏特,1181,2021-07-26,2026-06-11,False,False,0,0.0,32,7,0.03302286198137172
605168.SH,三人行,1464,2020-05-28,2026-06-11,False,False,0,0.0,39,13,0.03551912568306011
605169.SH,洪通燃气,1351,2020-10-30,2026-06-11,False,False,0,0.0,31,9,0.029607698001480384
605177.SH,东亚药业,1343,2020-11-25,2026-06-11,False,False,0,0.0,14,3,0.012658227848101266
605178.SH,时空科技,1391,2020-08-21,2026-06-11,False,False,0,0.0,46,23,0.04960460100647016
605179.SH,一鸣食品,1320,2020-12-28,2026-06-11,False,False,0,0.0,43,10,0.04015151515151515
605180.SH,华生科技,1238,2021-04-30,2026-06-11,False,False,0,0.0,27,16,0.034733441033925685
605183.SH,确成股份,1335,2020-12-07,2026-06-11,False,False,0,0.0,17,6,0.017228464419475654
605186.SH,健麾信息,1324,2020-12-22,2026-06-11,False,False,0,0.0,40,3,0.0324773413897281
605188.SH,国光连锁,1423,2020-07-28,2026-06-11,False,False,0,0.0,65,27,0.0646521433591005
605189.SH,富春染织,1221,2021-05-28,2026-06-11,False,False,0,0.0,9,6,0.012285012285012284
605196.SH,华通线缆,1234,2021-05-11,2026-06-11,False,False,0,0.0,35,8,0.03484602917341977
605198.SH,安德利,1385,2020-09-18,2026-06-11,False,False,0,0.0,43,13,0.04043321299638989
605199.SH,ST葫芦娃,1434,2020-07-10,2026-06-11,True,False,0,0.0,52,12,0.044630404463040445
605208.SH,永茂泰,1276,2021-03-08,2026-06-11,False,False,0,0.0,38,18,0.0438871473354232
605218.SH,伟时电子,1379,2020-09-28,2026-06-11,False,False,0,0.0,45,20,0.04713560551124003
605222.SH,起帆电缆,1420,2020-07-31,2026-06-11,False,False,0,0.0,19,1,0.014084507042253521
605228.SH,神通科技,1304,2021-01-20,2026-06-11,False,False,0,0.0,42,12,0.04141104294478527
605255.SH,天普股份,1370,2020-08-25,2026-06-11,False,False,0,0.0,59,23,0.059854014598540145
605258.SH,协和电子,1337,2020-12-03,2026-06-11,False,False,0,0.0,37,12,0.03664921465968586
605259.SH,绿田机械,1210,2021-06-15,2026-06-11,False,False,0,0.0,11,5,0.013223140495867768
605266.SH,健之佳,1339,2020-12-01,2026-06-11,False,False,0,0.0,21,7,0.020911127707244213
605268.SH,王力安防,1284,2021-02-24,2026-06-11,False,False,0,0.0,26,9,0.027258566978193146
605277.SH,新亚电子,1314,2021-01-06,2026-06-11,False,False,0,0.0,45,12,0.04337899543378995
605286.SH,同力日升,1256,2021-03-22,2026-06-11,False,False,0,0.0,47,10,0.04538216560509554
605287.SH,德才股份,1195,2021-07-06,2026-06-11,False,False,0,0.0,30,13,0.03598326359832636
605288.SH,凯迪股份,1462,2020-06-01,2026-06-11,False,False,0,0.0,29,10,0.02667578659370725
605289.SH,罗曼股份,1242,2021-04-26,2026-06-11,False,False,0,0.0,56,18,0.05958132045088567
605296.SH,神农集团,1221,2021-05-28,2026-06-11,False,False,0,0.0,7,2,0.007371007371007371
605298.SH,必得科技,1281,2021-03-01,2026-06-11,False,False,0,0.0,36,10,0.03590944574551132
605299.SH,舒华体育,1329,2020-12-15,2026-06-11,False,False,0,0.0,49,17,0.04966139954853273
605300.SH,佳禾食品,1238,2021-04-30,2026-06-11,False,False,0,0.0,28,7,0.02827140549273021
605303.SH,园林股份,1281,2021-03-01,2026-06-11,False,False,0,0.0,41,21,0.04839968774395004
605305.SH,中际联合,1237,2021-05-06,2026-06-11,False,False,0,0.0,21,6,0.021827000808407437
605318.SH,法狮龙,1418,2020-08-03,2026-06-11,False,False,0,0.0,30,7,0.02609308885754584
605319.SH,无锡振华,1208,2021-06-07,2026-06-11,False,False,0,0.0,24,4,0.023178807947019868
605333.SH,沪光股份,1408,2020-08-18,2026-06-11,False,False,0,0.0,55,8,0.044744318181818184
605336.SH,帅丰电器,1369,2020-10-19,2026-06-11,False,False,0,0.0,19,8,0.019722425127830533
605337.SH,李子园,1291,2021-02-08,2026-06-11,False,False,0,0.0,32,6,0.02943454686289698
605338.SH,巴比食品,1375,2020-10-12,2026-06-11,False,False,0,0.0,29,3,0.02327272727272727
605339.SH,南侨食品,1229,2021-05-18,2026-06-11,False,False,0,0.0,17,3,0.01627339300244101
605358.SH,立昂微,1390,2020-09-11,2026-06-11,False,False,0,0.0,64,9,0.05251798561151079
605365.SH,立达信,1185,2021-07-20,2026-06-11,False,False,0,0.0,21,9,0.02531645569620253
605366.SH,宏柏新材,1412,2020-08-12,2026-06-11,False,False,0,0.0,40,18,0.04107648725212465
605368.SH,蓝天燃气,1296,2021-01-29,2026-06-11,False,False,0,0.0,6,5,0.008487654320987654
605369.SH,拱东医疗,1387,2020-09-16,2026-06-11,False,False,0,0.0,20,14,0.024513338139870222
605376.SH,博迁新材,1334,2020-12-08,2026-06-11,False,False,0,0.0,48,11,0.04422788605697151
605377.SH,华旺科技,1320,2020-12-28,2026-06-11,False,False,0,0.0,2,4,0.004545454545454545
605378.SH,野马电池,1252,2021-04-12,2026-06-11,False,False,0,0.0,37,11,0.038338658146964855
605388.SH,均瑶健康,1408,2020-08-18,2026-06-11,False,False,0,0.0,38,9,0.033380681818181816
605389.SH,长龄液压,1248,2021-03-22,2026-06-11,False,False,0,0.0,25,11,0.028846153846153848
605398.SH,新炬网络,1303,2021-01-21,2026-06-11,False,False,0,0.0,58,20,0.059861857252494245
605399.SH,晨光新材,1418,2020-08-04,2026-06-11,False,False,0,0.0,47,17,0.045133991537376586
605488.SH,福莱新材,1232,2021-05-13,2026-06-11,False,False,0,0.0,35,15,0.040584415584415584
605499.SH,东鹏饮料,1222,2021-05-27,2026-06-11,False,False,0,0.0,20,3,0.018821603927986905
605500.SH,森林包装,1324,2020-12-22,2026-06-11,False,False,0,0.0,10,9,0.014350453172205438
605507.SH,国邦医药,1176,2021-08-02,2026-06-11,False,False,0,0.0,6,3,0.007653061224489796
605555.SH,德昌股份,1121,2021-10-21,2026-06-11,False,False,0,0.0,22,10,0.028545941123996433
605566.SH,福莱蒽特,1123,2021-10-25,2026-06-11,False,False,0,0.0,15,5,0.017809439002671415
605567.SH,春雪食品,1131,2021-10-13,2026-06-11,False,False,0,0.0,11,7,0.015915119363395226
605577.SH,龙版传媒,1160,2021-08-24,2026-06-11,False,False,0,0.0,48,19,0.05775862068965517
605580.SH,恒盛能源,1163,2021-08-19,2026-06-11,False,False,0,0.0,34,13,0.040412725709372314
605588.SH,冠石科技,1168,2021-08-12,2026-06-11,False,False,0,0.0,43,14,0.0488013698630137
605589.SH,圣泉集团,1170,2021-08-10,2026-06-11,False,False,0,0.0,16,5,0.017948717948717947
605598.SH,上海港湾,1142,2021-09-17,2026-06-11,False,False,0,0.0,53,15,0.0595446584938704
605599.SH,菜百股份,1148,2021-09-09,2026-06-11,False,False,0,0.0,12,2,0.012195121951219513
688001.SH,华兴源创,1670,2019-07-22,2026-06-11,False,False,0,0.0,29,8,0.02215568862275449
688002.SH,睿创微纳,1670,2019-07-22,2026-06-11,False,False,0,0.0,18,7,0.014970059880239521
688003.SH,天准科技,1670,2019-07-22,2026-06-11,False,False,0,0.0,25,10,0.020958083832335328
688004.SH,博汇科技,1453,2020-06-12,2026-06-11,False,False,0,0.0,17,15,0.02202339986235375
688005.SH,容百科技,1666,2019-07-22,2026-06-11,False,False,0,0.0,38,17,0.033013205282112844
688006.SH,杭可科技,1670,2019-07-22,2026-06-11,False,False,0,0.0,24,12,0.02155688622754491
688007.SH,光峰科技,1670,2019-07-22,2026-06-11,False,False,0,0.0,15,6,0.012574850299401197
688008.SH,澜起科技,1670,2019-07-22,2026-06-11,False,False,0,0.0,17,8,0.014970059880239521
688009.SH,中国通号,1670,2019-07-22,2026-06-11,False,False,0,0.0,7,3,0.005988023952095809
688010.SH,福光股份,1670,2019-07-22,2026-06-11,False,False,0,0.0,25,13,0.022754491017964073
688011.SH,新光光电,1670,2019-07-22,2026-06-11,False,False,0,0.0,25,16,0.024550898203592814
688012.SH,中微公司,1661,2019-07-22,2026-06-11,False,False,0,0.0,30,9,0.023479831426851294
688013.SH,天臣医疗,1379,2020-09-28,2026-06-11,False,False,0,0.0,9,4,0.009427121102248005
688015.SH,交控科技,1670,2019-07-22,2026-06-11,False,False,0,0.0,11,11,0.013173652694610778
688016.SH,心脉医疗,1670,2019-07-22,2026-06-11,False,False,0,0.0,19,11,0.017964071856287425
688017.SH,绿的谐波,1400,2020-08-28,2026-06-11,False,False,0,0.0,42,19,0.04357142857142857
688018.SH,乐鑫科技,1670,2019-07-22,2026-06-11,False,False,0,0.0,28,15,0.025748502994011976
688019.SH,安集科技,1670,2019-07-22,2026-06-11,False,False,0,0.0,35,18,0.03173652694610778
688020.SH,方邦股份,1670,2019-07-22,2026-06-11,False,False,0,0.0,32,16,0.02874251497005988
688021.SH,奥福科技,1599,2019-11-06,2026-06-11,False,False,0,0.0,21,13,0.021263289555972485
688022.SH,瀚川智能,1669,2019-07-22,2026-06-11,False,False,0,0.0,24,16,0.02396644697423607
688023.SH,安恒信息,1600,2019-11-05,2026-06-11,False,False,0,0.0,34,12,0.02875
688025.SH,杰普特,1603,2019-10-31,2026-06-11,False,False,0,0.0,29,8,0.023081721771678103
688026.SH,洁特生物,1545,2020-01-22,2026-06-11,False,False,0,0.0,20,11,0.020064724919093852
688027.SH,国盾量子,1432,2020-07-09,2026-06-11,False,False,0,0.0,27,7,0.023743016759776536
688028.SH,沃尔德,1661,2019-07-22,2026-06-11,False,False,0,0.0,35,13,0.028898254063816978
688029.SH,南微医学,1668,2019-07-22,2026-06-11,False,False,0,0.0,15,6,0.012589928057553957
688030.SH,山石网科,1621,2019-09-30,2026-06-11,False,False,0,0.0,13,9,0.013571869216533004
688031.SH,星环科技-U,885,2022-10-18,2026-06-11,False,False,0,0.0,43,16,0.06666666666666667
688032.SH,禾迈股份,1083,2021-12-20,2026-06-11,False,False,0,0.0,23,9,0.029547553093259463
688033.SH,天宜新材,1669,2019-07-22,2026-06-11,False,False,0,0.0,20,13,0.019772318753744758
688035.SH,德邦科技,901,2022-09-19,2026-06-11,False,False,0,0.0,16,8,0.026637069922308545
688036.SH,传音控股,1621,2019-09-30,2026-06-11,False,False,0,0.0,22,12,0.020974706971005553
688037.SH,芯源微,1568,2019-12-16,2026-06-11,False,False,0,0.0,53,19,0.04591836734693878
688038.SH,中科通达,1180,2021-07-13,2026-06-11,False,False,0,0.0,10,6,0.013559322033898305
688039.SH,当虹科技,1574,2019-12-11,2026-06-11,False,False,0,0.0,47,15,0.03939008894536213
688041.SH,海光信息,916,2022-08-12,2026-06-11,False,False,0,0.0,20,5,0.027292576419213975
688045.SH,必易微,981,2022-05-26,2026-06-11,False,False,0,0.0,13,6,0.019367991845056064
688046.SH,药康生物,1001,2022-04-25,2026-06-11,False,False,0,0.0,10,4,0.013986013986013986
688047.SH,龙芯中科,961,2022-06-24,2026-06-11,False,False,0,0.0,19,5,0.02497398543184183
688048.SH,长光华芯,1015,2022-04-01,2026-06-11,False,False,0,0.0,38,13,0.05024630541871921
688049.SH,炬芯科技,1098,2021-11-29,2026-06-11,False,False,0,0.0,14,9,0.020947176684881604
688050.SH,爱博医疗,1422,2020-07-29,2026-06-11,False,False,0,0.0,13,7,0.014064697609001406
688051.SH,佳华科技,1499,2020-03-20,2026-06-11,False,False,0,0.0,23,18,0.027351567711807873
688052.SH,纳芯微,1002,2022-04-22,2026-06-11,False,False,0,0.0,18,3,0.020958083832335328
688053.SH,ST思科瑞,950,2022-07-08,2026-06-11,True,False,0,0.0,15,7,0.023157894736842106
688055.SH,龙腾光电,1409,2020-08-17,2026-06-11,False,False,0,0.0,10,6,0.0113555713271824
688056.SH,莱伯泰科,1397,2020-09-02,2026-06-11,False,False,0,0.0,20,8,0.020042949176807445
688057.SH,金达莱,1353,2020-11-11,2026-06-11,False,False,0,0.0,2,3,0.003695491500369549
688058.SH,宝兰德,1602,2019-11-01,2026-06-11,False,False,0,0.0,29,18,0.02933832709113608
688059.SH,华锐精密,1291,2021-02-08,2026-06-11,False,False,0,0.0,19,8,0.020914020139426802
688060.SH,云涌科技,1435,2020-07-10,2026-06-11,False,False,0,0.0,11,11,0.015331010452961672
688061.SH,灿瑞科技,885,2022-10-18,2026-06-11,False,False,0,0.0,5,5,0.011299435028248588
688062.SH,迈威生物-U,1063,2022-01-18,2026-06-11,False,False,0,0.0,16,5,0.01975540921919097
688063.SH,派能科技,1318,2020-12-30,2026-06-11,False,False,0,0.0,29,20,0.03717754172989378
688065.SH,凯赛生物,1408,2020-08-12,2026-06-11,False,False,0,0.0,9,2,0.0078125
688066.SH,航天宏图,1669,2019-07-22,2026-06-11,False,False,0,0.0,30,21,0.03055721989215099
688067.SH,爱威科技,1209,2021-06-16,2026-06-11,False,False,0,0.0,3,5,0.006617038875103391
688068.SH,热景生物,1620,2019-09-30,2026-06-11,False,False,0,0.0,65,21,0.05308641975308642
688069.SH,德林海,1427,2020-07-22,2026-06-11,False,False,0,0.0,11,10,0.014716187806587245
688070.SH,纵横股份,1289,2021-02-10,2026-06-11,False,False,0,0.0,21,14,0.027152831652443754
688071.SH,华依科技,1178,2021-07-29,2026-06-11,False,False,0,0.0,32,9,0.03480475382003396
688072.SH,拓荆科技,1004,2022-04-20,2026-06-11,False,False,0,0.0,24,7,0.030876494023904383
688073.SH,毕得医药,880,2022-10-11,2026-06-11,False,False,0,0.0,15,7,0.025
688075.SH,安旭生物,1105,2021-11-18,2026-06-11,False,False,0,0.0,24,14,0.034389140271493215
688076.SH,ST诺泰,1226,2021-05-20,2026-06-11,True,False,0,0.0,15,10,0.020391517128874388
688077.SH,大地熊,1427,2020-07-22,2026-06-11,False,False,0,0.0,26,12,0.026629292221443588
688078.SH,龙软科技,1561,2019-12-30,2026-06-11,False,False,0,0.0,23,7,0.019218449711723255
688079.SH,美迪凯,1280,2021-03-02,2026-06-11,False,False,0,0.0,15,9,0.01875
688080.SH,映翰通,1536,2020-02-12,2026-06-11,False,False,0,0.0,23,13,0.0234375
688081.SH,兴图新科,1557,2020-01-06,2026-06-11,False,False,0,0.0,22,13,0.0224791265253693
688082.SH,盛美上海,1105,2021-11-18,2026-06-11,False,False,0,0.0,18,6,0.02171945701357466
688083.SH,中望软件,1273,2021-03-11,2026-06-11,False,False,0,0.0,16,11,0.021209740769835034
688084.SH,晶品特装,848,2022-12-08,2026-06-11,False,False,0,0.0,16,7,0.027122641509433963
688085.SH,三友医疗,1492,2020-04-09,2026-06-11,False,False,0,0.0,15,10,0.01675603217158177
688087.SH,英科再生,1192,2021-07-09,2026-06-11,False,False,0,0.0,8,6,0.01174496644295302
688088.SH,虹软科技,1670,2019-07-22,2026-06-11,False,False,0,0.0,30,12,0.025149700598802394
688089.SH,嘉必优,1558,2019-12-19,2026-06-11,False,False,0,0.0,13,14,0.017329910141206675
688090.SH,瑞松科技,1533,2020-02-17,2026-06-11,False,False,0,0.0,23,14,0.024135681669928244
688091.SH,上海谊众,1148,2021-09-09,2026-06-11,False,False,0,0.0,24,13,0.032229965156794424
688092.SH,爱科科技,1267,2021-03-19,2026-06-11,False,False,0,0.0,6,7,0.010260457774269928
688093.SH,世华科技,1377,2020-09-30,2026-06-11,False,False,0,0.0,8,7,0.010893246187363835
688095.SH,福昕软件,1393,2020-09-08,2026-06-11,False,False,0,0.0,30,15,0.03230437903804738
688096.SH,京源环保,1496,2020-04-09,2026-06-11,False,False,0,0.0,14,11,0.016711229946524065
688097.SH,博众精工,1233,2021-05-12,2026-06-11,False,False,0,0.0,19,5,0.019464720194647202
688098.SH,申联生物,1606,2019-10-28,2026-06-11,False,False,0,0.0,19,14,0.02054794520547945
688099.SH,晶晨股份,1657,2019-08-08,2026-06-11,False,False,0,0.0,17,7,0.01448400724200362
688100.SH,威胜信息,1546,2020-01-21,2026-06-11,False,False,0,0.0,7,7,0.009055627425614488
688101.SH,三达膜,1592,2019-11-15,2026-06-11,False,False,0,0.0,11,5,0.010050251256281407
688102.SH,斯瑞新材,1027,2022-03-16,2026-06-11,False,False,0,0.0,16,7,0.022395326192794548
688103.SH,国力电子,1147,2021-09-10,2026-06-11,False,False,0,0.0,15,2,0.014821272885789015
688105.SH,诺唯赞,1108,2021-11-15,2026-06-11,False,False,0,0.0,15,9,0.021660649819494584
688106.SH,金宏气体,1451,2020-06-16,2026-06-11,False,False,0,0.0,12,7,0.013094417643004824
688107.SH,安路科技,1109,2021-11-12,2026-06-11,False,False,0,0.0,27,3,0.027051397655545536
688108.SH,赛诺医疗,1604,2019-10-30,2026-06-11,False,False,0,0.0,27,11,0.02369077306733167
688109.SH,品茗科技,1255,2021-03-30,2026-06-11,False,False,0,0.0,23,18,0.03266932270916335
688110.SH,东芯股份,1086,2021-12-10,2026-06-11,False,False,0,0.0,26,11,0.03406998158379374
688111.SH,金山办公,1591,2019-11-18,2026-06-11,False,False,0,0.0,22,8,0.018856065367693273
688112.SH,鼎阳科技,1096,2021-12-01,2026-06-11,False,False,0,0.0,12,7,0.017335766423357664
688113.SH,联测科技,1237,2021-05-06,2026-06-11,False,False,0,0.0,11,9,0.016168148746968473
688114.SH,华大智造,906,2022-09-09,2026-06-11,False,False,0,0.0,14,5,0.02097130242825607
688115.SH,思林杰,1019,2022-03-14,2026-06-11,False,False,0,0.0,18,7,0.02453385672227674
688116.SH,天奈科技,1624,2019-09-25,2026-06-11,False,False,0,0.0,31,18,0.03017241379310345
688117.SH,圣诺生物,1217,2021-06-03,2026-06-11,False,False,0,0.0,15,11,0.021364009860312245
688118.SH,普元信息,1579,2019-12-04,2026-06-11,False,False,0,0.0,27,10,0.023432552248258392
688119.SH,中钢洛耐,975,2022-06-06,2026-06-11,False,False,0,0.0,4,6,0.010256410256410256
688120.SH,华海清科,973,2022-06-08,2026-06-11,False,False,0,0.0,9,7,0.01644398766700925
688121.SH,卓然股份,1124,2021-09-06,2026-04-30,False,False,0,0.0,9,8,0.015124555160142349
688122.SH,西部超导,1670,2019-07-22,2026-06-11,False,False,0,0.0,13,11,0.01437125748502994
688123.SH,聚辰股份,1566,2019-12-23,2026-06-11,False,False,0,0.0,34,17,0.032567049808429116
688125.SH,安达智能,1007,2022-04-15,2026-06-11,False,False,0,0.0,14,4,0.01787487586891758
688126.SH,沪硅产业,1479,2020-04-20,2026-06-11,False,False,0,0.0,29,7,0.02434077079107505
688127.SH,蓝特光学,1384,2020-09-21,2026-06-11,False,False,0,0.0,17,7,0.017341040462427744
688128.SH,中国电研,1600,2019-11-05,2026-06-11,False,False,0,0.0,18,8,0.01625
688129.SH,东来技术,1366,2020-10-23,2026-06-11,False,False,0,0.0,7,4,0.008052708638360176
688130.SH,晶华微,936,2022-07-29,2026-06-11,False,False,0,0.0,11,7,0.019230769230769232
688131.SH,皓元医药,1204,2021-06-08,2026-06-11,False,False,0,0.0,16,13,0.02408637873754153
688132.SH,邦彦技术,891,2022-09-23,2026-06-11,False,False,0,0.0,7,6,0.014590347923681257
688133.SH,泰坦科技,1361,2020-10-30,2026-06-11,False,False,0,0.0,19,10,0.0213078618662748
688135.SH,利扬芯片,1353,2020-11-11,2026-06-11,False,False,0,0.0,19,9,0.020694752402069475
688136.SH,科兴制药,1330,2020-12-14,2026-06-11,False,False,0,0.0,28,9,0.027819548872180452
688137.SH,近岸蛋白,893,2022-09-29,2026-06-11,False,False,0,0.0,10,4,0.015677491601343786
688138.SH,清溢光电,1589,2019-11-20,2026-06-11,False,False,0,0.0,26,13,0.024543738200125866
688139.SH,海尔生物,1597,2019-10-25,2026-06-11,False,False,0,0.0,8,6,0.008766437069505322
688141.SH,杰华特,837,2022-12-23,2026-06-11,False,False,0,0.0,28,9,0.04420549581839905
688143.SH,长盈通,837,2022-12-12,2026-06-11,False,False,0,0.0,25,6,0.037037037037037035
688146.SH,中船特气,759,2023-04-21,2026-06-11,False,False,0,0.0,18,5,0.030303030303030304
688147.SH,微导纳米,837,2022-12-23,2026-06-11,False,False,0,0.0,20,4,0.02867383512544803
688148.SH,芳源股份,1172,2021-08-06,2026-06-11,False,False,0,0.0,19,7,0.02218430034129693
688150.SH,莱特光电,1025,2022-03-18,2026-06-11,False,False,0,0.0,15,9,0.023414634146341463
688151.SH,华强科技,1093,2021-12-06,2026-06-11,False,False,0,0.0,8,3,0.010064043915827997
688152.SH,麒麟信安,877,2022-10-28,2026-06-11,False,False,0,0.0,12,7,0.021664766248574687
688153.SH,唯捷创芯,1010,2022-04-12,2026-06-11,False,False,0,0.0,18,6,0.023762376237623763
688155.SH,先惠技术,1413,2020-08-11,2026-06-11,False,False,0,0.0,22,9,0.021939136588818117
688156.SH,路德环境,1383,2020-09-22,2026-06-11,False,False,0,0.0,9,3,0.008676789587852495
688157.SH,松井股份,1446,2020-06-09,2026-06-11,False,False,0,0.0,11,5,0.011065006915629323
688158.SH,优刻得-W,1547,2020-01-20,2026-06-11,False,False,0,0.0,41,15,0.03619909502262444
688159.SH,有方科技,1544,2020-01-23,2026-06-11,False,False,0,0.0,34,12,0.029792746113989636
688160.SH,步科股份,1352,2020-11-12,2026-06-11,False,False,0,0.0,41,10,0.03772189349112426
688161.SH,威高骨科,1199,2021-06-30,2026-06-11,False,False,0,0.0,8,5,0.010842368640533779
688162.SH,巨一科技,1111,2021-11-10,2026-06-11,False,False,0,0.0,11,9,0.018001800180018002
688163.SH,赛伦生物,1030,2022-03-11,2026-06-11,False,False,0,0.0,7,8,0.014563106796116505
688165.SH,埃夫特-U,1422,2020-07-15,2026-06-11,False,False,0,0.0,27,10,0.026019690576652602
688166.SH,博瑞医药,1597,2019-11-08,2026-06-11,False,False,0,0.0,19,10,0.018159048215403883
688167.SH,炬光科技,1079,2021-12-24,2026-06-11,False,False,0,0.0,28,13,0.037998146431881374
688168.SH,安博通,1636,2019-09-06,2026-06-11,False,False,0,0.0,23,17,0.02444987775061125
688169.SH,石头科技,1529,2020-02-21,2026-06-11,False,False,0,0.0,14,13,0.01765860039241334
688170.SH,德龙激光,997,2022-04-29,2026-06-11,False,False,0,0.0,21,8,0.029087261785356068
688171.SH,纬德信息,1056,2022-01-27,2026-06-11,False,False,0,0.0,14,9,0.021780303030303032
688172.SH,燕东微,842,2022-12-16,2026-06-11,False,False,0,0.0,22,8,0.035629453681710214
688173.SH,希荻微,1051,2022-01-21,2026-06-11,False,False,0,0.0,18,11,0.02759276879162702
688175.SH,高凌信息,1010,2022-03-15,2026-06-11,False,False,0,0.0,8,8,0.015841584158415842
688176.SH,亚虹医药-U,1070,2022-01-07,2026-06-11,False,False,0,0.0,12,2,0.013084112149532711
688177.SH,百奥泰,1529,2020-02-21,2026-06-11,False,False,0,0.0,14,6,0.013080444735120994
688178.SH,万德斯,1536,2020-01-14,2026-06-11,False,False,0,0.0,12,8,0.013020833333333334
688179.SH,阿拉丁,1365,2020-10-26,2026-06-11,False,False,0,0.0,21,14,0.02564102564102564
688180.SH,君实生物-U,1432,2020-07-15,2026-06-11,False,False,0,0.0,19,10,0.020251396648044692
688181.SH,八亿时空,1557,2020-01-06,2026-06-11,False,False,0,0.0,10,11,0.01348747591522158
688182.SH,灿勤科技,1107,2021-11-16,2026-06-11,False,False,0,0.0,27,7,0.03071364046973803
688183.SH,生益电子,1283,2021-02-25,2026-06-11,False,False,0,0.0,34,9,0.03351519875292284
688184.SH,ST帕瓦,900,2022-09-19,2026-06-11,True,False,0,0.0,2,4,0.006666666666666667
688185.SH,康希诺,1411,2020-08-13,2026-06-11,False,False,0,0.0,27,15,0.029766123316796598
688186.SH,广大特材,1537,2020-02-11,2026-06-11,False,False,0,0.0,16,9,0.01626545217957059
688187.SH,时代电气,1150,2021-09-07,2026-06-11,False,False,0,0.0,9,3,0.010434782608695653
688188.SH,柏楚电子,1657,2019-08-08,2026-06-11,False,False,0,0.0,6,8,0.008449004224502113
688189.SH,南新制药,1494,2020-03-26,2026-06-11,False,False,0,0.0,25,15,0.02677376171352075
688190.SH,云路股份,1099,2021-11-26,2026-06-11,False,False,0,0.0,7,3,0.009099181073703366
688191.SH,智洋创新,1244,2021-04-08,2026-06-11,False,False,0,0.0,18,11,0.023311897106109324
688192.SH,迪哲医药-U,1089,2021-12-10,2026-06-11,False,False,0,0.0,12,5,0.015610651974288337
688193.SH,仁度生物,1012,2022-03-30,2026-06-11,False,False,0,0.0,5,4,0.008893280632411068
688195.SH,腾景科技,1252,2021-03-26,2026-06-11,False,False,0,0.0,47,12,0.04712460063897764
688196.SH,卓越新能,1588,2019-11-21,2026-06-11,False,False,0,0.0,22,8,0.018891687657430732
688197.SH,首药控股-U,1022,2022-03-23,2026-06-11,False,False,0,0.0,14,3,0.016634050880626222
688198.SH,佰仁医疗,1576,2019-12-09,2026-06-11,False,False,0,0.0,21,9,0.01903553299492386
688199.SH,久日新材,1600,2019-11-05,2026-06-11,False,False,0,0.0,10,7,0.010625
688200.SH,华峰测控,1532,2020-02-18,2026-06-11,False,False,0,0.0,25,11,0.02349869451697128
688201.SH,信安世纪,1241,2021-04-21,2026-06-11,False,False,0,0.0,25,12,0.029814665592264304
688202.SH,美迪西,1600,2019-11-05,2026-06-11,False,False,0,0.0,33,15,0.03
688203.SH,海正生材,924,2022-08-16,2026-06-11,False,False,0,0.0,9,7,0.017316017316017316
688205.SH,德科立,929,2022-08-09,2026-06-11,False,False,0,0.0,44,21,0.06996770721205597
688206.SH,概伦电子,1067,2021-12-28,2026-06-11,False,False,0,0.0,17,1,0.016869728209934397
688207.SH,格灵深瞳,1026,2022-03-17,2026-06-11,False,False,0,0.0,17,9,0.025341130604288498
688208.SH,道通科技,1535,2020-02-13,2026-06-11,False,False,0,0.0,14,11,0.016286644951140065
688209.SH,英集芯,995,2022-04-19,2026-06-11,False,False,0,0.0,13,3,0.016080402010050253
688210.SH,统联精密,1078,2021-12-27,2026-06-11,False,False,0,0.0,18,13,0.0287569573283859
688211.SH,中科微至,1122,2021-10-26,2026-06-11,False,False,0,0.0,4,3,0.006238859180035651
688212.SH,澳华内镜,1108,2021-11-15,2026-06-11,False,False,0,0.0,7,4,0.009927797833935019
688213.SH,思特威-W,985,2022-05-20,2026-06-11,False,False,0,0.0,13,2,0.015228426395939087
688215.SH,瑞晟智能,1400,2020-08-28,2026-06-11,False,False,0,0.0,8,10,0.012857142857142857
688216.SH,气派科技,1204,2021-06-23,2026-06-11,False,False,0,0.0,17,13,0.024916943521594685
688217.SH,睿昂基因,1230,2021-05-17,2026-06-11,False,False,0,0.0,14,9,0.01869918699186992
688218.SH,江苏北人,1574,2019-12-11,2026-06-11,False,False,0,0.0,25,12,0.023506988564167726
688219.SH,会通股份,1348,2020-11-18,2026-06-11,False,False,0,0.0,7,5,0.008902077151335312
688220.SH,翱捷科技-U,1065,2022-01-14,2026-06-11,False,False,0,0.0,18,5,0.0215962441314554
688221.SH,前沿生物-U,1363,2020-10-28,2026-06-11,False,False,0,0.0,24,11,0.025678650036683785
688222.SH,成都先导,1491,2020-04-16,2026-06-11,False,False,0,0.0,25,11,0.02414486921529175
688223.SH,晶科能源,1057,2022-01-26,2026-06-11,False,False,0,0.0,11,5,0.015137180700094607
688225.SH,亚信安全,1052,2022-02-09,2026-06-11,False,False,0,0.0,14,7,0.019961977186311788
688226.SH,威腾电气,1194,2021-07-07,2026-06-11,False,False,0,0.0,20,6,0.021775544388609715
688227.SH,品高股份,1075,2021-12-30,2026-06-11,False,False,0,0.0,24,10,0.03162790697674418
688228.SH,开普云,1494,2020-03-27,2026-06-11,False,False,0,0.0,39,22,0.040829986613119144
688229.SH,博睿数据,1409,2020-08-17,2026-06-11,False,False,0,0.0,40,16,0.0397444996451384
688230.SH,芯导科技,1096,2021-12-01,2026-06-11,False,False,0,0.0,10,6,0.014598540145985401
688231.SH,隆达股份,941,2022-07-22,2026-06-11,False,False,0,0.0,8,4,0.012752391073326248
688232.SH,新点软件,1106,2021-11-17,2026-06-11,False,False,0,0.0,12,2,0.012658227848101266
688233.SH,神工股份,1529,2020-02-21,2026-06-11,False,False,0,0.0,33,16,0.032047089601046436
688234.SH,天岳先进,1067,2022-01-12,2026-06-11,False,False,0,0.0,24,5,0.02717900656044986
688235.SH,百济神州-U,1086,2021-12-15,2026-06-11,False,False,0,0.0,8,3,0.010128913443830571
688236.SH,春立医疗,1075,2021-12-30,2026-06-11,False,False,0,0.0,9,5,0.013023255813953489
688237.SH,超卓航科,951,2022-07-01,2026-06-11,False,False,0,0.0,12,6,0.01892744479495268
688238.SH,和元生物,1023,2022-03-22,2026-06-11,False,False,0,0.0,14,8,0.021505376344086023
688239.SH,航宇科技,1196,2021-07-05,2026-06-11,False,False,0,0.0,10,10,0.016722408026755852
688244.SH,永信至诚,884,2022-10-19,2026-06-11,False,False,0,0.0,24,10,0.038461538461538464
688246.SH,嘉和美康,1087,2021-12-14,2026-06-11,False,False,0,0.0,21,6,0.02483900643974241
688247.SH,宣泰医药,917,2022-08-25,2026-06-11,False,False,0,0.0,10,6,0.017448200654307525
688248.SH,南网科技,1081,2021-12-22,2026-06-11,False,False,0,0.0,25,5,0.027752081406105456
688249.SH,晶合集成,752,2023-05-05,2026-06-11,False,False,0,0.0,9,3,0.015957446808510637
688251.SH,井松智能,975,2022-06-06,2026-06-11,False,False,0,0.0,9,9,0.018461538461538463
688252.SH,天德钰,895,2022-09-27,2026-06-11,False,False,0,0.0,11,5,0.017877094972067038
688253.SH,英诺特,937,2022-07-28,2026-06-11,False,False,0,0.0,9,5,0.014941302027748132
688255.SH,凯尔达,1123,2021-10-25,2026-06-11,False,False,0,0.0,16,9,0.02226179875333927
688256.SH,寒武纪-U,1429,2020-07-20,2026-06-11,False,False,0,0.0,42,11,0.0370888733379986
688257.SH,新锐股份,1121,2021-10-27,2026-06-11,False,False,0,0.0,11,6,0.015165031222123104
688258.SH,卓易信息,1576,2019-12-09,2026-06-11,False,False,0,0.0,45,18,0.0399746192893401
688259.SH,创耀科技,1067,2022-01-12,2026-06-11,False,False,0,0.0,14,13,0.02530459231490159
688260.SH,昀冢科技,1256,2021-04-06,2026-06-11,False,False,0,0.0,46,13,0.046974522292993634
688261.SH,东微半导,1051,2022-02-10,2026-06-11,False,False,0,0.0,19,11,0.028544243577545196
688262.SH,国芯科技,1071,2022-01-06,2026-06-11,False,False,0,0.0,21,8,0.02707749766573296
688265.SH,南模生物,1077,2021-12-28,2026-06-11,False,False,0,0.0,11,1,0.011142061281337047
688266.SH,泽璟制药-U,1544,2020-01-23,2026-06-11,False,False,0,0.0,18,8,0.01683937823834197
688267.SH,中触媒,1047,2022-02-16,2026-06-11,False,False,0,0.0,7,3,0.009551098376313277
688268.SH,华特气体,1563,2019-12-26,2026-06-11,False,False,0,0.0,34,16,0.03198976327575176
688269.SH,凯立新材,1213,2021-06-09,2026-06-11,False,False,0,0.0,10,6,0.013190436933223413
688270.SH,臻镭科技,1055,2022-01-27,2026-06-11,False,False,0,0.0,23,10,0.031279620853080566
688271.SH,联影医疗,920,2022-08-22,2026-06-11,False,False,0,0.0,6,1,0.007608695652173913
688272.SH,富吉瑞,1126,2021-10-18,2026-06-11,False,False,0,0.0,20,10,0.02664298401420959
688273.SH,麦澜德,927,2022-08-11,2026-06-11,False,False,0,0.0,9,4,0.014023732470334413
688275.SH,万润新能,893,2022-09-29,2026-06-11,False,False,0,0.0,14,8,0.02463605823068309
688276.SH,百克生物,1202,2021-06-25,2026-06-11,False,False,0,0.0,12,3,0.012479201331114808
688277.SH,天智航-U,1438,2020-07-07,2026-06-11,False,False,0,0.0,19,11,0.02086230876216968
688278.SH,特宝生物,1548,2020-01-17,2026-06-11,False,False,0,0.0,22,4,0.016795865633074936
688279.SH,峰岹科技,1004,2022-04-20,2026-06-11,False,False,0,0.0,17,5,0.021912350597609563
688280.SH,精进电动-UW,1121,2021-10-27,2026-06-11,False,False,0,0.0,20,13,0.029438001784121322
688281.SH,华秦科技,1034,2022-03-07,2026-06-11,False,False,0,0.0,11,8,0.0183752417794971
688282.SH,理工导航,1023,2022-03-18,2026-06-11,False,False,0,0.0,14,9,0.022482893450635387
688283.SH,坤恒顺维,1048,2022-02-15,2026-06-11,False,False,0,0.0,12,11,0.02194656488549618
688285.SH,高铁电气,1126,2021-10-20,2026-06-11,False,False,0,0.0,4,2,0.0053285968028419185
688286.SH,敏芯股份,1414,2020-08-10,2026-06-11,False,False,0,0.0,28,10,0.026874115983026876
688287.SH,*ST观典,963,2022-05-25,2026-06-08,True,False,0,0.0,10,19,0.030114226375908618
688288.SH,鸿泉物联,1599,2019-11-06,2026-06-11,False,False,0,0.0,33,17,0.031269543464665414
688289.SH,圣湘生物,1400,2020-08-28,2026-06-11,False,False,0,0.0,6,4,0.007142857142857143
688290.SH,景业智能,997,2022-04-29,2026-06-11,False,False,0,0.0,18,6,0.024072216649949848
688291.SH,金橙子,870,2022-10-26,2026-06-11,False,False,0,0.0,17,6,0.026436781609195402
688292.SH,浩瀚深度,922,2022-08-18,2026-06-11,False,False,0,0.0,28,15,0.046637744034707156
688293.SH,奥浦迈,901,2022-09-02,2026-06-11,False,False,0,0.0,13,5,0.01997780244173141
688295.SH,中复神鹰,1014,2022-04-06,2026-06-11,False,False,0,0.0,11,3,0.013806706114398421
688296.SH,和达科技,1180,2021-07-27,2026-06-11,False,False,0,0.0,14,8,0.01864406779661017
688297.SH,中无人机,958,2022-06-29,2026-06-11,False,False,0,0.0,14,3,0.017745302713987474
688298.SH,东方生物,1541,2020-02-05,2026-06-11,False,False,0,0.0,30,21,0.03309539260220636
688299.SH,长阳科技,1599,2019-11-06,2026-06-11,False,False,0,0.0,13,5,0.01125703564727955
688300.SH,联瑞新材,1592,2019-11-15,2026-06-11,False,False,0,0.0,29,11,0.02512562814070352
688301.SH,奕瑞科技,1385,2020-09-18,2026-06-11,False,False,0,0.0,13,5,0.012996389891696752
688302.SH,海创药业-U,1010,2022-04-12,2026-06-11,False,False,0,0.0,20,7,0.026732673267326732
688303.SH,大全能源,1183,2021-07-22,2026-06-11,False,False,0,0.0,15,2,0.014370245139475908
688305.SH,科德数控,1192,2021-07-09,2026-06-11,False,False,0,0.0,10,4,0.01174496644295302
688306.SH,均普智能,1023,2022-03-22,2026-06-11,False,False,0,0.0,18,5,0.022482893450635387
688307.SH,中润光学,804,2023-02-16,2026-06-11,False,False,0,0.0,12,7,0.0236318407960199
688308.SH,欧科亿,1332,2020-12-10,2026-06-11,False,False,0,0.0,28,11,0.02927927927927928
688309.SH,恒誉环保,1431,2020-07-14,2026-06-11,False,False,0,0.0,10,10,0.013976240391334731
688310.SH,迈得医疗,1580,2019-12-03,2026-06-11,False,False,0,0.0,18,8,0.016455696202531647
688311.SH,盟升电子,1420,2020-07-31,2026-06-11,False,False,0,0.0,16,10,0.018309859154929577
688312.SH,燕麦科技,1457,2020-06-08,2026-06-11,False,False,0,0.0,15,3,0.012354152367879203
688313.SH,仕佳光子,1403,2020-08-12,2026-06-11,False,False,0,0.0,34,22,0.03991446899501069
688314.SH,康拓医疗,1229,2021-05-18,2026-06-11,False,False,0,0.0,12,4,0.013018714401952807
688315.SH,诺禾致源,1251,2021-04-13,2026-06-11,False,False,0,0.0,22,8,0.023980815347721823
688316.SH,青云科技-U,1270,2021-03-16,2026-06-11,False,False,0,0.0,44,15,0.046456692913385826
688317.SH,之江生物,1306,2021-01-18,2026-06-11,False,False,0,0.0,19,9,0.021439509954058193
688318.SH,财富趋势,1484,2020-04-27,2026-06-11,False,False,0,0.0,36,17,0.03571428571428571
688319.SH,欧林生物,1214,2021-06-08,2026-06-11,False,False,0,0.0,19,8,0.022240527182866558
688320.SH,禾川科技,998,2022-04-28,2026-06-11,False,False,0,0.0,31,7,0.03807615230460922
688321.SH,微芯生物,1655,2019-08-12,2026-06-11,False,False,0,0.0,13,8,0.012688821752265862
688322.SH,奥比中光-UW,952,2022-07-07,2026-06-11,False,False,0,0.0,20,10,0.031512605042016806
688323.SH,瑞华泰,1240,2021-04-28,2026-06-11,False,False,0,0.0,26,8,0.027419354838709678
688325.SH,赛微微电,1002,2022-04-22,2026-06-11,False,False,0,0.0,24,7,0.03093812375249501
688326.SH,经纬恒润-W,1005,2022-04-19,2026-06-11,False,False,0,0.0,18,5,0.022885572139303482
688327.SH,云从科技-UW,980,2022-05-27,2026-06-11,False,False,0,0.0,29,14,0.04387755102040816
688328.SH,深科达,1275,2021-03-09,2026-06-11,False,False,0,0.0,24,14,0.02980392156862745
688329.SH,艾隆科技,1261,2021-03-29,2026-06-11,False,False,0,0.0,15,9,0.0190325138778747
688330.SH,宏力达,1372,2020-10-15,2026-06-11,False,False,0,0.0,9,4,0.009475218658892129
688331.SH,荣昌生物,1016,2022-03-31,2026-06-11,False,False,0,0.0,31,10,0.040354330708661415
688332.SH,中科蓝讯,946,2022-07-15,2026-06-11,False,False,0,0.0,13,5,0.019027484143763214
688333.SH,铂力特,1670,2019-07-22,2026-06-11,False,False,0,0.0,28,18,0.027544910179640718
688334.SH,西高院,721,2023-06-19,2026-06-11,False,False,0,0.0,2,1,0.004160887656033287
688335.SH,复洁环保,1409,2020-08-17,2026-06-11,False,False,0,0.0,16,8,0.017033356990773598
688336.SH,三生国健,1427,2020-07-22,2026-06-11,False,False,0,0.0,17,2,0.013314646110721794
688337.SH,普源精电,1002,2022-04-08,2026-06-11,False,False,0,0.0,14,3,0.016966067864271458
688338.SH,赛科希德,1416,2020-08-06,2026-06-11,False,False,0,0.0,9,7,0.011299435028248588
688339.SH,亿华通-U,1404,2020-08-10,2026-06-11,False,False,0,0.0,20,10,0.021367521367521368
688343.SH,云天励飞-U,771,2023-04-04,2026-06-11,False,False,0,0.0,20,13,0.042801556420233464
688345.SH,博力威,1211,2021-06-11,2026-06-11,False,False,0,0.0,24,10,0.028075970272502065
688347.SH,华虹公司,678,2023-08-07,2026-06-11,False,False,0,0.0,18,6,0.035398230088495575
688348.SH,昱能科技,973,2022-06-08,2026-06-11,False,False,0,0.0,19,6,0.025693730729701953
688349.SH,三一重能,963,2022-06-22,2026-06-11,False,False,0,0.0,4,1,0.005192107995846314
688350.SH,富淼科技,1293,2021-01-28,2026-06-11,False,False,0,0.0,10,9,0.014694508894044857
688351.SH,微电生理,913,2022-08-31,2026-06-11,False,False,0,0.0,12,1,0.014238773274917854
688352.SH,颀中科技,760,2023-04-20,2026-06-11,False,False,0,0.0,6,3,0.011842105263157895
688353.SH,华盛锂电,948,2022-07-13,2026-06-11,False,False,0,0.0,23,8,0.03270042194092827
688355.SH,明志科技,1233,2021-05-12,2026-06-11,False,False,0,0.0,18,7,0.0202757502027575
688356.SH,键凯科技,1402,2020-08-26,2026-06-11,False,False,0,0.0,19,8,0.01925820256776034
688357.SH,建龙微纳,1579,2019-12-04,2026-06-11,False,False,0,0.0,17,8,0.015832805573147563
688358.SH,祥生医疗,1580,2019-12-03,2026-06-11,False,False,0,0.0,16,8,0.015189873417721518
688359.SH,三孚新科,1226,2021-05-21,2026-06-11,False,False,0,0.0,31,13,0.03588907014681892
688360.SH,德马科技,1451,2020-06-02,2026-06-11,False,False,0,0.0,19,9,0.019297036526533425
688361.SH,中科飞测,742,2023-05-19,2026-06-11,False,False,0,0.0,11,0,0.014824797843665768
688362.SH,甬矽电子,864,2022-11-16,2026-06-11,False,False,0,0.0,17,7,0.027777777777777776
688363.SH,华熙生物,1599,2019-11-06,2026-06-11,False,False,0,0.0,10,6,0.010006253908692933
688365.SH,光云科技,1482,2020-04-29,2026-06-11,False,False,0,0.0,49,23,0.048582995951417005
688366.SH,昊海生科,1604,2019-10-30,2026-06-11,False,False,0,0.0,18,11,0.01807980049875312
688367.SH,工大高科,1201,2021-06-28,2026-06-11,False,False,0,0.0,12,3,0.012489592006661115
688368.SH,晶丰明源,1596,2019-10-14,2026-06-11,False,False,0,0.0,38,20,0.03634085213032581
688369.SH,致远互联,1603,2019-10-31,2026-06-11,False,False,0,0.0,17,9,0.016219588271990017
688370.SH,丛麟科技,917,2022-08-25,2026-06-11,False,False,0,0.0,2,2,0.004362050163576881
688371.SH,菲沃泰,934,2022-08-02,2026-06-11,False,False,0,0.0,17,3,0.021413276231263382
688372.SH,伟测科技,879,2022-10-26,2026-06-11,False,False,0,0.0,15,7,0.02502844141069397
688373.SH,盟科药业-U,931,2022-08-05,2026-06-11,False,False,0,0.0,7,6,0.013963480128893663
688375.SH,国博电子,941,2022-07-22,2026-06-11,False,False,0,0.0,10,4,0.01487778958554729
688376.SH,美埃科技,862,2022-11-18,2026-06-11,False,False,0,0.0,11,2,0.015081206496519721
688377.SH,迪威尔,1437,2020-07-08,2026-06-11,False,False,0,0.0,13,7,0.013917884481558803
688378.SH,奥来德,1396,2020-09-03,2026-06-11,False,False,0,0.0,18,11,0.020773638968481375
688379.SH,华光新材,1407,2020-08-19,2026-06-11,False,False,0,0.0,18,9,0.019189765458422176
688380.SH,中微半导,931,2022-08-05,2026-06-11,False,False,0,0.0,10,4,0.015037593984962405
688381.SH,帝奥微,909,2022-08-23,2026-06-11,False,False,0,0.0,7,4,0.0121012101210121
688382.SH,益方生物-U,940,2022-07-25,2026-06-11,False,False,0,0.0,21,4,0.026595744680851064
688383.SH,新益昌,1240,2021-04-28,2026-06-11,False,False,0,0.0,23,8,0.025
688385.SH,复旦微电,1174,2021-08-04,2026-06-11,False,False,0,0.0,19,2,0.01788756388415673
688386.SH,泛亚微透,1371,2020-10-16,2026-06-11,False,False,0,0.0,18,7,0.01823486506199854
688387.SH,信科移动-U,896,2022-09-26,2026-06-11,False,False,0,0.0,14,4,0.020089285714285716
688388.SH,嘉元科技,1670,2019-07-22,2026-06-11,False,False,0,0.0,27,11,0.022754491017964073
688389.SH,普门科技,1600,2019-11-05,2026-06-11,False,False,0,0.0,13,8,0.013125
688390.SH,固德威,1395,2020-09-04,2026-06-11,False,False,0,0.0,45,18,0.04516129032258064
688391.SH,钜泉科技,905,2022-09-13,2026-06-11,False,False,0,0.0,6,5,0.012154696132596685
688392.SH,骄成超声,895,2022-09-27,2026-06-11,False,False,0,0.0,18,5,0.02569832402234637
688393.SH,安必平,1406,2020-08-20,2026-06-11,False,False,0,0.0,15,6,0.014935988620199146
688395.SH,正弦电气,1239,2021-04-29,2026-06-11,False,False,0,0.0,7,5,0.009685230024213076
688396.SH,华润微,1525,2020-02-27,2026-06-11,False,False,0,0.0,13,7,0.013114754098360656
688398.SH,赛特新材,1537,2020-02-11,2026-06-11,False,False,0,0.0,11,8,0.01236174365647365
688399.SH,硕世生物,1578,2019-12-05,2026-06-11,False,False,0,0.0,38,16,0.034220532319391636
688400.SH,凌云光,953,2022-07-06,2026-06-11,False,False,0,0.0,15,7,0.023084994753410283
688401.SH,路维光电,923,2022-08-17,2026-06-11,False,False,0,0.0,13,4,0.018418201516793065
688403.SH,汇成股份,922,2022-08-18,2026-06-11,False,False,0,0.0,11,2,0.014099783080260303
688408.SH,中信博,1400,2020-08-28,2026-06-11,False,False,0,0.0,37,14,0.03642857142857143
688409.SH,富创精密,891,2022-10-10,2026-06-11,False,False,0,0.0,17,4,0.02356902356902357
688410.SH,山外山,836,2022-12-26,2026-06-11,False,False,0,0.0,9,7,0.019138755980861243
688416.SH,恒烁股份,915,2022-08-29,2026-06-11,False,False,0,0.0,28,11,0.04262295081967213
688418.SH,震有科技,1427,2020-07-22,2026-06-11,False,False,0,0.0,28,11,0.027330063069376315
688419.SH,耐科装备,871,2022-11-07,2026-06-11,False,False,0,0.0,13,11,0.027554535017221583
688420.SH,美腾科技,847,2022-12-09,2026-06-11,False,False,0,0.0,3,2,0.0059031877213695395
688425.SH,铁建重工,1205,2021-06-22,2026-06-11,False,False,0,0.0,5,3,0.006639004149377593
688426.SH,康为世纪,880,2022-10-25,2026-06-11,False,False,0,0.0,9,9,0.020454545454545454
688428.SH,诺诚健华-U,899,2022-09-21,2026-06-11,False,False,0,0.0,11,4,0.01668520578420467
688429.SH,时创能源,715,2023-06-29,2026-06-11,False,False,0,0.0,12,3,0.02097902097902098
688432.SH,有研硅,868,2022-11-10,2026-06-11,False,False,0,0.0,7,1,0.009216589861751152
688433.SH,华曙高科,763,2023-04-17,2026-06-11,False,False,0,0.0,15,7,0.028833551769331587
688435.SH,英方软件,819,2023-01-19,2026-06-11,False,False,0,0.0,20,12,0.03907203907203907
688439.SH,振华风光,916,2022-08-26,2026-06-11,False,False,0,0.0,6,1,0.007641921397379912
688443.SH,智翔金泰-U,720,2023-06-20,2026-06-11,False,False,0,0.0,6,4,0.013888888888888888
688448.SH,磁谷科技,899,2022-09-21,2026-06-11,False,False,0,0.0,21,5,0.028921023359288096
688450.SH,光格科技,698,2023-07-24,2026-06-11,False,False,0,0.0,7,6,0.01862464183381089
688455.SH,科捷智能,903,2022-09-15,2026-06-11,False,False,0,0.0,7,5,0.013289036544850499
688456.SH,有研粉材,1269,2021-03-17,2026-06-11,False,False,0,0.0,15,7,0.017336485421591805
688458.SH,美芯晟,741,2023-05-22,2026-06-11,False,False,0,0.0,11,4,0.020242914979757085
688459.SH,哈铁科技,889,2022-10-12,2026-06-11,False,False,0,0.0,1,0,0.0011248593925759281
688466.SH,金科环境,1478,2020-05-08,2026-06-11,False,False,0,0.0,12,6,0.012178619756427604
688468.SH,科美诊断,1253,2021-04-09,2026-06-11,False,False,0,0.0,20,9,0.02314445331205108
688469.SH,芯联集成-U,749,2023-05-10,2026-06-11,False,False,0,0.0,3,3,0.00801068090787717
688472.SH,阿特斯,727,2023-06-09,2026-06-11,False,False,0,0.0,12,3,0.02063273727647868
688475.SH,萤石网络,834,2022-12-28,2026-06-11,False,False,0,0.0,7,2,0.01079136690647482
688478.SH,晶升股份,748,2023-04-24,2026-06-11,False,False,0,0.0,13,4,0.022727272727272728
688479.SH,友车科技,748,2023-05-11,2026-06-11,False,False,0,0.0,4,6,0.013368983957219251
688480.SH,赛恩斯,857,2022-11-25,2026-06-11,False,False,0,0.0,17,4,0.024504084014002333
688484.SH,南芯科技,769,2023-04-07,2026-06-11,False,False,0,0.0,10,3,0.016905071521456438
688485.SH,九州一轨,820,2023-01-18,2026-06-11,False,False,0,0.0,13,6,0.023170731707317073
688486.SH,龙迅股份,801,2023-02-21,2026-06-11,False,False,0,0.0,17,7,0.0299625468164794
688488.SH,艾迪药业,1429,2020-07-20,2026-06-11,False,False,0,0.0,19,7,0.01819454163750875
688489.SH,三未信安,852,2022-12-02,2026-06-11,False,False,0,0.0,10,10,0.023474178403755867
688496.SH,清越科技,832,2022-12-28,2026-06-11,False,False,0,0.0,21,17,0.04567307692307692
688498.SH,源杰科技,839,2022-12-21,2026-06-11,False,False,0,0.0,42,13,0.06555423122765197
688499.SH,利元亨,1198,2021-07-01,2026-06-11,False,False,0,0.0,23,9,0.02671118530884808
688500.SH,慧辰股份,1429,2020-07-16,2026-06-11,False,False,0,0.0,18,11,0.020293911826452064
688501.SH,青达环保,1187,2021-07-16,2026-06-11,False,False,0,0.0,18,5,0.019376579612468407
688502.SH,茂莱光学,789,2023-03-09,2026-06-11,False,False,0,0.0,27,7,0.043092522179974654
688503.SH,聚和材料,847,2022-12-09,2026-06-11,False,False,0,0.0,15,5,0.023612750885478158
688505.SH,复旦张江,1448,2020-06-19,2026-06-11,False,False,0,0.0,6,2,0.0055248618784530384
688506.SH,百利天恒,828,2023-01-06,2026-06-11,False,False,0,0.0,27,3,0.036231884057971016
688507.SH,索辰科技,762,2023-04-18,2026-06-11,False,False,0,0.0,18,5,0.030183727034120734
688508.SH,芯朋微,1427,2020-07-22,2026-06-11,False,False,0,0.0,19,4,0.0161177295024527
688509.SH,正元地信,1177,2021-07-30,2026-06-11,False,False,0,0.0,6,7,0.011045029736618521
688510.SH,航亚科技,1328,2020-12-16,2026-06-11,False,False,0,0.0,14,6,0.015060240963855422
688511.SH,*ST天微,1175,2021-07-30,2026-06-11,True,False,0,0.0,15,14,0.02468085106382979
688512.SH,慧智微-U,745,2023-05-16,2026-06-11,False,False,0,0.0,18,4,0.02953020134228188
688513.SH,苑东生物,1397,2020-09-02,2026-06-11,False,False,0,0.0,13,6,0.013600572655690766
688515.SH,裕太微-U,808,2023-02-10,2026-06-11,False,False,0,0.0,24,7,0.038366336633663366
688516.SH,奥特维,1469,2020-05-21,2026-06-11,False,False,0,0.0,24,8,0.021783526208304968
688517.SH,金冠电气,1207,2021-06-18,2026-06-11,False,False,0,0.0,15,4,0.015741507870753936
688518.SH,联赢激光,1447,2020-06-22,2026-06-11,False,False,0,0.0,16,3,0.013130615065653075
688519.SH,南亚新材,1408,2020-08-18,2026-06-11,False,False,0,0.0,31,12,0.030539772727272728
688520.SH,神州细胞,1447,2020-06-22,2026-06-11,False,False,0,0.0,19,3,0.01520387007601935
688521.SH,芯原股份,1398,2020-08-18,2026-06-11,False,False,0,0.0,34,8,0.030042918454935622
688522.SH,纳睿雷达,785,2023-03-01,2026-06-11,False,False,0,0.0,7,5,0.015286624203821656
688523.SH,航天环宇,732,2023-06-02,2026-06-11,False,False,0,0.0,26,8,0.04644808743169399
688525.SH,佰维存储,832,2022-12-30,2026-06-11,False,False,0,0.0,33,12,0.054086538461538464
688526.SH,科前生物,1383,2020-09-22,2026-06-11,False,False,0,0.0,6,1,0.005061460592913955
688528.SH,秦川物联,1442,2020-07-01,2026-06-11,False,False,0,0.0,6,9,0.010402219140083218
688529.SH,豪森智能,1355,2020-11-09,2026-06-11,False,False,0,0.0,16,6,0.016236162361623615
688530.SH,欧莱新材,508,2024-05-09,2026-06-11,False,False,0,0.0,17,4,0.04133858267716536
688531.SH,日联科技,763,2023-03-31,2026-06-11,False,False,0,0.0,10,3,0.01703800786369594
688533.SH,上声电子,1247,2021-04-19,2026-06-11,False,False,0,0.0,26,8,0.0272654370489174
688535.SH,华海诚科,761,2023-04-04,2026-06-11,False,False,0,0.0,23,12,0.045992115637319315
688536.SH,思瑞浦,1364,2020-09-21,2026-06-11,False,False,0,0.0,34,9,0.03152492668621701
688538.SH,和辉光电-U,1221,2021-05-28,2026-06-11,False,False,0,0.0,1,1,0.001638001638001638
688539.SH,高华科技,762,2023-04-18,2026-06-11,False,False,0,0.0,7,5,0.015748031496062992
688543.SH,国科军工,719,2023-06-21,2026-06-11,False,False,0,0.0,11,7,0.025034770514603615
688548.SH,广钢气体,682,2023-08-15,2026-06-11,False,False,0,0.0,10,2,0.017595307917888565
688549.SH,中巨芯-U,664,2023-09-08,2026-06-11,False,False,0,0.0,17,4,0.03162650602409638
688550.SH,瑞联新材,1392,2020-09-02,2026-06-11,False,False,0,0.0,9,10,0.013649425287356323
688551.SH,科威尔,1391,2020-09-10,2026-06-11,False,False,0,0.0,30,10,0.02875629043853343
688552.SH,航天南湖,743,2023-05-18,2026-06-11,False,False,0,0.0,14,5,0.02557200538358008
688553.SH,汇宇制药-W,1122,2021-10-26,2026-06-11,False,False,0,0.0,8,4,0.0106951871657754
688556.SH,高测股份,1415,2020-08-07,2026-06-11,False,False,0,0.0,29,13,0.029681978798586573
688557.SH,兰剑智能,1338,2020-12-02,2026-06-11,False,False,0,0.0,6,5,0.008221225710014948
688558.SH,国盛智科,1443,2020-06-30,2026-06-11,False,False,0,0.0,9,6,0.010395010395010396
688559.SH,海目星,1392,2020-09-09,2026-06-11,False,False,0,0.0,27,11,0.027298850574712645
688560.SH,明冠新材,1322,2020-12-24,2026-06-11,False,False,0,0.0,27,13,0.030257186081694403
688561.SH,奇安信-U,1427,2020-07-22,2026-06-11,False,False,0,0.0,12,4,0.011212333566923615
688562.SH,航天软件,739,2023-05-24,2026-06-11,False,False,0,0.0,7,5,0.016238159675236806
688563.SH,航材股份,701,2023-07-19,2026-06-11,False,False,0,0.0,2,0,0.0028530670470756064
688565.SH,力源科技,1232,2021-05-13,2026-06-11,False,False,0,0.0,10,13,0.018668831168831168
688566.SH,吉贝尔,1472,2020-05-18,2026-06-11,False,False,0,0.0,10,4,0.009510869565217392
688567.SH,孚能科技,1423,2020-07-17,2026-06-11,False,False,0,0.0,14,3,0.011946591707659873
688568.SH,中科星图,1437,2020-07-08,2026-06-11,False,False,0,0.0,16,10,0.018093249826026444
688569.SH,铁科轨道,1399,2020-08-31,2026-06-11,False,False,0,0.0,12,7,0.013581129378127233
688570.SH,天玛智控,731,2023-06-05,2026-06-11,False,False,0,0.0,3,3,0.008207934336525308
688571.SH,杭华股份,1331,2020-12-11,2026-06-11,False,False,0,0.0,5,7,0.009015777610818933
688573.SH,信宇人,680,2023-08-17,2026-06-11,False,False,0,0.0,14,13,0.039705882352941174
688575.SH,亚辉龙,1230,2021-05-17,2026-06-11,False,False,0,0.0,11,7,0.014634146341463415
688576.SH,西山科技,730,2023-06-06,2026-06-11,False,False,0,0.0,4,3,0.009589041095890411
688577.SH,浙海德曼,1387,2020-09-16,2026-06-11,False,False,0,0.0,30,12,0.03028118240807498
688578.SH,艾力斯,1338,2020-12-02,2026-06-11,False,False,0,0.0,17,5,0.016442451420029897
688579.SH,山大地纬,1430,2020-07-17,2026-06-11,False,False,0,0.0,13,11,0.016783216783216783
688580.SH,伟思医疗,1428,2020-07-21,2026-06-11,False,False,0,0.0,19,6,0.01750700280112045
688581.SH,安杰思,742,2023-05-19,2026-06-11,False,False,0,0.0,2,5,0.009433962264150943
688582.SH,芯动联科,714,2023-06-30,2026-06-11,False,False,0,0.0,10,4,0.0196078431372549
688584.SH,上海合晶,562,2024-02-08,2026-06-11,False,False,0,0.0,11,3,0.02491103202846975
688585.SH,上纬新材,1365,2020-09-28,2026-06-11,False,False,0,0.0,34,16,0.03663003663003663
688586.SH,江航装备,1420,2020-07-31,2026-06-11,False,False,0,0.0,12,9,0.014788732394366197
688588.SH,凌志软件,1467,2020-05-11,2026-06-11,False,False,0,0.0,17,8,0.017041581458759374
688589.SH,力合微,1427,2020-07-22,2026-06-11,False,False,0,0.0,15,12,0.0189208128941836
688590.SH,新致软件,1335,2020-12-07,2026-06-11,False,False,0,0.0,27,10,0.027715355805243445
688591.SH,泰凌微,669,2023-08-25,2026-06-11,False,False,0,0.0,9,5,0.02092675635276532
688592.SH,司南导航,681,2023-08-16,2026-06-11,False,False,0,0.0,10,6,0.023494860499265784
688593.SH,新相微,723,2023-06-01,2026-06-11,False,False,0,0.0,18,7,0.034578146611341634
688595.SH,芯海科技,1379,2020-09-28,2026-06-11,False,False,0,0.0,26,13,0.028281363306744016
688596.SH,正帆科技,1406,2020-08-20,2026-06-11,False,False,0,0.0,16,6,0.015647226173541962
688597.SH,煜邦电力,1208,2021-06-17,2026-06-11,False,False,0,0.0,13,12,0.020695364238410598
688598.SH,金博股份,1472,2020-05-18,2026-06-11,False,False,0,0.0,26,9,0.02377717391304348
688599.SH,天合光能,1455,2020-06-10,2026-06-11,False,False,0,0.0,21,7,0.019243986254295534
688600.SH,皖仪科技,1440,2020-07-03,2026-06-11,False,False,0,0.0,15,2,0.011805555555555555
688601.SH,力芯微,1201,2021-06-28,2026-06-11,False,False,0,0.0,18,7,0.020815986677768527
688602.SH,康鹏科技,700,2023-07-20,2026-06-11,False,False,0,0.0,10,4,0.02
688603.SH,天承科技,708,2023-07-10,2026-06-11,False,False,0,0.0,22,6,0.03954802259887006
688606.SH,奥泰生物,1263,2021-03-25,2026-06-11,False,False,0,0.0,13,7,0.01583531274742676
688607.SH,康众医疗,1296,2021-02-01,2026-06-11,False,False,0,0.0,20,14,0.026234567901234566
688608.SH,恒玄科技,1328,2020-12-16,2026-06-11,False,False,0,0.0,13,8,0.01581325301204819
688609.SH,九联科技,1265,2021-03-23,2026-06-11,False,False,0,0.0,24,13,0.02924901185770751
688610.SH,埃科光电,701,2023-07-19,2026-06-11,False,False,0,0.0,16,2,0.025677603423680456
688611.SH,杭州柯林,1252,2021-04-12,2026-06-11,False,False,0,0.0,15,11,0.020766773162939296
688612.SH,威迈斯,696,2023-07-26,2026-06-11,False,False,0,0.0,3,3,0.008620689655172414
688613.SH,奥精医疗,1226,2021-05-21,2026-06-11,False,False,0,0.0,12,10,0.01794453507340946
688615.SH,合合信息,411,2024-09-26,2026-06-11,False,False,0,0.0,11,5,0.038929440389294405
688616.SH,西力科技,1268,2021-03-18,2026-06-11,False,False,0,0.0,6,7,0.01025236593059937
688617.SH,惠泰医疗,1313,2021-01-07,2026-06-11,False,False,0,0.0,12,8,0.015232292460015232
688618.SH,三旺通信,1318,2020-12-30,2026-06-11,False,False,0,0.0,16,12,0.021244309559939303
688619.SH,罗普特,1285,2021-02-23,2026-06-11,False,False,0,0.0,16,9,0.019455252918287938
688620.SH,安凯微,717,2023-06-27,2026-06-11,False,False,0,0.0,10,6,0.022315202231520222
688621.SH,阳光诺和,1187,2021-06-21,2026-06-11,False,False,0,0.0,13,9,0.018534119629317607
688622.SH,禾信仪器,1136,2021-09-13,2026-06-11,False,False,0,0.0,31,14,0.03961267605633803
688623.SH,双元科技,728,2023-06-08,2026-06-11,False,False,0,0.0,2,0,0.0027472527472527475
688625.SH,呈和科技,1215,2021-06-07,2026-06-11,False,False,0,0.0,16,4,0.01646090534979424
688626.SH,翔宇医疗,1259,2021-03-31,2026-06-11,False,False,0,0.0,25,5,0.023828435266084195
688627.SH,精智达,702,2023-07-18,2026-06-11,False,False,0,0.0,21,8,0.04131054131054131
688628.SH,优利德,1296,2021-02-01,2026-06-11,False,False,0,0.0,15,7,0.016975308641975308
688629.SH,华丰科技,717,2023-06-27,2026-06-11,False,False,0,0.0,30,11,0.05718270571827057
688630.SH,芯碁微装,1258,2021-04-01,2026-06-11,False,False,0,0.0,28,8,0.028616852146263912
688631.SH,莱斯信息,716,2023-06-28,2026-06-11,False,False,0,0.0,19,10,0.040502793296089384
688633.SH,星球石墨,1264,2021-03-24,2026-06-11,False,False,0,0.0,9,8,0.013449367088607595
688636.SH,智明达,1254,2021-04-08,2026-06-11,False,False,0,0.0,18,8,0.02073365231259968
688638.SH,誉辰智能,706,2023-07-12,2026-06-11,False,False,0,0.0,6,4,0.014164305949008499
688639.SH,华恒生物,1244,2021-04-22,2026-06-11,False,False,0,0.0,17,5,0.017684887459807074
688646.SH,ST逸飞,693,2023-07-28,2026-06-11,True,False,0,0.0,9,3,0.017316017316017316
688648.SH,中邮科技,624,2023-11-13,2026-06-11,False,False,0,0.0,21,8,0.046474358974358976
688651.SH,盛邦安全,696,2023-07-26,2026-06-11,False,False,0,0.0,15,5,0.028735632183908046
688652.SH,京仪装备,612,2023-11-29,2026-06-11,False,False,0,0.0,12,4,0.026143790849673203
688653.SH,康希通信,620,2023-11-17,2026-06-11,False,False,0,0.0,10,8,0.02903225806451613
688655.SH,迅捷兴,1225,2021-05-11,2026-06-11,False,False,0,0.0,23,10,0.026938775510204082
688656.SH,浩欧博,1300,2021-01-13,2026-06-11,False,False,0,0.0,29,13,0.03230769230769231
688657.SH,浩辰软件,648,2023-10-10,2026-06-11,False,False,0,0.0,4,5,0.013888888888888888
688658.SH,悦康药业,1322,2020-12-24,2026-06-11,False,False,0,0.0,16,11,0.02042360060514372
688659.SH,元琛科技,1259,2021-03-31,2026-06-11,False,False,0,0.0,18,8,0.020651310563939634
688660.SH,电气风电,1228,2021-05-19,2026-06-11,False,False,0,0.0,27,12,0.03175895765472313
688661.SH,和林微纳,1261,2021-03-29,2026-06-11,False,False,0,0.0,45,17,0.04916732751784298
688662.SH,富信科技,1258,2021-04-01,2026-06-11,False,False,0,0.0,41,12,0.04213036565977742
688663.SH,新风光,1251,2021-04-13,2026-06-11,False,False,0,0.0,30,10,0.0319744204636291
688665.SH,四方光电,1290,2021-02-09,2026-06-11,False,False,0,0.0,19,6,0.01937984496124031
688667.SH,菱电电控,1263,2021-03-12,2026-06-11,False,False,0,0.0,17,11,0.022169437846397466
688668.SH,鼎通科技,1325,2020-12-21,2026-06-11,False,False,0,0.0,42,17,0.04452830188679245
688669.SH,聚石化学,1301,2021-01-25,2026-06-11,False,False,0,0.0,16,12,0.021521906225980016
688670.SH,金迪克,1176,2021-08-02,2026-06-11,False,False,0,0.0,19,14,0.02806122448979592
688671.SH,碧兴物联,686,2023-08-09,2026-06-11,False,False,0,0.0,6,10,0.023323615160349854
688676.SH,金盘科技,1275,2021-03-09,2026-06-11,False,False,0,0.0,31,10,0.03215686274509804
688677.SH,海泰新光,1282,2021-02-26,2026-06-11,False,False,0,0.0,13,8,0.01638065522620905
688678.SH,福立旺,1323,2020-12-23,2026-06-11,False,False,0,0.0,21,11,0.02418745275888133
688679.SH,通源环境,1321,2020-12-25,2026-06-11,False,False,0,0.0,19,8,0.02043906131718395
688680.SH,海优新材,1302,2021-01-22,2026-06-11,False,False,0,0.0,34,17,0.03917050691244239
688681.SH,科汇股份,1209,2021-06-16,2026-06-11,False,False,0,0.0,6,6,0.009925558312655087
688682.SH,霍莱沃,1246,2021-04-20,2026-06-11,False,False,0,0.0,25,14,0.03130016051364366
688683.SH,莱尔科技,1252,2021-04-12,2026-06-11,False,False,0,0.0,13,4,0.013578274760383386
688685.SH,迈信林,1232,2021-05-13,2026-06-11,False,False,0,0.0,20,10,0.024350649350649352
688686.SH,奥普特,1317,2020-12-31,2026-06-11,False,False,0,0.0,25,8,0.025056947608200455
688687.SH,凯因科技,1291,2021-02-08,2026-06-11,False,False,0,0.0,12,10,0.017041053446940357
688689.SH,银河微电,1299,2021-01-27,2026-06-11,False,False,0,0.0,15,10,0.01924557351809084
688690.SH,纳微科技,1204,2021-06-23,2026-06-11,False,False,0,0.0,11,6,0.014119601328903655
688691.SH,灿芯股份,525,2024-04-11,2026-06-11,False,False,0,0.0,21,7,0.05333333333333334
688692.SH,达梦数据,485,2024-06-12,2026-06-11,False,False,0,0.0,11,1,0.024742268041237112
688693.SH,锴威特,669,2023-08-18,2026-06-11,False,False,0,0.0,26,16,0.06278026905829596
688695.SH,中创股份,544,2024-03-13,2026-06-11,False,False,0,0.0,3,4,0.012867647058823529
688696.SH,极米科技,1279,2021-03-03,2026-06-11,False,False,0,0.0,9,5,0.0109460516028147
688697.SH,纽威数控,1142,2021-09-17,2026-06-11,False,False,0,0.0,13,4,0.0148861646234676
688698.SH,伟创电气,1319,2020-12-29,2026-06-11,False,False,0,0.0,19,2,0.01592115238817286
688699.SH,明微电子,1326,2020-12-18,2026-06-11,False,False,0,0.0,28,18,0.03469079939668175
688700.SH,东威科技,1210,2021-06-15,2026-06-11,False,False,0,0.0,35,14,0.04049586776859504
688701.SH,卓锦股份,1143,2021-09-16,2026-06-11,False,False,0,0.0,10,9,0.016622922134733157
688702.SH,盛科通信-U,660,2023-09-14,2026-06-11,False,False,0,0.0,22,6,0.04242424242424243
688707.SH,振华新材,1145,2021-09-14,2026-06-11,False,False,0,0.0,12,7,0.016593886462882096
688709.SH,成都华微,563,2024-02-07,2026-06-11,False,False,0,0.0,15,5,0.035523978685612786
688710.SH,益诺思,426,2024-09-03,2026-06-11,False,False,0,0.0,12,2,0.03286384976525822
688711.SH,宏微科技,1154,2021-09-01,2026-06-11,False,False,0,0.0,26,10,0.03119584055459272
688716.SH,中研股份,656,2023-09-20,2026-06-11,False,False,0,0.0,15,6,0.03201219512195122
688717.SH,艾罗能源,588,2024-01-03,2026-06-11,False,False,0,0.0,18,8,0.04421768707482993
688718.SH,唯赛勃,1179,2021-07-28,2026-06-11,False,False,0,0.0,17,9,0.02205258693808312
688719.SH,爱科赛博,650,2023-09-28,2026-06-11,False,False,0,0.0,24,7,0.047692307692307694
688720.SH,艾森股份,597,2023-12-06,2026-06-11,False,False,0,0.0,16,7,0.038525963149078725
688721.SH,龙图光罩,446,2024-08-06,2026-06-11,False,False,0,0.0,9,4,0.02914798206278027
688722.SH,同益中,1127,2021-10-19,2026-06-11,False,False,0,0.0,9,3,0.01064773735581189
688728.SH,格科微,1164,2021-08-18,2026-06-11,False,False,0,0.0,6,4,0.00859106529209622
688733.SH,壹石通,1165,2021-08-17,2026-06-11,False,False,0,0.0,23,10,0.02832618025751073
688737.SH,中自科技,1124,2021-10-22,2026-06-11,False,False,0,0.0,10,9,0.016903914590747332
688739.SH,成大生物,1117,2021-10-28,2026-06-11,False,False,0,0.0,1,2,0.0026857654431512983
688766.SH,普冉股份,1151,2021-08-23,2026-06-11,False,False,0,0.0,25,17,0.036490008688097306
688767.SH,博拓生物,1149,2021-09-08,2026-06-11,False,False,0,0.0,19,8,0.02349869451697128
688768.SH,容知日新,1181,2021-07-26,2026-06-11,False,False,0,0.0,20,11,0.026248941574936496
688772.SH,珠海冠宇,1129,2021-10-15,2026-06-11,False,False,0,0.0,14,4,0.015943312666076175
688776.SH,国光电气,1155,2021-08-31,2026-06-11,False,False,0,0.0,23,7,0.025974025974025976
688777.SH,中控技术,1344,2020-11-24,2026-06-11,False,False,0,0.0,10,4,0.010416666666666666
688778.SH,厦钨新能,1173,2021-08-05,2026-06-11,False,False,0,0.0,15,8,0.0196078431372549
688779.SH,五矿新能,1169,2021-08-11,2026-06-11,False,False,0,0.0,7,5,0.010265183917878529
688786.SH,悦安新材,1158,2021-08-26,2026-06-11,False,False,0,0.0,10,8,0.015544041450777202
688787.SH,海天瑞声,1167,2021-08-13,2026-06-11,False,False,0,0.0,46,22,0.05826906598114824
688788.SH,科思科技,1367,2020-10-22,2026-06-11,False,False,0,0.0,20,16,0.026335040234089245
688789.SH,宏华数科,1193,2021-07-08,2026-06-11,False,False,0,0.0,7,5,0.010058675607711651
688793.SH,倍轻松,1188,2021-07-15,2026-06-11,False,False,0,0.0,17,9,0.021885521885521887
688798.SH,艾为电子,1166,2021-08-16,2026-06-11,False,False,0,0.0,13,4,0.014579759862778732
688799.SH,华纳药厂,1190,2021-07-13,2026-06-11,False,False,0,0.0,11,7,0.015126050420168067
688800.SH,瑞可达,1183,2021-07-22,2026-06-11,False,False,0,0.0,32,12,0.037193575655114115
688819.SH,天能股份,1306,2021-01-18,2026-06-11,False,False,0,0.0,5,4,0.006891271056661562
688981.SH,中芯国际,1425,2020-07-16,2026-06-11,False,False,0,0.0,14,4,0.01263157894736842
689009.SH,九号公司-WD,1362,2020-10-29,2026-06-11,False,False,0,0.0,15,5,0.014684287812041116
920000.BJ,安徽凤凰,1346,2017-03-29,2026-06-11,False,False,0,0.0,31,9,0.029717682020802376
920001.BJ,纬达光电,859,2022-01-07,2026-06-11,False,False,0,0.0,29,14,0.050058207217694994
920002.BJ,万达轴承,493,2024-05-30,2026-06-11,False,False,0,0.0,27,11,0.07707910750507099
920006.BJ,晟楠科技,854,2017-12-18,2026-06-11,False,False,0,0.0,43,31,0.08665105386416862
920008.BJ,成电光信,429,2024-08-29,2026-06-11,False,False,0,0.0,13,4,0.039627039627039624
920010.BJ,凯添燃气,1770,2015-05-21,2026-06-11,False,False,0,0.0,46,23,0.03898305084745763
920014.BJ,特瑞斯,1107,2017-06-30,2026-06-11,False,False,0,0.0,37,29,0.05962059620596206
920016.BJ,中草香料,418,2024-09-13,2026-06-11,False,False,0,0.0,10,8,0.0430622009569378
920017.BJ,星昊医药,1707,2012-12-17,2026-06-11,False,False,0,0.0,39,31,0.041007615700058585
920019.BJ,铜冠矿建,405,2024-10-11,2026-06-11,False,False,0,0.0,5,6,0.027160493827160494
920021.BJ,流金科技,1828,2016-03-07,2026-06-11,False,False,0,0.0,63,48,0.06072210065645514
920023.BJ,田野股份,2419,2015-02-13,2026-06-11,False,False,0,0.0,66,63,0.05332782141380736
920026.BJ,卓兆点胶,641,2023-10-19,2026-06-11,False,False,0,0.0,21,10,0.0483619344773791
920030.BJ,德众汽车,1415,2016-12-23,2026-06-11,False,False,0,0.0,50,21,0.05017667844522968
920033.BJ,康普化学,960,2016-07-07,2026-06-11,False,False,0,0.0,39,27,0.06875
920039.BJ,国义招标,1842,2015-11-17,2026-06-11,False,False,0,0.0,53,28,0.043973941368078175
920046.BJ,亿能电力,927,2018-12-10,2026-06-11,False,False,0,0.0,42,23,0.07011866235167206
920047.BJ,诺思兰德,2074,2010-04-22,2026-06-11,False,False,0,0.0,81,62,0.06894889103182257
920057.BJ,百甲科技,1065,2016-11-22,2026-06-11,False,False,0,0.0,39,34,0.06854460093896714
920058.BJ,华洋赛车,734,2020-04-10,2026-06-11,False,False,0,0.0,40,22,0.08446866485013624
920061.BJ,西磁科技,639,2020-04-09,2026-06-11,False,False,0,0.0,30,15,0.07042253521126761
920062.BJ,科润智控,1230,2016-01-06,2026-06-11,False,False,0,0.0,87,64,0.12276422764227642
920075.BJ,柏星龙,1098,2016-10-24,2026-06-11,False,False,0,0.0,50,41,0.08287795992714025
920077.BJ,吉林碳谷,1276,2016-11-03,2026-06-11,False,False,0,0.0,31,11,0.032915360501567396
920087.BJ,秋乐种业,944,2014-11-28,2026-06-11,False,False,0,0.0,55,38,0.09851694915254237
920089.BJ,禾昌聚合,1122,2018-12-10,2026-06-11,False,False,0,0.0,7,5,0.0106951871657754
920090.BJ,同辉信息,1944,2011-12-12,2026-06-11,False,False,0,0.0,76,43,0.061213991769547324
920092.BJ,汉鑫科技,1125,2018-03-20,2026-06-11,False,False,0,0.0,54,23,0.06844444444444445
920099.BJ,瑞华技术,412,2024-09-25,2026-06-11,False,False,0,0.0,6,5,0.02669902912621359
920110.BJ,雷特科技,1232,2016-04-07,2026-06-11,False,False,0,0.0,42,27,0.056006493506493504
920118.BJ,太湖远大,434,2024-08-22,2026-06-11,False,False,0,0.0,3,5,0.018433179723502304
920122.BJ,中纺标,911,2021-04-13,2026-06-11,False,False,0,0.0,35,16,0.05598243688254665
920123.BJ,芭薇股份,1233,2016-11-10,2026-06-11,False,False,0,0.0,38,24,0.050283860502838604
920130.BJ,立方控股,820,2016-06-16,2026-06-11,False,False,0,0.0,56,30,0.1048780487804878
920132.BJ,泰鹏智能,639,2021-12-15,2026-06-11,False,False,0,0.0,25,15,0.06259780907668232
920139.BJ,华岭股份,2623,2012-09-07,2026-06-11,False,False,0,0.0,62,34,0.036599313762866945
920145.BJ,恒合股份,1308,2015-09-07,2026-06-11,False,False,0,0.0,34,20,0.04128440366972477
920146.BJ,华阳变速,1306,2016-11-25,2026-06-11,False,False,0,0.0,45,29,0.05666156202143951
920149.BJ,旭杰科技,1522,2016-11-29,2026-06-11,False,False,0,0.0,38,19,0.03745072273324573
920152.BJ,昆工科技,1444,2014-10-21,2026-06-11,False,False,0,0.0,57,27,0.05817174515235457
920163.BJ,方大新材,1480,2016-09-01,2026-06-11,False,False,0,0.0,25,11,0.024324324324324326
920167.BJ,同享科技,1437,2018-01-05,2026-06-11,False,False,0,0.0,33,12,0.031315240083507306
920169.BJ,七丰精工,1045,2020-09-10,2026-06-11,False,False,0,0.0,42,20,0.05933014354066986
920171.BJ,志晟信息,1421,2015-10-13,2026-06-11,False,False,0,0.0,62,41,0.07248416608022519
920174.BJ,五新隧装,1410,2016-03-21,2026-06-11,False,False,0,0.0,48,23,0.05035460992907802
920175.BJ,东方碳素,2407,2015-10-21,2026-06-11,False,False,0,0.0,40,21,0.02534275031159119
920179.BJ,凯德石英,88,2026-01-20,2026-06-11,False,True,0,0.0,5,2,0.07954545454545454
920184.BJ,国源科技,94,2026-01-19,2026-06-11,False,True,0,0.0,1,0,0.010638297872340425
920185.BJ,贝特瑞,93,2026-01-20,2026-06-11,False,True,0,0.0,0,0,0.0
920190.BJ,雷神科技,94,2026-01-19,2026-06-11,False,True,0,0.0,4,1,0.05319148936170213
920195.BJ,三祥科技,93,2026-01-20,2026-06-11,False,True,0,0.0,0,1,0.010752688172043012
920198.BJ,微创光电,93,2026-01-20,2026-06-11,False,True,0,0.0,0,0,0.0
920199.BJ,倍益康,93,2026-01-20,2026-06-11,False,True,0,0.0,1,2,0.03225806451612903
920204.BJ,沪江材料,93,2026-01-20,2026-06-11,False,True,0,0.0,1,0,0.010752688172043012
920207.BJ,众诚科技,93,2026-01-20,2026-06-11,False,True,0,0.0,4,2,0.06451612903225806
920208.BJ,青矩技术,93,2026-01-20,2026-06-11,False,True,0,0.0,0,0,0.0
920212.BJ,智新电子,93,2026-01-20,2026-06-11,False,True,0,0.0,0,0,0.0
920221.BJ,易实精密,93,2026-01-20,2026-06-11,False,True,0,0.0,1,1,0.021505376344086023
920223.BJ,荣亿精密,94,2026-01-19,2026-06-11,False,True,0,0.0,1,1,0.02127659574468085
920225.BJ,利通科技,93,2026-01-20,2026-06-11,False,True,0,0.0,2,1,0.03225806451612903
920227.BJ,美登科技,93,2026-01-20,2026-06-11,False,True,0,0.0,3,1,0.043010752688172046
920230.BJ,欧康医药,94,2026-01-19,2026-06-11,False,True,0,0.0,1,0,0.010638297872340425
920237.BJ,力佳科技,93,2026-01-20,2026-06-11,False,True,0,0.0,2,1,0.03225806451612903
920239.BJ,长虹能源,93,2026-01-20,2026-06-11,False,True,0,0.0,0,0,0.0
920242.BJ,建邦科技,93,2026-01-20,2026-06-11,False,True,0,0.0,1,0,0.010752688172043012
920245.BJ,威博液压,93,2026-01-20,2026-06-11,False,True,0,0.0,0,0,0.0
920247.BJ,华密新材,94,2026-01-19,2026-06-11,False,True,0,0.0,1,1,0.02127659574468085
920249.BJ,利尔达,94,2026-01-19,2026-06-11,False,True,0,0.0,3,1,0.0425531914893617
920252.BJ,天宏锂电,93,2026-01-20,2026-06-11,False,True,0,0.0,0,0,0.0
920260.BJ,中寰股份,93,2026-01-20,2026-06-11,False,True,0,0.0,1,1,0.021505376344086023
920261.BJ,一诺威,94,2026-01-19,2026-06-11,False,True,0,0.0,0,0,0.0
920262.BJ,太湖雪,93,2026-01-20,2026-06-11,False,True,0,0.0,0,1,0.010752688172043012
920263.BJ,中航泰达,93,2026-01-20,2026-06-11,False,True,0,0.0,0,1,0.010752688172043012
920266.BJ,生物谷,93,2026-01-20,2026-06-11,False,True,0,0.0,0,0,0.0
920267.BJ,鑫汇科,93,2026-01-20,2026-06-11,False,True,0,0.0,0,0,0.0
920270.BJ,天铭科技,93,2026-01-20,2026-06-11,False,True,0,0.0,1,0,0.010752688172043012
920271.BJ,邦德股份,93,2026-01-20,2026-06-11,False,True,0,0.0,1,1,0.021505376344086023
920273.BJ,一致魔芋,93,2026-01-20,2026-06-11,False,True,0,0.0,2,0,0.021505376344086023
920274.BJ,宏裕包材,93,2026-01-20,2026-06-11,False,True,0,0.0,1,0,0.010752688172043012
920275.BJ,驱动力,93,2026-01-20,2026-06-11,False,True,0,0.0,0,0,0.0
920278.BJ,鹿得医疗,93,2026-01-20,2026-06-11,False,True,0,0.0,0,0,0.0
920284.BJ,灵鸽科技,93,2026-01-20,2026-06-11,False,True,0,0.0,2,0,0.021505376344086023
920299.BJ,灿能电力,93,2026-01-20,2026-06-11,False,True,0,0.0,1,1,0.021505376344086023
920300.BJ,辰光医疗,93,2026-01-20,2026-06-11,False,True,0,0.0,0,0,0.0
920304.BJ,迪尔化工,94,2026-01-19,2026-06-11,False,True,0,0.0,2,0,0.02127659574468085
920305.BJ,*ST云创,60,2026-01-20,2026-04-29,True,True,0,0.0,6,5,0.18333333333333332
920339.BJ,恒太照明,93,2026-01-20,2026-06-11,False,True,0,0.0,5,2,0.07526881720430108
920344.BJ,三元基因,93,2026-01-20,2026-06-11,False,True,0,0.0,0,0,0.0
920346.BJ,威贸电子,93,2026-01-20,2026-06-11,False,True,0,0.0,0,0,0.0
920351.BJ,华光源海,93,2026-01-20,2026-06-11,False,True,0,0.0,2,1,0.03225806451612903
920357.BJ,雅葆轩,93,2026-01-20,2026-06-11,False,True,0,0.0,1,1,0.021505376344086023
920363.BJ,莱赛激光,94,2026-01-19,2026-06-11,False,True,0,0.0,1,1,0.02127659574468085
920367.BJ,新赣江,93,2026-01-20,2026-06-11,False,True,0,0.0,1,0,0.010752688172043012
920368.BJ,连城数控,93,2026-01-20,2026-06-11,False,True,0,0.0,3,2,0.053763440860215055
920370.BJ,新安洁,93,2026-01-20,2026-06-11,False,True,0,0.0,1,1,0.021505376344086023
920371.BJ,欧福蛋业,93,2026-01-20,2026-06-11,False,True,0,0.0,1,0,0.010752688172043012
920374.BJ,云里物里,93,2026-01-20,2026-06-11,False,True,0,0.0,1,0,0.010752688172043012
920375.BJ,派诺科技,94,2026-01-19,2026-06-11,False,True,0,0.0,2,2,0.0425531914893617
920378.BJ,泰德股份,93,2026-01-20,2026-06-11,False,True,0,0.0,0,0,0.0
920392.BJ,佳合科技,93,2026-01-20,2026-06-11,False,True,0,0.0,0,0,0.0
920394.BJ,民士达,93,2026-01-20,2026-06-11,False,True,0,0.0,5,1,0.06451612903225806
920395.BJ,朗鸿科技,93,2026-01-20,2026-06-11,False,True,0,0.0,0,0,0.0
920396.BJ,常辅股份,93,2026-01-20,2026-06-11,False,True,0,0.0,0,0,0.0
920402.BJ,硅烷科技,94,2026-01-19,2026-06-11,False,True,0,0.0,3,0,0.031914893617021274
920403.BJ,康农种业,93,2026-01-20,2026-06-11,False,True,0,0.0,0,1,0.010752688172043012
920405.BJ,海希通讯,93,2026-01-20,2026-06-11,False,True,0,0.0,0,0,0.0
920407.BJ,驰诚股份,93,2026-01-20,2026-06-11,False,True,0,0.0,0,0,0.0
920414.BJ,欧普泰,93,2026-01-20,2026-06-11,False,True,0,0.0,4,2,0.06451612903225806
920415.BJ,恒拓开源,93,2026-01-20,2026-06-11,False,True,0,0.0,0,0,0.0
920418.BJ,苏轴股份,94,2026-01-19,2026-06-11,False,True,0,0.0,0,0,0.0
920419.BJ,路斯股份,93,2026-01-20,2026-06-11,False,True,0,0.0,0,0,0.0
920422.BJ,润普食品,93,2026-01-20,2026-06-11,False,True,0,0.0,0,0,0.0
920425.BJ,乐创技术,93,2026-01-20,2026-06-11,False,True,0,0.0,3,0,0.03225806451612903
920427.BJ,华维设计,93,2026-01-20,2026-06-11,False,True,0,0.0,3,1,0.043010752688172046
920429.BJ,康比特,94,2026-01-19,2026-06-11,False,True,0,0.0,1,0,0.010638297872340425
920433.BJ,大唐药业,94,2026-01-19,2026-06-11,False,True,0,0.0,0,0,0.0
920436.BJ,大地电气,94,2026-01-19,2026-06-11,False,True,0,0.0,0,0,0.0
920438.BJ,戈碧迦,94,2026-01-19,2026-06-11,False,True,0,0.0,6,4,0.10638297872340426
920445.BJ,龙竹科技,94,2026-01-19,2026-06-11,False,True,0,0.0,0,0,0.0
920454.BJ,同心传动,94,2026-01-19,2026-06-11,False,True,0,0.0,0,0,0.0
920455.BJ,汇隆活塞,94,2026-01-19,2026-06-11,False,True,0,0.0,1,0,0.010638297872340425
920469.BJ,富恒新材,94,2026-01-19,2026-06-11,False,True,0,0.0,2,2,0.0425531914893617
920471.BJ,美邦科技,94,2026-01-19,2026-06-11,False,True,0,0.0,4,1,0.05319148936170213
920475.BJ,三友科技,94,2026-01-19,2026-06-11,False,True,0,0.0,1,0,0.010638297872340425
920476.BJ,海能技术,94,2026-01-19,2026-06-11,False,True,0,0.0,0,0,0.0
920478.BJ,峆一药业,94,2026-01-19,2026-06-11,False,True,0,0.0,1,1,0.02127659574468085
920489.BJ,佳先股份,94,2026-01-19,2026-06-11,False,True,0,0.0,0,0,0.0
920491.BJ,奥迪威,94,2026-01-19,2026-06-11,False,True,0,0.0,0,0,0.0
920493.BJ,并行科技,94,2026-01-19,2026-06-11,False,True,0,0.0,1,0,0.010638297872340425
920496.BJ,许昌智能,94,2026-01-19,2026-06-11,False,True,0,0.0,0,0,0.0
920504.BJ,博迅生物,94,2026-01-19,2026-06-11,False,True,0,0.0,0,0,0.0
920505.BJ,九菱科技,94,2026-01-19,2026-06-11,False,True,0,0.0,0,1,0.010638297872340425
920508.BJ,殷图网联,94,2026-01-19,2026-06-11,False,True,0,0.0,0,0,0.0
920509.BJ,同惠电子,94,2026-01-19,2026-06-11,False,True,0,0.0,1,0,0.010638297872340425
920510.BJ,丰光精密,94,2026-01-19,2026-06-11,False,True,0,0.0,2,1,0.031914893617021274
920519.BJ,万德股份,94,2026-01-19,2026-06-11,False,True,0,0.0,0,0,0.0
920522.BJ,纳科诺尔,94,2026-01-19,2026-06-11,False,True,0,0.0,2,2,0.0425531914893617
920523.BJ,德瑞锂电,94,2026-01-19,2026-06-11,False,True,0,0.0,0,0,0.0
920526.BJ,凯华材料,94,2026-01-19,2026-06-11,False,True,0,0.0,4,1,0.05319148936170213
920527.BJ,夜光明,94,2026-01-19,2026-06-11,False,True,0,0.0,0,0,0.0
920533.BJ,骏创科技,94,2026-01-19,2026-06-11,False,True,0,0.0,0,0,0.0
920541.BJ,铁大科技,94,2026-01-19,2026-06-11,False,True,0,0.0,0,0,0.0
920547.BJ,无锡晶海,94,2026-01-19,2026-06-11,False,True,0,0.0,0,0,0.0
920553.BJ,凯腾精工,94,2026-01-19,2026-06-11,False,True,0,0.0,0,0,0.0
920556.BJ,雅达股份,94,2026-01-19,2026-06-11,False,True,0,0.0,0,0,0.0
920564.BJ,天润科技,94,2026-01-19,2026-06-11,False,True,0,0.0,0,1,0.010638297872340425
920566.BJ,梓橦宫,94,2026-01-19,2026-06-11,False,True,0,0.0,0,0,0.0
920570.BJ,坤博精工,94,2026-01-19,2026-06-11,False,True,0,0.0,0,0,0.0
920571.BJ,国航远洋,94,2026-01-19,2026-06-11,False,True,0,0.0,4,1,0.05319148936170213
920575.BJ,康乐卫士,93,2026-01-19,2026-06-11,False,True,0,0.0,2,1,0.03225806451612903
920576.BJ,天力复合,94,2026-01-19,2026-06-11,False,True,0,0.0,4,2,0.06382978723404255
920578.BJ,巨能股份,94,2026-01-19,2026-06-11,False,True,0,0.0,1,1,0.02127659574468085
920579.BJ,机科股份,94,2026-01-19,2026-06-11,False,True,0,0.0,1,0,0.010638297872340425
920580.BJ,科创新材,94,2026-01-19,2026-06-11,False,True,0,0.0,1,1,0.02127659574468085
920592.BJ,华信永道,93,2026-01-20,2026-06-11,False,True,0,0.0,0,1,0.010752688172043012
920593.BJ,鼎智科技,94,2026-01-19,2026-06-11,False,True,0,0.0,2,0,0.02127659574468085
920599.BJ,同力股份,94,2026-01-19,2026-06-11,False,True,0,0.0,0,0,0.0
920608.BJ,丰安股份,94,2026-01-19,2026-06-11,False,True,0,0.0,0,0,0.0
920627.BJ,力王股份,94,2026-01-19,2026-06-11,False,True,0,0.0,0,0,0.0
920634.BJ,新威凌,94,2026-01-19,2026-06-11,False,True,0,0.0,2,1,0.031914893617021274
920639.BJ,晨光电缆,94,2026-01-19,2026-06-11,False,True,0,0.0,0,0,0.0
920640.BJ,富士达,94,2026-01-19,2026-06-11,False,True,0,0.0,0,1,0.010638297872340425
920641.BJ,格利尔,94,2026-01-19,2026-06-11,False,True,0,0.0,1,0,0.010638297872340425
920642.BJ,通易航天,94,2026-01-19,2026-06-11,False,True,0,0.0,0,0,0.0
920651.BJ,天罡股份,94,2026-01-19,2026-06-11,False,True,0,0.0,0,0,0.0
920656.BJ,海昇药业,94,2026-01-19,2026-06-11,False,True,0,0.0,0,0,0.0
920662.BJ,方盛股份,94,2026-01-19,2026-06-11,False,True,0,0.0,1,0,0.010638297872340425
920663.BJ,明阳科技,94,2026-01-19,2026-06-11,False,True,0,0.0,1,1,0.02127659574468085
920665.BJ,科强股份,94,2026-01-19,2026-06-11,False,True,0,0.0,2,0,0.02127659574468085
920670.BJ,数字人,94,2026-01-19,2026-06-11,False,True,0,0.0,2,0,0.02127659574468085
920675.BJ,秉扬科技,90,2026-01-19,2026-06-05,False,True,0,0.0,1,1,0.022222222222222223
920679.BJ,前进科技,94,2026-01-19,2026-06-11,False,True,0,0.0,0,0,0.0
920680.BJ,*ST广道,15,2025-12-11,2025-12-31,True,True,0,0.0,3,7,0.6666666666666666
920682.BJ,球冠电缆,94,2026-01-19,2026-06-11,False,True,0,0.0,1,1,0.02127659574468085
920685.BJ,新芝生物,94,2026-01-19,2026-06-11,False,True,0,0.0,0,0,0.0
920689.BJ,克莱特,94,2026-01-19,2026-06-11,False,True,0,0.0,0,0,0.0
920690.BJ,捷众科技,94,2026-01-19,2026-06-11,False,True,0,0.0,1,1,0.02127659574468085
920693.BJ,阿为特,94,2026-01-19,2026-06-11,False,True,0,0.0,0,0,0.0
920694.BJ,中裕科技,94,2026-01-19,2026-06-11,False,True,0,0.0,1,1,0.02127659574468085
920699.BJ,海达尔,94,2026-01-19,2026-06-11,False,True,0,0.0,4,1,0.05319148936170213
920701.BJ,豪声电子,94,2026-01-19,2026-06-11,False,True,0,0.0,0,0,0.0
920703.BJ,广厦环能,94,2026-01-19,2026-06-11,False,True,0,0.0,0,0,0.0
920706.BJ,铁拓机械,94,2026-01-19,2026-06-11,False,True,0,0.0,1,0,0.010638297872340425
920717.BJ,瑞星股份,94,2026-01-19,2026-06-11,False,True,0,0.0,1,1,0.02127659574468085
920718.BJ,合肥高科,94,2026-01-19,2026-06-11,False,True,0,0.0,1,0,0.010638297872340425
920719.BJ,宁新新材,94,2026-01-19,2026-06-11,False,True,0,0.0,2,0,0.02127659574468085
920720.BJ,吉冈精密,94,2026-01-19,2026-06-11,False,True,0,0.0,1,0,0.010638297872340425
920725.BJ,惠丰钻石,93,2026-01-20,2026-06-11,False,True,0,0.0,7,2,0.0967741935483871
920726.BJ,朱老六,94,2026-01-19,2026-06-11,False,True,0,0.0,1,0,0.010638297872340425
920729.BJ,永顺生物,94,2026-01-19,2026-06-11,False,True,0,0.0,1,0,0.010638297872340425
920735.BJ,德源药业,94,2026-01-19,2026-06-11,False,True,0,0.0,0,0,0.0
920748.BJ,路桥信息,94,2026-01-19,2026-06-11,False,True,0,0.0,1,0,0.010638297872340425
920751.BJ,惠同新材,94,2026-01-19,2026-06-11,False,True,0,0.0,1,0,0.010638297872340425
920753.BJ,天纺标,94,2026-01-19,2026-06-11,False,True,0,0.0,0,0,0.0
920765.BJ,美之高,94,2026-01-19,2026-06-11,False,True,0,0.0,1,0,0.010638297872340425
920768.BJ,拾比佰,94,2026-01-19,2026-06-11,False,True,0,0.0,0,1,0.010638297872340425
920770.BJ,艾能聚,94,2026-01-19,2026-06-11,False,True,0,0.0,2,0,0.02127659574468085
920779.BJ,武汉蓝电,94,2026-01-19,2026-06-11,False,True,0,0.0,1,0,0.010638297872340425
920781.BJ,瑞奇智造,94,2026-01-19,2026-06-11,False,True,0,0.0,1,1,0.02127659574468085
920786.BJ,骑士乳业,93,2026-01-20,2026-06-11,False,True,0,0.0,0,0,0.0
920790.BJ,联迪信息,127,2025-12-01,2026-06-11,False,True,0,0.0,3,0,0.023622047244094488
920792.BJ,东和新材,127,2025-12-01,2026-06-11,False,True,0,0.0,0,0,0.0
920799.BJ,艾融软件,127,2025-12-01,2026-06-11,False,True,0,0.0,1,0,0.007874015748031496
920802.BJ,保丽洁,127,2025-12-01,2026-06-11,False,True,0,0.0,0,0,0.0
920806.BJ,云星宇,127,2025-12-01,2026-06-11,False,True,0,0.0,1,0,0.007874015748031496
920807.BJ,奔朗新材,127,2025-12-01,2026-06-11,False,True,0,0.0,2,0,0.015748031496062992
920808.BJ,曙光数创,127,2025-12-01,2026-06-11,False,True,0,0.0,1,0,0.007874015748031496
920809.BJ,安达科技,127,2025-12-01,2026-06-11,False,True,0,0.0,1,0,0.007874015748031496
920810.BJ,春光智能,127,2025-12-01,2026-06-11,False,True,0,0.0,1,0,0.007874015748031496
920819.BJ,颖泰生物,127,2025-12-01,2026-06-11,False,True,0,0.0,0,0,0.0
920821.BJ,则成电子,127,2025-12-01,2026-06-11,False,True,0,0.0,1,0,0.007874015748031496
920826.BJ,盖世食品,127,2025-12-01,2026-06-11,False,True,0,0.0,0,0,0.0
920832.BJ,齐鲁华信,127,2025-12-01,2026-06-11,False,True,0,0.0,0,0,0.0
920833.BJ,美心翼申,127,2025-12-01,2026-06-11,False,True,0,0.0,0,0,0.0
920834.BJ,三维装备,127,2025-12-01,2026-06-11,False,True,0,0.0,0,0,0.0
920837.BJ,华原股份,127,2025-12-01,2026-06-11,False,True,0,0.0,0,0,0.0
920839.BJ,万通液压,127,2025-12-01,2026-06-11,False,True,0,0.0,1,0,0.007874015748031496
920855.BJ,浙江大农,127,2025-12-01,2026-06-11,False,True,0,0.0,0,0,0.0
920856.BJ,浩淼科技,127,2025-12-01,2026-06-11,False,True,0,0.0,0,0,0.0
920857.BJ,泓禧科技,127,2025-12-01,2026-06-11,False,True,0,0.0,4,4,0.06299212598425197
920866.BJ,绿亨科技,127,2025-12-01,2026-06-11,False,True,0,0.0,0,0,0.0
920870.BJ,恒进感应,127,2025-12-01,2026-06-11,False,True,0,0.0,0,0,0.0
920871.BJ,派特尔,127,2025-12-01,2026-06-11,False,True,0,0.0,0,0,0.0
920873.BJ,中设咨询,127,2025-12-01,2026-06-11,False,True,0,0.0,1,0,0.007874015748031496
920876.BJ,慧为智能,127,2025-12-01,2026-06-11,False,True,0,0.0,3,2,0.03937007874015748
920879.BJ,基康技术,127,2025-12-01,2026-06-11,False,True,0,0.0,1,1,0.015748031496062992
920885.BJ,星辰科技,127,2025-12-01,2026-06-11,False,True,0,0.0,4,2,0.047244094488188976
920892.BJ,广咨国际,127,2025-12-01,2026-06-11,False,True,0,0.0,0,0,0.0
920895.BJ,花溪科技,127,2025-12-01,2026-06-11,False,True,0,0.0,0,1,0.007874015748031496
920896.BJ,旺成科技,128,2025-11-28,2026-06-11,False,True,0,0.0,0,0,0.0
920906.BJ,舜宇精工,127,2025-12-01,2026-06-11,False,True,0,0.0,1,0,0.007874015748031496
920914.BJ,远航精密,128,2025-11-28,2026-06-11,False,True,0,0.0,1,0,0.0078125
920924.BJ,广脉科技,127,2025-12-01,2026-06-11,False,True,0,0.0,2,0,0.015748031496062992
920925.BJ,锦好医疗,127,2025-12-01,2026-06-11,False,True,0,0.0,2,2,0.031496062992125984
920926.BJ,鸿智科技,127,2025-12-01,2026-06-11,False,True,0,0.0,0,0,0.0
920931.BJ,无锡鼎邦,128,2025-11-28,2026-06-11,False,True,0,0.0,0,1,0.0078125
920932.BJ,科达自控,127,2025-12-01,2026-06-11,False,True,0,0.0,4,0,0.031496062992125984
920942.BJ,恒立钻具,127,2025-12-01,2026-06-11,False,True,0,0.0,1,1,0.015748031496062992
920943.BJ,优机股份,127,2025-12-01,2026-06-11,False,True,0,0.0,2,1,0.023622047244094488
920946.BJ,森萱医药,127,2025-12-01,2026-06-11,False,True,0,0.0,0,0,0.0
920950.BJ,迅安科技,127,2025-12-01,2026-06-11,False,True,0,0.0,0,0,0.0
920953.BJ,国子软件,127,2025-12-01,2026-06-11,False,True,0,0.0,2,0,0.015748031496062992
920957.BJ,汉维科技,127,2025-12-01,2026-06-11,False,True,0,0.0,0,0,0.0
920961.BJ,创远信科,127,2025-12-01,2026-06-11,False,True,0,0.0,4,2,0.047244094488188976
920964.BJ,润农节水,127,2025-12-01,2026-06-11,False,True,0,0.0,0,0,0.0
920970.BJ,大禹生物,127,2025-12-01,2026-06-11,False,True,0,0.0,0,0,0.0
920971.BJ,天马新材,127,2025-12-01,2026-06-11,False,True,0,0.0,3,1,0.031496062992125984
920974.BJ,凯大催化,127,2025-12-01,2026-06-11,False,True,0,0.0,1,0,0.007874015748031496
920976.BJ,视声智能,127,2025-12-01,2026-06-11,False,True,0,0.0,1,0,0.007874015748031496
920978.BJ,开特股份,127,2025-12-01,2026-06-11,False,True,0,0.0,0,0,0.0
920981.BJ,晶赛科技,127,2025-12-01,2026-06-11,False,True,0,0.0,5,1,0.047244094488188976
920982.BJ,锦波生物,127,2025-12-01,2026-06-11,False,True,0,0.0,1,1,0.015748031496062992
920985.BJ,海泰新能,128,2025-11-28,2026-06-11,False,True,0,0.0,2,0,0.015625
920992.BJ,中科美菱,128,2025-11-28,2026-06-11,False,True,0,0.0,1,0,0.0078125
