path,rows_sampled,ann,sharpe,mdd,split,target_frac,hold_frac,market_timing_mode,checkpoint,predictor,window,weight_mode,period,portfolio_value,execution_lag,min_adv_cny,adv_participation_cap,alpha_jsonl,rebalance_band,return_mode,dynamic_min_mult,strategy,model,source,reliability,scenario,transform,mode
backtest_results_test_plan_v9_raw_test\yearly_summary.csv,6,194.3517917856401,5.023629652487542,0.0810379272305989,,,,,,,,,2026,,,,,,,,,,,,,,,
backtest_results_v9_retention_20260531\topfocus_raw_test_legacy_target3\yearly_summary.csv,6,189.23648218677965,5.004313404214329,0.0794773157278245,,,,,,,,,2026,,,,,,,,,,,,,,,
backtest_results_v9_retention_20260531\topfocus_raw_test_legacy_target3_cost2x\yearly_summary.csv,6,165.81309416032786,4.618273614313494,0.0814936139049074,,,,,,,,,2026,,,,,,,,,,,,,,,
backtest_results_test_plan_v9_raw_test\v9_retention_summary.csv,2,149.82725088110783,4.31151886337723,0.1189032739815104,test,0.03,0.3,legacy,checkpoints_exp_topfocus_w005_topic/ultimate_v7_best.pt,v9_raw,1.0,equal,,,,,,,,,,,,,,,,
backtest_results_v9_retention_20260531\topfocus_raw_test_legacy_target3\v9_retention_summary.csv,2,142.77985922127817,4.223410252024864,0.1165679015360445,test,0.03,0.4,legacy,checkpoints_exp_topfocus_w005_topic\ultimate_v7_best.pt,v9_raw,1.0,equal,,,,,,,,,,,,,,,,
backtest_results_v9_retention_20260531\avgw3_open_to_open_exec1m_legacy_dynamic_yearly_candidates.csv,18,75.8419618506393,3.938009985320575,0.0488062625861909,test,,,,,,,,2026,,,,,,,,,dynamic_min0p20,,,,,,
backtest_results_v9_retention_20260531\avgw3_test_targetfine_open_to_open_exec1m_cap5_min20_market_dynamic\yearly_summary.csv,12,75.8419618506393,3.938009985320575,0.0488062625861909,,,,,,,,,2026,,,,,,,,,,,,,,,
backtest_results_v9_retention_20260531\topfocus_raw_test_legacy_target3_cost2x\v9_retention_summary.csv,2,123.3740143982613,3.838040943960261,0.120081916344022,test,0.03,0.4,legacy,checkpoints_exp_topfocus_w005_topic\ultimate_v7_best.pt,v9_raw,1.0,equal,,,,,,,,,,,,,,,,
backtest_results_v9_retention_20260531\avgw3_test_targetfine_open_to_open_exec1m_cap5_min20_market_dynamic_min0p30\yearly_summary.csv,12,77.3727296274467,3.748981224284854,0.0565909002609595,,,,,,,,,2026,,,,,,,,,,,,,,,
backtest_results_v9_retention_20260531\topfocus_avgw3_test_legacy_finegrid\yearly_summary.csv,90,118.9381513035844,3.7406614561481777,0.0810886196492283,,,,,,,,,2026,,,,,,,,,,,,,,,
backtest_results_v9_retention_20260531\final_dynamic_min0p20_test_target3_hold50_open_to_open_exec1m_2xcost\yearly_summary.csv,3,70.43363496761764,3.721683877290567,0.049916844877393,,,,,,,,,2026,,,,,,,,,,,,,,,
backtest_result_snapshots\20260531_v9_best_market_timing_stage_breakdown\yearly_summary.csv,15,79.33992786151278,3.721165044123793,0.0662363276038625,,,,,,,,,2026,,,,,,,,,,,,,,,dynamic_m20
backtest_results_v9_retention_20260531\avgw3_test_targetfine_open_to_open_exec1m_cap5_min20_market_dynamic_min0p40\yearly_summary.csv,12,78.88093967979484,3.5704544566565826,0.0643303792888366,,,,,,,,,2026,,,,,,,,,,,,,,,
backtest_results_v9_retention_20260531\final_dynamic_min0p30_test_target3_hold50_open_to_open_exec1m_2xcost\yearly_summary.csv,3,71.85785417206603,3.5441659339455307,0.057739604199701,,,,,,,,,2026,,,,,,,,,,,,,,,
backtest_results_test_plan_v9_avgw3_test\yearly_summary.csv,6,106.74326896106804,3.523435671196093,0.0806736724383548,,,,,,,,,2026,,,,,,,,,,,,,,,
backtest_results_v9_retention_20260531\avgw3_test_target3_open_to_open_exec1m_cap5_min5\yearly_summary.csv,9,94.4418160543054,3.4927072282535354,0.0775037665229045,,,,,,,,,2026,,,,,,,,,,,,,,,
backtest_results_v9_retention_20260531\avgw3_test_target3_open_to_open_exec1m_cap5_min10\yearly_summary.csv,9,93.74138958579886,3.483267973435491,0.0777463845099124,,,,,,,,,2026,,,,,,,,,,,,,,,
backtest_results_v9_retention_20260531\topfocus_avgw3_test_legacy_finegrid_cost2x\yearly_summary.csv,9,106.5786162376464,3.4699302698566186,0.0829780551560242,,,,,,,,,2026,,,,,,,,,,,,,,,
backtest_results_v9_retention_20260531\avgw3_open_to_open_exec1m_targetfine_yearly_candidates.csv,12,92.16384079261223,3.4350731194530093,0.0785041212131233,test,,,,,,,,2026,,,,,,,,,,,,,,,
backtest_results_v9_retention_20260531\avgw3_test_target3_open_to_open_exec1m_cap5_min20\yearly_summary.csv,9,92.16384079261223,3.4350731194530093,0.0785041212131233,,,,,,,,,2026,,,,,,,,,,,,,,,
backtest_results_v9_retention_20260531\avgw3_test_target3_open_to_open_exec1m_cap5_min20_holdfine_mw0p03\yearly_summary.csv,12,92.16384079261223,3.4350731194530093,0.0785041212131233,,,,,,,,,2026,,,,,,,,,,,,,,,
backtest_results_v9_retention_20260531\avgw3_test_target3_open_to_open_exec1m_cap5_min20_holdfine_mw0p04\yearly_summary.csv,12,92.16384079261223,3.4350731194530093,0.0785041212131233,,,,,,,,,2026,,,,,,,,,,,,,,,
backtest_results_v9_retention_20260531\avgw3_test_target3_open_to_open_exec1m_cap5_min20_holdfine_mw0p05\yearly_summary.csv,12,92.16384079261223,3.4350731194530093,0.0785041212131233,,,,,,,,,2026,,,,,,,,,,,,,,,
backtest_results_v9_retention_20260531\avgw3_test_target3_open_to_open_exec1m_cap5_min20_rerun\yearly_summary.csv,9,92.16384079261223,3.4350731194530093,0.0785041212131233,,,,,,,,,2026,,,,,,,,,,,,,,,
backtest_results_v9_retention_20260531\avgw3_test_targetfine_open_to_open_exec1m_cap5_min20\yearly_summary.csv,24,92.16384079261223,3.4350731194530093,0.0785041212131233,,,,,,,,,2026,,,,,,,,,,,,,,,
backtest_results_v9_retention_20260531\avgw3_test_targetfine_open_to_open_exec1m_cap5_min20_market_dynamic_min0p50\yearly_summary.csv,12,80.36574492471877,3.404275361520184,0.0720248769005347,,,,,,,,,2026,,,,,,,,,,,,,,,
backtest_results_v9_retention_20260531\avgw3_test_target3_open_to_open_exec1m_cap5_min50\yearly_summary.csv,9,85.34751105629317,3.322454681667307,0.0808112407421978,,,,,,,,,2026,,,,,,,,,,,,,,,
backtest_results_test_plan_fixed_names_avgw3_test\yearly_summary.csv,6,114.1327006152082,3.2688941520241968,0.1028276475166223,,,,,,,,,2026,,,,,,,,,,,,,,,
backtest_results_v9_retention_20260531\final_legacy_test_target3_hold50_open_to_open_exec1m_2xcost\yearly_summary.csv,3,85.53524784719104,3.253336272679817,0.0798221492140172,,,,,,,,,2026,,,,,,,,,,,,,,,
backtest_results_v9_retention_20260531\avgw3_test_targetfine_open_to_open_exec1m_cap5_min20_market_dynamic_min0p60\yearly_summary.csv,12,81.82630932439243,3.2509531237245484,0.0796745677546603,,,,,,,,,2026,,,,,,,,,,,,,,,
backtest_results_v9_retention_20260531\raw_avgw3_rankblend_test_w25_75_open_to_open_exec1m_cap5_min20\yearly_summary.csv,12,86.4543316130165,3.2492489187378903,0.0831580484166578,,,,,,,,,2026,,,,,,,,,,,,,,,
backtest_results_test_plan_v9_avgw3_test\v9_retention_summary.csv,2,89.1471543337644,3.1748147470168746,0.1313899870871707,test,0.03,0.4,legacy,checkpoints_exp_topfocus_w005_topic/ultimate_v7_best.pt,v9_raw_persistent_average_w3,3.0,equal,,,,,,,,,,,,,,,,
backtest_result_snapshots\20260531_model_strategy_comparison_summary.csv,126,89.1471543337644,3.1748147470168746,0.1313899870871707,test,0.03,0.4,,,,,,,,,,,,,,,retention target0.030/hold0.400,V9 topfocus average_w3,backtest_results_v9_retention_20260531\topfocus_avgw3_test_legacy_finegrid\v9_retention_summary.csv,same_engine_full_cost,,,
backtest_results_v9_retention_20260531\topfocus_avgw3_test_legacy_finegrid\v9_retention_summary.csv,30,89.1471543337644,3.1748147470168746,0.1313899870871707,test,0.03,0.4,legacy,checkpoints_exp_topfocus_w005_topic\ultimate_v7_best.pt,v9_raw_persistent_average_w3,3.0,equal,,,,,,,,,,,,,,,,
backtest_results_v9_retention_20260531\topfocus_avgw3_test_legacy_widegrid\yearly_summary.csv,90,85.7995072797175,3.146313854412352,0.0885462389662462,,,,,,,,,2026,,,,,,,,,,,,,,,
backtest_results_v9_retention_20260531\avgw3_test_target3_execution_cap5_adv20m\yearly_summary.csv,6,91.42378066800768,3.1231664587842185,0.085922890965632,,,,,,,,,2026,,,,,,,,,,,,,,,
backtest_results_v9_retention_20260531\avgw3_test_target3_execution_cap5_adv20m_holdgrid\yearly_summary.csv,15,91.42378066800768,3.1231664587842185,0.085922890965632,,,,,,,,,2026,,,,,,,,,,,,,,,
backtest_results_v9_retention_20260531\avgw3_test_target3_execution_cap5_min20_lag1_hold50\yearly_summary.csv,3,87.82346231632607,3.107656235819618,0.0897109980177002,,,,,,,,,2026,,,,,,,,,,,,,,,
backtest_results_v9_retention_20260531\avgw3_test_execution_sensitivity_20260531\yearly_summary.csv,162,88.39043150894173,3.0630295431755834,0.0857239389302144,,,,,,,,,2026,,,,,,,,,,,,,,,
backtest_results_v9_retention_20260531\raw_avgw3_rankblend_test_w50_50_open_to_open_exec1m_cap5_min20\yearly_summary.csv,12,84.96625227804574,3.0591290361010537,0.0853417287537255,,,,,,,,,2026,,,,,,,,,,,,,,,
backtest_results_v9_retention_20260531\avgw3_open_to_open_exec1m_dynamic_min_sweep_summary.csv,40,57.34911812209851,3.044144746492589,0.0990708079541132,test,0.03,0.5,dynamic,,,,,,1000000.0,0.0,20000000.0,0.05,F:\stock_prediction\deepseek_model_exp\backtest_results_v9_retention_20260531\topfocus_avgw3_test_legacy_finegrid\v9_daily_alpha_top_order.jsonl,,open_to_open,0.2,,,,,,,
backtest_results_v9_retention_20260531\avgw3_open_to_open_exec1m_market_mode_summary.csv,32,57.34911812209851,3.044144746492589,0.0990708079541132,test,0.03,0.5,dynamic,,,,,,1000000.0,0.0,20000000.0,0.05,F:\stock_prediction\deepseek_model_exp\backtest_results_v9_retention_20260531\topfocus_avgw3_test_legacy_finegrid\v9_daily_alpha_top_order.jsonl,,open_to_open,,,,,,,,
backtest_results_v9_retention_20260531\avgw3_test_targetfine_open_to_open_exec1m_cap5_min20_market_dynamic\open_execution_summary.csv,4,57.34911812209851,3.044144746492589,0.0990708079541132,,0.03,0.5,dynamic,,,,,,1000000.0,0.0,20000000.0,0.05,F:\stock_prediction\deepseek_model_exp\backtest_results_v9_retention_20260531\topfocus_avgw3_test_legacy_finegrid\v9_daily_alpha_top_order.jsonl,,open_to_open,,,,,,,,
backtest_results_v9_retention_20260531\raw_avgw3_rankblend_test_w75_25_open_to_open_exec1m_cap5_min20\yearly_summary.csv,12,82.40058237149796,3.0005920155399184,0.0839040462060016,,,,,,,,,2026,,,,,,,,,,,,,,,
backtest_results_v9_retention_20260531\topfocus_avgw3_test_legacy_widegrid\v9_retention_summary.csv,30,74.26654612341923,2.974906452950545,0.1192980994740193,test,0.15,0.5,legacy,checkpoints_exp_topfocus_w005_topic\ultimate_v7_best.pt,v9_raw_persistent_average_w3,3.0,equal,,,,,,,,,,,,,,,,
backtest_results_v9_retention_20260531\topfocus_avgw3_test_legacy_finegrid_cost2x\v9_retention_summary.csv,3,81.16064548476358,2.9656122788473858,0.1332615830440424,test,0.03,0.4,legacy,checkpoints_exp_topfocus_w005_topic\ultimate_v7_best.pt,v9_raw_persistent_average_w3,3.0,equal,,,,,,,,,,,,,,,,
backtest_results_v9_retention_20260531\avgw3_test_targetfine_open_to_open_exec1m_cap5_min20_market_dynamic_min0p30\open_execution_summary.csv,4,60.0436707276028,2.9471185845102847,0.1110708204017319,,0.03,0.5,dynamic,,,,,,1000000.0,0.0,20000000.0,0.05,F:\stock_prediction\deepseek_model_exp\backtest_results_v9_retention_20260531\topfocus_avgw3_test_legacy_finegrid\v9_daily_alpha_top_order.jsonl,,open_to_open,,,,,,,,
backtest_results_v9_retention_20260531\avgw3_test_target3_open_to_close_exec1m_cap5_min20\yearly_summary.csv,9,68.19607948461397,2.8831508258891896,0.0789541965748818,,,,,,,,,2025,,,,,,,,,,,,,,,
backtest_results_test_plan_small_account_avgw3_test\yearly_summary.csv,6,80.55081246677436,2.881888195278949,0.0848971960439468,,,,,,,,,2026,,,,,,,,,,,,,,,
backtest_results_v9_retention_20260531\raw_test_target3_execution_cap5_adv20m_holdgrid\yearly_summary.csv,15,80.4896359027237,2.8800226682850893,0.0802730039318114,,,,,,,,,2026,,,,,,,,,,,,,,,
backtest_results_v9_retention_20260531\avgw3_test_targetfine_open_to_open_exec1m_cap5_min20_market_dynamic_min0p40\open_execution_summary.csv,4,62.74273490318412,2.8511442895551724,0.1229611052177998,,0.03,0.5,dynamic,,,,,,1000000.0,0.0,20000000.0,0.05,F:\stock_prediction\deepseek_model_exp\backtest_results_v9_retention_20260531\topfocus_avgw3_test_legacy_finegrid\v9_daily_alpha_top_order.jsonl,,open_to_open,,,,,,,,
backtest_results_v9_retention_20260531\avgw3_test_target3_open_to_close_exec1m_cap5_min20\open_execution_summary.csv,3,65.9885897868753,2.8430842294459544,0.0789541965748818,,0.03,0.4,legacy,,,,,,1000000.0,0.0,20000000.0,0.05,F:\stock_prediction\deepseek_model_exp\backtest_results_v9_retention_20260531\topfocus_avgw3_test_legacy_finegrid\v9_daily_alpha_top_order.jsonl,,open_to_close,,,,,,,,
backtest_results_v9_retention_20260531\raw_test_target3_execution_cap5_adv20m\yearly_summary.csv,6,79.54865760800843,2.841225149361603,0.0845633348745566,,,,,,,,,2026,,,,,,,,,,,,,,,
backtest_results_v9_retention_20260531\current_best_1m_2xcost_sensitivity.csv,6,52.50801272713053,2.838487034369661,0.1007517428750381,test,0.03,0.5,dynamic,,,,,,1000000.0,0.0,20000000.0,0.05,F:\stock_prediction\deepseek_model_exp\backtest_results_v9_retention_20260531\topfocus_avgw3_test_legacy_finegrid\v9_daily_alpha_top_order.jsonl,,open_to_open,,dynamic_min0p20,,,,,,
backtest_results_v9_retention_20260531\final_dynamic_min0p20_test_target3_hold50_open_to_open_exec1m_2xcost\open_execution_summary.csv,1,52.50801272713053,2.838487034369661,0.1007517428750381,,0.03,0.5,dynamic,,,,,,1000000.0,0.0,20000000.0,0.05,F:\stock_prediction\deepseek_model_exp\backtest_results_v9_retention_20260531\topfocus_avgw3_test_legacy_finegrid\v9_daily_alpha_top_order.jsonl,,open_to_open,,,,,,,,
backtest_results_v9_retention_20260531\avgw3_test_target3_execution_cap5_min20_lag1\yearly_summary.csv,6,79.26652892996124,2.826576372272144,0.0980122964960508,,,,,,,,,2026,,,,,,,,,,,,,,,
backtest_results_v9_retention_20260531\avgw3_test_targetfine_open_to_open_exec1m_cap5_min20_market_dynamic_min0p50\open_execution_summary.csv,4,65.44497270414826,2.759098775737558,0.1347422687895772,,0.03,0.5,dynamic,,,,,,1000000.0,0.0,20000000.0,0.05,F:\stock_prediction\deepseek_model_exp\backtest_results_v9_retention_20260531\topfocus_avgw3_test_legacy_finegrid\v9_daily_alpha_top_order.jsonl,,open_to_open,,,,,,,,
backtest_results_v9_retention_20260531\avgw3_exec_lag1_summary.csv,6,72.97182800744952,2.756983810420316,0.1407563831250558,test,,,,,,,,,,,,,,,,,,,,,,,
backtest_results_v9_retention_20260531\avgw3_test_target3_execution_cap5_min20_lag1_hold50\execution_constrained_summary.csv,1,72.97182800744952,2.756983810420316,0.1407563831250558,,0.03,0.5,legacy,,,,,,100000000.0,1.0,20000000.0,0.05,backtest_results_v9_retention_20260531\topfocus_avgw3_test_legacy_finegrid\v9_daily_alpha_top_order.jsonl,,,,,,,,,,
backtest_results_v9_retention_20260531\final_dynamic_min0p30_test_target3_hold50_open_to_open_exec1m_2xcost\open_execution_summary.csv,1,55.062101181580616,2.753562644163774,0.1127269001857387,,0.03,0.5,dynamic,,,,,,1000000.0,0.0,20000000.0,0.05,F:\stock_prediction\deepseek_model_exp\backtest_results_v9_retention_20260531\topfocus_avgw3_test_legacy_finegrid\v9_daily_alpha_top_order.jsonl,,open_to_open,,,,,,,,
backtest_results_v9_retention_20260531\avgw3_test_target3_execution_cap5_adv20m_hold3040_cost2x\yearly_summary.csv,6,74.49638550311744,2.751502794093785,0.0875273622711919,,,,,,,,,2026,,,,,,,,,,,,,,,
backtest_results_v9_retention_20260531\avgw3_test_targetfine_open_to_open_exec1m_cap5_min20_market_none\yearly_summary.csv,12,86.67614200805136,2.749798754253316,0.1098015948385901,,,,,,,,,2026,,,,,,,,,,,,,,,
backtest_results_exp_blend_raw75_avg25_hold100_test\ledger\yearly_summary.csv,6,82.30136745135934,2.7315562606908337,0.1265329493528885,,,,,,,,,2025,,,,,,,,,,,,,,,
backtest_results_v9_retention_20260531\topfocus_avgw3_test_legacy\yearly_summary.csv,12,67.23970277932882,2.728964047974338,0.1001196331606225,,,,,,,,,2026,,,,,,,,,,,,,,,
backtest_results_v9_retention_20260531\avgw3_open_to_open_exec1m_holdfine_maxweight_summary.csv,24,73.19,2.724,15.25,test,,0.5,,,,,,,,,,,,,,,,,,,,,
backtest_results_v9_retention_20260531\avgw3_open_to_open_exec1m_minadv_sweep_summary.csv,24,73.19280407792321,2.7236300196892897,0.1524773137522483,test,0.03,0.5,legacy,,,,,,1000000.0,0.0,20000000.0,0.05,F:\stock_prediction\deepseek_model_exp\backtest_results_v9_retention_20260531\topfocus_avgw3_test_legacy_finegrid\v9_daily_alpha_top_order.jsonl,,open_to_open,,,,,,,,
backtest_results_v9_retention_20260531\avgw3_open_to_open_exec1m_summary.csv,6,73.19280407792321,2.7236300196892897,0.1524773137522483,test,0.03,0.5,legacy,,,,,,1000000.0,0.0,20000000.0,0.05,backtest_results_v9_retention_20260531\topfocus_avgw3_test_legacy_finegrid\v9_daily_alpha_top_order.jsonl,,open_to_open,,,,,,,,
backtest_results_v9_retention_20260531\avgw3_open_to_open_exec1m_targetfine_summary.csv,16,73.19280407792321,2.7236300196892897,0.1524773137522483,test,0.03,0.5,legacy,,,,,,1000000.0,0.0,20000000.0,0.05,F:\stock_prediction\deepseek_model_exp\backtest_results_v9_retention_20260531\topfocus_avgw3_test_legacy_finegrid\v9_daily_alpha_top_order.jsonl,,open_to_open,,,,,,,,
backtest_results_v9_retention_20260531\avgw3_test_target3_open_to_open_exec1m_cap5_min20\open_execution_summary.csv,3,73.19280407792321,2.7236300196892897,0.1524773137522483,,0.03,0.5,legacy,,,,,,1000000.0,0.0,20000000.0,0.05,backtest_results_v9_retention_20260531\topfocus_avgw3_test_legacy_finegrid\v9_daily_alpha_top_order.jsonl,,open_to_open,,,,,,,,
backtest_results_v9_retention_20260531\avgw3_test_target3_open_to_open_exec1m_cap5_min20_holdfine_mw0p03\open_execution_summary.csv,4,73.19280407792321,2.7236300196892897,0.1524773137522483,,0.03,0.5,legacy,,,,,,1000000.0,0.0,20000000.0,0.05,F:\stock_prediction\deepseek_model_exp\backtest_results_v9_retention_20260531\topfocus_avgw3_test_legacy_finegrid\v9_daily_alpha_top_order.jsonl,,open_to_open,,,,,,,,
backtest_results_v9_retention_20260531\avgw3_test_target3_open_to_open_exec1m_cap5_min20_holdfine_mw0p04\open_execution_summary.csv,4,73.19280407792321,2.7236300196892897,0.1524773137522483,,0.03,0.5,legacy,,,,,,1000000.0,0.0,20000000.0,0.05,F:\stock_prediction\deepseek_model_exp\backtest_results_v9_retention_20260531\topfocus_avgw3_test_legacy_finegrid\v9_daily_alpha_top_order.jsonl,,open_to_open,,,,,,,,
backtest_results_v9_retention_20260531\avgw3_test_target3_open_to_open_exec1m_cap5_min20_holdfine_mw0p05\open_execution_summary.csv,4,73.19280407792321,2.7236300196892897,0.1524773137522483,,0.03,0.5,legacy,,,,,,1000000.0,0.0,20000000.0,0.05,F:\stock_prediction\deepseek_model_exp\backtest_results_v9_retention_20260531\topfocus_avgw3_test_legacy_finegrid\v9_daily_alpha_top_order.jsonl,,open_to_open,,,,,,,,
backtest_results_v9_retention_20260531\avgw3_test_target3_open_to_open_exec1m_cap5_min20_rerun\open_execution_summary.csv,3,73.19280407792321,2.7236300196892897,0.1524773137522483,,0.03,0.5,legacy,,,,,,1000000.0,0.0,20000000.0,0.05,F:\stock_prediction\deepseek_model_exp\backtest_results_v9_retention_20260531\topfocus_avgw3_test_legacy_finegrid\v9_daily_alpha_top_order.jsonl,,open_to_open,,,,,,,,
backtest_results_v9_retention_20260531\avgw3_test_targetfine_open_to_open_exec1m_cap5_min20\open_execution_summary.csv,8,73.19280407792321,2.7236300196892897,0.1524773137522483,,0.03,0.5,legacy,,,,,,1000000.0,0.0,20000000.0,0.05,F:\stock_prediction\deepseek_model_exp\backtest_results_v9_retention_20260531\topfocus_avgw3_test_legacy_finegrid\v9_daily_alpha_top_order.jsonl,,open_to_open,,,,,,,,
backtest_results_v9_retention_20260531\avgw3_test_execution_sensitivity_20260531\execution_constraint_sweep_summary.csv,54,71.82386225267356,2.7126089287986277,0.1340188525059571,,0.03,0.4,legacy,,,,,,100000000.0,,10000000.0,0.03,backtest_results_v9_retention_20260531\topfocus_avgw3_test_legacy_finegrid\v9_daily_alpha_top_order.jsonl,,,,,,,,,,
backtest_results_v9_retention_20260531\avgw3_test_execution_sensitivity_20260531\top_by_sharpe.csv,20,71.82386225267356,2.7126089287986277,0.1340188525059571,,0.03,0.4,legacy,,,,,,100000000.0,,10000000.0,0.03,backtest_results_v9_retention_20260531\topfocus_avgw3_test_legacy_finegrid\v9_daily_alpha_top_order.jsonl,,,,,,,,,,
backtest_results_v9_retention_20260531\avgw3_test_target3_open_to_open_exec1m_cap5_min5\open_execution_summary.csv,3,72.38500187726969,2.708921110257979,0.1517156458402816,,0.03,0.5,legacy,,,,,,1000000.0,0.0,5000000.0,0.05,F:\stock_prediction\deepseek_model_exp\backtest_results_v9_retention_20260531\topfocus_avgw3_test_legacy_finegrid\v9_daily_alpha_top_order.jsonl,,open_to_open,,,,,,,,
backtest_results_exp_rebalance_band10_pv1m_test\yearly_summary.csv,3,79.19963711454318,2.706721954093564,0.0826123943817735,,,,,,,,,2026,,,,,,,,,,,,,,,
backtest_results_v9_retention_20260531\avgw3_test_target3_open_to_open_exec1m_cap5_min10\open_execution_summary.csv,3,72.24034222279994,2.7050043545586044,0.1519067552008072,,0.03,0.5,legacy,,,,,,1000000.0,0.0,10000000.0,0.05,F:\stock_prediction\deepseek_model_exp\backtest_results_v9_retention_20260531\topfocus_avgw3_test_legacy_finegrid\v9_daily_alpha_top_order.jsonl,,open_to_open,,,,,,,,
backtest_results_exp_legacy_bear40_test\yearly_summary.csv,6,60.9280188011134,2.695886535376528,0.0718626814418854,,,,,,,,,2026,,,,,,,,,,,,,,,
backtest_results_exp_rebalance_band20_test\yearly_summary.csv,6,78.62632623471582,2.693619523138492,0.0820231452580173,,,,,,,,,2026,,,,,,,,,,,,,,,
backtest_results_v9_retention_20260531\avgw3_test_targetfine_open_to_open_exec1m_cap5_min20_market_dynamic_min0p60\open_execution_summary.csv,4,68.14880819821872,2.6724489676024863,0.1464149234913986,,0.03,0.5,dynamic,,,,,,1000000.0,0.0,20000000.0,0.05,F:\stock_prediction\deepseek_model_exp\backtest_results_v9_retention_20260531\topfocus_avgw3_test_legacy_finegrid\v9_daily_alpha_top_order.jsonl,,open_to_open,,,,,,,,
backtest_results_test_plan_small_account_raw_test\yearly_summary.csv,6,73.31511891387996,2.6661230040318213,0.0860970579058695,,,,,,,,,2026,,,,,,,,,,,,,,,
backtest_results_v9_retention_20260531\topfocus_avgw3_test_legacy\v9_retention_summary.csv,4,64.21658938833215,2.665402916267107,0.127911676236104,test,0.2,0.8,legacy,checkpoints_exp_topfocus_w005_topic\ultimate_v7_best.pt,v9_raw_persistent_average_w3,3.0,equal,,,,,,,,,,,,,,,,
backtest_results_v9_retention_20260531\avgw3_test_target3_execution_cap5_adv20m\execution_constrained_summary.csv,2,70.19659538157632,2.661201753700563,0.1337859077552856,,0.03,0.4,legacy,,,,,,100000000.0,,20000000.0,0.05,backtest_results_v9_retention_20260531\topfocus_avgw3_test_legacy_finegrid\v9_daily_alpha_top_order.jsonl,,,,,,,,,,
backtest_results_v9_retention_20260531\avgw3_test_target3_execution_cap5_adv20m_holdgrid\execution_constrained_summary.csv,5,70.19659538157632,2.661201753700563,0.1337859077552856,,0.03,0.4,legacy,,,,,,100000000.0,,20000000.0,0.05,backtest_results_v9_retention_20260531\topfocus_avgw3_test_legacy_finegrid\v9_daily_alpha_top_order.jsonl,,,,,,,,,,
locked_candidate_confirmation_20260614\confirmation_summary.csv,16,74.65738929625812,2.6453272138153365,0.1258528706097012,,0.006,0.1,legacy,,,,,,1000000.0,1.0,,,,0.2,,,,frozen_v9,,,lag1,,
backtest_results_v9_retention_20260531\raw_avgw3_rankblend_open_to_open_exec1m_summary.csv,24,71.16613238069245,2.6443082166915266,0.1579047267095643,test,0.03,0.6,legacy,,,,,,1000000.0,0.0,20000000.0,0.05,F:\stock_prediction\deepseek_model_exp\backtest_results_v9_retention_20260531\raw_avgw3_rankblend_test_w25_75\combined_alpha_top_order.jsonl,,open_to_open,,,,,,,,
backtest_results_v9_retention_20260531\raw_avgw3_rankblend_test_w25_75_open_to_open_exec1m_cap5_min20\open_execution_summary.csv,4,71.16613238069245,2.6443082166915266,0.1579047267095643,,0.03,0.6,legacy,,,,,,1000000.0,0.0,20000000.0,0.05,F:\stock_prediction\deepseek_model_exp\backtest_results_v9_retention_20260531\raw_avgw3_rankblend_test_w25_75\combined_alpha_top_order.jsonl,,open_to_open,,,,,,,,
backtest_results_v9_retention_20260531\avgw3_test_target3_execution_cap5_min20_lag1\execution_constrained_summary.csv,2,68.59241408498842,2.619795649835982,0.1364349951731965,,0.03,0.4,legacy,,,,,,100000000.0,1.0,20000000.0,0.05,backtest_results_v9_retention_20260531\topfocus_avgw3_test_legacy_finegrid\v9_daily_alpha_top_order.jsonl,,,,,,,,,,
backtest_results_test_plan_share_ledger_primary_test\yearly_summary.csv,6,76.00011625368599,2.6112519482519234,0.0861142715620139,,,,,,,,,2026,,,,,,,,,,,,,,,
backtest_results_v9_retention_20260531\final_legacy_test_target3_hold50_open_to_open_exec1m_2xcost\open_execution_summary.csv,1,67.26684236025461,2.557217275500378,0.1541790561864783,,0.03,0.5,legacy,,,,,,1000000.0,0.0,20000000.0,0.05,F:\stock_prediction\deepseek_model_exp\backtest_results_v9_retention_20260531\topfocus_avgw3_test_legacy_finegrid\v9_daily_alpha_top_order.jsonl,,open_to_open,,,,,,,,
backtest_results_test_plan_small_account_avgw3_test\execution_constraint_sweep_summary.csv,2,67.14051992769936,2.552136969162964,0.1344084865324949,,0.03,0.3,legacy,,,,,,500000.0,0.0,3000000.0,0.05,backtest_results_test_plan_v9_avgw3_test\v9_daily_alpha_top_order.jsonl,,,,,,,,,,
backtest_results_test_plan_small_account_avgw3_test\top_by_sharpe.csv,2,67.14051992769936,2.552136969162964,0.1344084865324949,,0.03,0.3,legacy,,,,,,500000.0,0.0,3000000.0,0.05,backtest_results_test_plan_v9_avgw3_test\v9_daily_alpha_top_order.jsonl,,,,,,,,,,
backtest_results_v9_retention_20260531\avgw3_test_target3_open_to_open_exec1m_cap5_min50\open_execution_summary.csv,3,65.2893062380281,2.519352784209121,0.1562456140342396,,0.03,0.5,legacy,,,,,,1000000.0,0.0,50000000.0,0.05,F:\stock_prediction\deepseek_model_exp\backtest_results_v9_retention_20260531\topfocus_avgw3_test_legacy_finegrid\v9_daily_alpha_top_order.jsonl,,open_to_open,,,,,,,,
backtest_results_exp_blend_raw75_avg25_test\ledger\yearly_summary.csv,6,72.91932527227785,2.5192432403378677,0.1260346022712298,,,,,,,,,2025,,,,,,,,,,,,,,,
backtest_results_v9_retention_20260531\avgw3_test_target3_execution_cap5_adv20m_hold3040_cost2x\execution_constrained_summary.csv,2,63.11206984442235,2.455562051569125,0.1356186651091069,,0.03,0.4,legacy,,,,,,100000000.0,,20000000.0,0.05,backtest_results_v9_retention_20260531\topfocus_avgw3_test_legacy_finegrid\v9_daily_alpha_top_order.jsonl,,,,,,,,,,
backtest_results_v9_retention_20260531\raw_test_target3_execution_cap5_adv20m_holdgrid\execution_constrained_summary.csv,5,61.85943422785185,2.405194287894637,0.1243438960752054,,0.03,0.5,legacy,,,,,,100000000.0,,20000000.0,0.05,backtest_results_v9_retention_20260531\topfocus_raw_test_legacy_target3\v9_daily_alpha_top_order.jsonl,,,,,,,,,,
reranker_confirmation_20260615\meta_gate_v41\summary.csv,16,52.33243681433248,2.3901228016947607,0.1092073216062735,,0.006,0.1,legacy,,,,,,1000000.0,0.0,,,,0.2,,,,v41,,,base,,
backtest_results_v9_retention_20260531\avgw3_test_targetfine_open_to_open_exec1m_cap5_min20_market_none\open_execution_summary.csv,4,78.0918554423162,2.376943996880759,0.1911635370134022,,0.03,0.5,none,,,,,,1000000.0,0.0,20000000.0,0.05,F:\stock_prediction\deepseek_model_exp\backtest_results_v9_retention_20260531\topfocus_avgw3_test_legacy_finegrid\v9_daily_alpha_top_order.jsonl,,open_to_open,,,,,,,,
backtest_results_v9_retention_20260531\v9v10_rankens_test_w75_25_exec100m_cap5_min20\yearly_summary.csv,6,57.6736286929171,2.356429867736248,0.1267085137338404,,,,,,,,,2025,,,,,,,,,,,,,,,
backtest_results_v9_retention_20260531\v9v10_rankens_exec100m_cap5_min20_summary.csv,12,58.40042492537663,2.3541804951532947,0.1267085137338404,test,,,,,,,,,,,,,,,,,,,,,,,
backtest_results_v9_retention_20260531\v9v10_rankens_test_w75_25_exec100m_cap5_min20\execution_constrained_summary.csv,2,58.40042492537663,2.3541804951532947,0.1267085137338404,,0.03,0.4,legacy,,,,,,100000000.0,,20000000.0,0.05,backtest_results_v9_retention_20260531\v9v10_rankens_test_w75_25\combined_alpha_top_order.jsonl,,,,,,,,,,
backtest_results_test_plan_fixed_names_avgw3_test\execution_constraint_sweep_summary.csv,2,75.2322790624866,2.3387290777126744,0.1921292506886847,,0.004,0.06,legacy,,,,,,500000.0,0.0,3000000.0,0.05,backtest_results_test_plan_v9_avgw3_test\v9_daily_alpha_top_order.jsonl,,,,,,,,,,
backtest_results_test_plan_fixed_names_avgw3_test\top_by_sharpe.csv,2,75.2322790624866,2.3387290777126744,0.1921292506886847,,0.004,0.06,legacy,,,,,,500000.0,0.0,3000000.0,0.05,backtest_results_test_plan_v9_avgw3_test\v9_daily_alpha_top_order.jsonl,,,,,,,,,,
backtest_results_v9_retention_20260531\v9v10_rankens_test_w50_50_exec100m_cap5_min20\yearly_summary.csv,6,57.45683614376536,2.325148180768756,0.1253508917923138,,,,,,,,,2025,,,,,,,,,,,,,,,
backtest_results_exp_consensus_geo_test\ledger\yearly_summary.csv,6,57.68257211194412,2.313339312052254,0.1278791949252919,,,,,,,,,2025,,,,,,,,,,,,,,,
backtest_results_exp_blend_raw75_avg25_hold100_test\ledger\execution_constraint_sweep_summary.csv,2,65.9351284632323,2.3116756070991618,0.1280183795996569,,0.004,0.1,legacy,,,,,,500000.0,0.0,3000000.0,0.05,backtest_results_exp_blend_raw75_avg25_test\alpha.jsonl,,,,,,,,,,
backtest_results_exp_blend_raw75_avg25_hold100_test\ledger\top_by_sharpe.csv,2,65.9351284632323,2.3116756070991618,0.1280183795996569,,0.004,0.1,legacy,,,,,,500000.0,0.0,3000000.0,0.05,backtest_results_exp_blend_raw75_avg25_test\alpha.jsonl,,,,,,,,,,
backtest_results_v9_retention_20260531\raw_test_target3_execution_cap5_adv20m\execution_constrained_summary.csv,2,60.15020432487317,2.3109348386960047,0.1268487928769744,,0.03,0.4,legacy,,,,,,100000000.0,,20000000.0,0.05,backtest_results_v9_retention_20260531\topfocus_raw_test_legacy_target3\v9_daily_alpha_top_order.jsonl,,,,,,,,,,
backtest_results_v9_retention_20260531\raw_avgw3_rankblend_test_w50_50_open_to_open_exec1m_cap5_min20\open_execution_summary.csv,4,59.05114151151179,2.282686871401639,0.1643640788915737,,0.035,0.6,legacy,,,,,,1000000.0,0.0,20000000.0,0.05,F:\stock_prediction\deepseek_model_exp\backtest_results_v9_retention_20260531\raw_avgw3_rankblend_test_w50_50\combined_alpha_top_order.jsonl,,open_to_open,,,,,,,,
backtest_results_v9_retention_20260531\v9v10_rankens_test_w50_50_exec100m_cap5_min20\execution_constrained_summary.csv,2,56.59309399576318,2.28018080267133,0.1253508917923138,,0.03,0.4,legacy,,,,,,100000000.0,,20000000.0,0.05,backtest_results_v9_retention_20260531\v9v10_rankens_test_w50_50\combined_alpha_top_order.jsonl,,,,,,,,,,
backtest_results_exp_consensus_geo_test\ledger\execution_constraint_sweep_summary.csv,2,56.65138269100862,2.262572936394214,0.1278791949252919,,0.01,0.06,legacy,,,,,,1000000.0,0.0,3000000.0,0.05,backtest_results_exp_consensus_geo_test\alpha.jsonl,,,,,,,,,,
backtest_results_exp_consensus_geo_test\ledger\top_by_sharpe.csv,2,56.65138269100862,2.262572936394214,0.1278791949252919,,0.01,0.06,legacy,,,,,,1000000.0,0.0,3000000.0,0.05,backtest_results_exp_consensus_geo_test\alpha.jsonl,,,,,,,,,,
backtest_result_snapshots\20260531_temporal_test_stage_breakdown\yearly_summary.csv,18,65.27833609421513,2.2598814233112745,16.767557251963808,,,,,,,,,2025,,,,,,,,,,,,,,,
backtest_results_v9_retention_20260531\topfocus_raw_val_legacy_target3\yearly_summary.csv,6,119.23212544092046,2.2480246313997583,0.1580722651316241,,,,,,,,,2024,,,,,,,,,,,,,,,
backtest_results_exp_blend_raw75_avg25_test\ledger\execution_constraint_sweep_summary.csv,2,62.72966314916331,2.242853431006586,0.1260346022712298,,0.004,0.06,legacy,,,,,,500000.0,0.0,3000000.0,0.05,backtest_results_exp_blend_raw75_avg25_test\alpha.jsonl,,,,,,,,,,
backtest_results_exp_blend_raw75_avg25_test\ledger\top_by_sharpe.csv,2,62.72966314916331,2.242853431006586,0.1260346022712298,,0.004,0.06,legacy,,,,,,500000.0,0.0,3000000.0,0.05,backtest_results_exp_blend_raw75_avg25_test\alpha.jsonl,,,,,,,,,,
backtest_results_test_plan_small_account_raw_test\execution_constraint_sweep_summary.csv,2,58.09980430123025,2.2388883323196507,0.1315132495325625,,0.03,0.3,legacy,,,,,,500000.0,0.0,3000000.0,0.05,backtest_results_test_plan_v9_raw_test\v9_daily_alpha_top_order.jsonl,,,,,,,,,,
backtest_results_test_plan_small_account_raw_test\top_by_sharpe.csv,2,58.09980430123025,2.2388883323196507,0.1315132495325625,,0.03,0.3,legacy,,,,,,500000.0,0.0,3000000.0,0.05,backtest_results_test_plan_v9_raw_test\v9_daily_alpha_top_order.jsonl,,,,,,,,,,
backtest_results_v9_retention_20260531\raw_avgw3_rankblend_test_w75_25_open_to_open_exec1m_cap5_min20\open_execution_summary.csv,4,58.21163127144573,2.2173589304463435,0.1701863246782545,,0.03,0.6,legacy,,,,,,1000000.0,0.0,20000000.0,0.05,F:\stock_prediction\deepseek_model_exp\backtest_results_v9_retention_20260531\raw_avgw3_rankblend_test_w75_25\combined_alpha_top_order.jsonl,,open_to_open,,,,,,,,
reranker_confirmation_20260615\regression_v3\summary.csv,16,45.907653496490354,2.2020594219513505,0.1150765669267785,,0.006,0.1,legacy,,,,,,1000000.0,1.0,,,,0.2,,,,v3,,,lag1,,
backtest_results_test_plan_v9_raw_val\yearly_summary.csv,6,111.8445472028164,2.166728610747536,0.1568546555040399,,,,,,,,,2024,,,,,,,,,,,,,,,
backtest_results_v9_retention_20260531\v9v10_rankens_test_w25_75_exec100m_cap5_min20\yearly_summary.csv,6,55.17239689290467,2.1664154099802544,0.1150287001550737,,,,,,,,,2026,,,,,,,,,,,,,,,
backtest_result_snapshots\20260531_temporal_market_timing_summary.csv,18,48.73162521788386,2.161032194272129,0.125810499648305,test,0.3,0.8,legacy,,,,,,,,,,,,,,,,,,,,
_archive_results_20260604\backtest_results_temporal_retention_20260531\h3h5h7_longonly_test_market_legacy_t30h80\temporal_retention_summary.csv,1,48.73162521788386,2.161032194272129,0.125810499648305,,0.3,0.8,legacy,,,,equal,,,,,,,,,,,,,,,,
backtest_results_exp_rebalance_band10_pv1m_test\execution_constraint_sweep_summary.csv,1,55.57668758198777,2.160744494116142,0.1221351754570749,,0.006,0.1,legacy,,,,,,1000000.0,0.0,3000000.0,0.05,backtest_results_test_plan_v9_avgw3_test\v9_daily_alpha_top_order.jsonl,0.1,,,,,,,,,
backtest_results_exp_rebalance_band10_pv1m_test\top_by_sharpe.csv,1,55.57668758198777,2.160744494116142,0.1221351754570749,,0.006,0.1,legacy,,,,,,1000000.0,0.0,3000000.0,0.05,backtest_results_test_plan_v9_avgw3_test\v9_daily_alpha_top_order.jsonl,0.1,,,,,,,,,
backtest_results_exp_rebalance_band20_test\execution_constraint_sweep_summary.csv,2,55.42115684158515,2.158572741971922,0.1213986000406924,,0.006,0.1,legacy,,,,,,1000000.0,0.0,3000000.0,0.05,backtest_results_test_plan_v9_avgw3_test\v9_daily_alpha_top_order.jsonl,0.2,,,,,,,,,
backtest_results_exp_rebalance_band20_test\top_by_sharpe.csv,2,55.42115684158515,2.158572741971922,0.1213986000406924,,0.006,0.1,legacy,,,,,,1000000.0,0.0,3000000.0,0.05,backtest_results_test_plan_v9_avgw3_test\v9_daily_alpha_top_order.jsonl,0.2,,,,,,,,,
backtest_results_v9_retention_20260531\v9v10_rankens_test_w25_75_exec100m_cap5_min20\execution_constrained_summary.csv,2,52.35649679720422,2.1582494666983374,0.1271529365065061,,0.03,0.4,legacy,,,,,,100000000.0,,20000000.0,0.05,backtest_results_v9_retention_20260531\v9v10_rankens_test_w25_75\combined_alpha_top_order.jsonl,,,,,,,,,,
_archive_results_20260604\backtest_results_temporal_retention_20260531\h3h5h7_longonly_test_market_legacy_one\temporal_retention_summary.csv,1,49.59328430444745,2.154128597602289,0.133001906332632,,0.2,0.8,legacy,,,,equal,,,,,,,,,,,,,,,,
reranker_confirmation_20260615\gated_v4\summary.csv,16,50.21127404141004,2.147359909859506,0.1075872058392278,,0.006,0.1,legacy,,,,,,1000000.0,1.0,,,,0.2,,,,v4,,,lag1,,
_archive_results_20260604\backtest_results_temporal_retention_20260531\h3h5h7_longonly_test_market_legacy_hold90\temporal_retention_summary.csv,1,48.52713231817189,2.144597062683258,0.1343939864446833,,0.2,0.9,legacy,,,,equal,,,,,,,,,,,,,,,,
_archive_results_20260604\backtest_results_temporal_retention_20260531\h3h5h7_longonly_h128_t64_n3000_test_best\temporal_retention_summary.csv,6,60.454658664858016,2.131386201619377,0.159791398855774,,0.3,0.8,,,,,equal,,,,,,,,,,,,,,,,
backtest_results_v9_retention_20260531\topfocus_raw_val_legacy_target3\v9_retention_summary.csv,2,109.50415596534675,2.127670708915381,0.1580722651316241,val,0.03,0.25,legacy,checkpoints_exp_topfocus_w005_topic\ultimate_v7_best.pt,v9_raw,1.0,equal,,,,,,,,,,,,,,,,
_archive_results_20260604\backtest_results_temporal_retention_20260531\h3h5h7_seed5590_5591_rankens_test_legacy\temporal_retention_summary.csv,4,45.22780609902806,2.1174996439140465,0.1256958743428565,,0.3,0.9,legacy,,,,equal,,,,,,,,,,,,,,,,
backtest_results_test_plan_share_ledger_primary_test\execution_constraint_sweep_summary.csv,2,54.25499101446971,2.1130553240810874,0.121969467263453,,0.006,0.1,legacy,,,,,,1000000.0,0.0,3000000.0,0.05,backtest_results_test_plan_v9_avgw3_test\v9_daily_alpha_top_order.jsonl,,,,,,,,,,
backtest_results_test_plan_share_ledger_primary_test\top_by_sharpe.csv,2,54.25499101446971,2.1130553240810874,0.121969467263453,,0.006,0.1,legacy,,,,,,1000000.0,0.0,3000000.0,0.05,backtest_results_test_plan_v9_avgw3_test\v9_daily_alpha_top_order.jsonl,,,,,,,,,,
backtest_results_topstable_epoch9_val_avgw3\yearly_summary.csv,3,97.32714131073934,2.056131707667643,0.1931250579676212,,,,,,,,,2024,,,,,,,,,,,,,,,
backtest_results_v9_retention_20260531\topfocus_raw_val_legacy_target3_cost2x\yearly_summary.csv,6,103.06633539405424,2.046951323942204,0.1595205631599628,,,,,,,,,2024,,,,,,,,,,,,,,,
_archive_results_20260604\backtest_results_temporal_retention_20260531\h3h5h7_longonly_test_market_dynamic_t30h80\temporal_retention_summary.csv,1,32.185580641243085,2.042291355104788,0.0866883114495962,,0.3,0.8,dynamic,,,,equal,,,,,,,,,,,,,,,,
backtest_results_test_plan_v9_raw_val\v9_retention_summary.csv,2,102.11263612837855,2.0408934474072136,0.1568546555040399,val,0.03,0.3,legacy,checkpoints_exp_topfocus_w005_topic/ultimate_v7_best.pt,v9_raw,1.0,equal,,,,,,,,,,,,,,,,
_archive_results_20260604\backtest_results_temporal_retention_20260531\h3h5h7_seed5591_test_legacy_t20t30\temporal_retention_summary.csv,4,43.98991956291667,2.040498242678952,0.1251339710632577,,0.2,0.8,legacy,,,,equal,,,,,,,,,,,,,,,,
_archive_results_20260604\backtest_results_temporal_retention_20260531\h3h5h7_longonly_test_market_dynamic_one\temporal_retention_summary.csv,1,32.8089514774913,2.038950275424449,0.0922842894391763,,0.2,0.8,dynamic,,,,equal,,,,,,,,,,,,,,,,
_archive_results_20260604\backtest_results_temporal_retention_20260531\h3h5h7_longonly_test_market_dynamic_hold90\temporal_retention_summary.csv,1,32.29235687707277,2.030319915345689,0.0938119102017699,,0.2,0.9,dynamic,,,,equal,,,,,,,,,,,,,,,,
_archive_results_20260604\backtest_results_temporal_retention_20260531\h3h5h7_seed5592_test_legacy_t20t30\temporal_retention_summary.csv,4,41.302333371234056,2.022766651605765,0.1178163945930752,,0.2,0.8,legacy,,,,equal,,,,,,,,,,,,,,,,
backtest_results_test_plan_share_ledger_avgw3_test\yearly_summary.csv,6,53.38186736731485,2.01581200464256,0.1290239812545325,,,,,,,,,2025,,,,,,,,,,,,,,,
_archive_results_20260604\backtest_results_temporal_retention_20260531\h3h5h7_seed5591_test_extreme_hold\temporal_retention_summary.csv,4,54.301294245139765,2.00225382445281,0.1580182881948856,,0.2,0.8,none,,,,equal,,,,,,,,,,,,,,,,
backtest_results_topstable_epoch9_val_avgw3\v9_retention_summary.csv,1,89.76775790778946,1.9462683096753155,0.1931250579676212,val,0.006,0.1,legacy,checkpoints_exp_top06_stable_20260612\ultimate_v7_best.pt,v9_raw_persistent_average_w3,3.0,equal,,,,,,,,,,,,,,,,
backtest_results_v9_retention_20260531\topfocus_raw_val_legacy_target3_cost2x\v9_retention_summary.csv,2,94.09830879350618,1.9274578253024404,0.1595205631599628,val,0.03,0.25,legacy,checkpoints_exp_topfocus_w005_topic\ultimate_v7_best.pt,v9_raw,1.0,equal,,,,,,,,,,,,,,,,
backtest_results_exp_legacy_bear40_test\execution_constraint_sweep_summary.csv,2,36.10544392658253,1.8269357121718104,0.0951638328446254,,0.006,0.1,legacy,,,,,,1000000.0,0.0,3000000.0,0.05,backtest_results_test_plan_v9_avgw3_test\v9_daily_alpha_top_order.jsonl,,,,,,,,,,
backtest_results_exp_legacy_bear40_test\top_by_sharpe.csv,2,36.10544392658253,1.8269357121718104,0.0951638328446254,,0.006,0.1,legacy,,,,,,1000000.0,0.0,3000000.0,0.05,backtest_results_test_plan_v9_avgw3_test\v9_daily_alpha_top_order.jsonl,,,,,,,,,,
backtest_results_test_plan_share_ledger_avgw3_test\execution_constraint_sweep_summary.csv,2,49.39285619891085,1.825438050920928,0.1345830483960577,,0.004,0.06,legacy,,,,,,1000000.0,0.0,3000000.0,0.05,backtest_results_test_plan_v9_avgw3_test\v9_daily_alpha_top_order.jsonl,,,,,,,,,,
backtest_results_test_plan_share_ledger_avgw3_test\top_by_sharpe.csv,2,49.39285619891085,1.825438050920928,0.1345830483960577,,0.004,0.06,legacy,,,,,,1000000.0,0.0,3000000.0,0.05,backtest_results_test_plan_v9_avgw3_test\v9_daily_alpha_top_order.jsonl,,,,,,,,,,
_archive_results_20260604\backtest_results_temporal_daily_top_20260531\h3h5h7_longonly_h128_t64_n3000_test_daily_top\temporal_daily_top_summary.csv,4,47.700131186456375,1.7553205021221172,0.1545117027667477,,,,,,,,,,,,,,,,,,,,,,,,
backtest_results_exp_legacy_bear40_val\yearly_summary.csv,6,62.447716314403664,1.7419656847748783,0.1226659924369304,,,,,,,,,2024,,,,,,,,,,,,,,,
backtest_results_exp_blend_raw75_avg25_val\ledger\yearly_summary.csv,36,66.39890908369588,1.719115472420255,0.2172769844061472,,,,,,,,,2024,,,,,,,,,,,,,,,
backtest_results_v9_retention_20260531\topfocus_avgw3_val_legacy_finegrid\yearly_summary.csv,90,71.91108345599555,1.7182669069755072,0.1662201587515846,,,,,,,,,2024,,,,,,,,,,,,,,,
backtest_results_exp_legacy_bear50_val\yearly_summary.csv,6,61.93960412259303,1.7132558193067664,0.1343105602970644,,,,,,,,,2024,,,,,,,,,,,,,,,
backtest_results_test_plan_v9_avgw3_val\yearly_summary.csv,6,70.52885752873897,1.7111138812591946,0.1538762897865639,,,,,,,,,2024,,,,,,,,,,,,,,,
backtest_results_exp_band20_mintrade_val\yearly_summary.csv,36,64.38098886601114,1.7051278179725522,0.1546072455442367,,,,,,,,,2024,,,,,,,,,,,,,,,
backtest_results_exp_rebalance_band_val\yearly_summary.csv,36,63.17805541319801,1.7047051889713276,0.1486714729961006,,,,,,,,,2024,,,,,,,,,,,,,,,
backtest_results_exp_band20_ranktilt_val\yearly_summary.csv,36,64.40346358522191,1.7041381399679902,0.1547681748688182,,,,,,,,,2024,,,,,,,,,,,,,,,
backtest_results_exp_band20_volpen_val\yearly_summary.csv,36,64.40346358522191,1.7041381399679902,0.1547681748688182,,,,,,,,,2024,,,,,,,,,,,,,,,
backtest_results_exp_consensus_geo_val\ledger\yearly_summary.csv,36,61.87174299519842,1.7026064450587877,0.1821840607218859,,,,,,,,,2024,,,,,,,,,,,,,,,
backtest_results_exp_base_avgw3_val\yearly_summary.csv,3,74.64855172203777,1.698391270192603,0.2033114362259219,,,,,,,,,2024,,,,,,,,,,,,,,,
backtest_results_exp_consensus_min_val\ledger\yearly_summary.csv,36,64.17525038693834,1.695006088639167,0.236988797819494,,,,,,,,,2024,,,,,,,,,,,,,,,
backtest_results_exp_topic_pairwise_blend_80_val\ledger\yearly_summary.csv,6,61.275489569600005,1.6936332978090765,0.157695135982996,,,,,,,,,2024,,,,,,,,,,,,,,,
backtest_results_exp_legacy_bear60_val\yearly_summary.csv,6,62.12884306572544,1.6878063014530806,0.1463221563029464,,,,,,,,,2024,,,,,,,,,,,,,,,
backtest_results_exp_pairwise_w001_avgw3_val\yearly_summary.csv,3,79.9471376139279,1.686320748526988,0.1673320809433151,,,,,,,,,2024,,,,,,,,,,,,,,,
backtest_results_exp_band20_rankshrink_val\yearly_summary.csv,30,63.59818812900328,1.6853884979191482,0.1558585815155992,,,,,,,,,2024,,,,,,,,,,,,,,,
backtest_results_exp_blend_raw50_avg50_val\ledger\yearly_summary.csv,36,60.47953059314859,1.676095866071079,0.1848487086581796,,,,,,,,,2024,,,,,,,,,,,,,,,
backtest_results_exp_topic_pairwise_blend_90_val\ledger\yearly_summary.csv,6,60.324958067984944,1.672254536251014,0.1600599036583646,,,,,,,,,2024,,,,,,,,,,,,,,,
backtest_results_exp_legacy_bear40_val\execution_constraint_sweep_summary.csv,2,58.72294039809793,1.669265873518801,0.1226659924369304,,0.006,0.1,legacy,,,,,,1000000.0,0.0,3000000.0,0.05,backtest_results_test_plan_v9_avgw3_val\v9_daily_alpha_top_order.jsonl,,,,,,,,,,
backtest_results_exp_legacy_bear40_val\top_by_sharpe.csv,2,58.72294039809793,1.669265873518801,0.1226659924369304,,0.006,0.1,legacy,,,,,,1000000.0,0.0,3000000.0,0.05,backtest_results_test_plan_v9_avgw3_val\v9_daily_alpha_top_order.jsonl,,,,,,,,,,
backtest_results_exp_topic_pairwise_blend_70_val\ledger\yearly_summary.csv,6,60.93324048176992,1.659196171554003,0.1468805609643804,,,,,,,,,2024,,,,,,,,,,,,,,,
backtest_results_exp_ablate_fundamental_avgw3_val\yearly_summary.csv,3,73.80612613822166,1.6524671126602268,0.1823254137174347,,,,,,,,,2024,,,,,,,,,,,,,,,
backtest_results_test_plan_share_ledger_candidate_sweep_val\yearly_summary.csv,36,61.85137912629733,1.6492219029590345,0.1569216507799539,,,,,,,,,2024,,,,,,,,,,,,,,,
backtest_results_exp_legacy_bear50_val\execution_constraint_sweep_summary.csv,2,57.65823733347351,1.6289603543498496,0.1343105602970644,,0.006,0.1,legacy,,,,,,1000000.0,0.0,3000000.0,0.05,backtest_results_test_plan_v9_avgw3_val\v9_daily_alpha_top_order.jsonl,,,,,,,,,,
backtest_results_exp_legacy_bear50_val\top_by_sharpe.csv,2,57.65823733347351,1.6289603543498496,0.1343105602970644,,0.006,0.1,legacy,,,,,,1000000.0,0.0,3000000.0,0.05,backtest_results_test_plan_v9_avgw3_val\v9_daily_alpha_top_order.jsonl,,,,,,,,,,
candidate_model_validation_20260614\candidate_validation_summary.csv,64,59.55837875315066,1.6247412948091071,0.1552243462277643,,0.006,0.1,legacy,operational reference,,,,,500000.0,0.0,,,,0.2,,,,frozen_v9,,,base,maxret095,
lag1_checkpoint_sweep_m0_20260616\candidate_validation_summary.csv,32,59.55837875315066,1.6247412948091071,0.1552243462277643,,0.006,0.1,legacy,operational reference,,,,,500000.0,0.0,,,,0.2,,,,frozen_v9,,,base,maxret095,
loss_ablation_portfolio_validation_20260614\candidate_validation_summary.csv,128,59.55837875315066,1.6247412948091071,0.1552243462277643,,0.006,0.1,legacy,operational reference,,,,,500000.0,0.0,,,,0.2,,,,frozen_v9,,,base,maxret095,
multi_loss_validation_20260614\portfolio\candidate_validation_summary.csv,144,59.55837875315066,1.6247412948091071,0.1552243462277643,,0.006,0.1,legacy,operational reference,,,,,500000.0,0.0,,,,0.2,,,,frozen_v9,,,base,maxret095,
backtest_results_exp_topic_pairwise_blend_80_val\ledger\execution_constraint_sweep_summary.csv,2,57.26544670704261,1.614919508061945,0.157695135982996,,0.006,0.1,legacy,,,,,,500000.0,0.0,3000000.0,0.05,backtest_results_exp_topic_pairwise_blend_80_val\alpha.jsonl,0.2,,,,,,,,,
backtest_results_exp_topic_pairwise_blend_80_val\ledger\top_by_sharpe.csv,2,57.26544670704261,1.614919508061945,0.157695135982996,,0.006,0.1,legacy,,,,,,500000.0,0.0,3000000.0,0.05,backtest_results_exp_topic_pairwise_blend_80_val\alpha.jsonl,0.2,,,,,,,,,
backtest_results_exp_blend_raw75_avg25_val\ledger\execution_constraint_sweep_summary.csv,12,60.75211126099956,1.6144537685760856,0.2172769844061472,,0.004,0.06,legacy,,,,,,1000000.0,0.0,3000000.0,0.05,backtest_results_exp_blend_raw75_avg25_val\alpha.jsonl,,,,,,,,,,
backtest_results_exp_blend_raw75_avg25_val\ledger\top_by_sharpe.csv,12,60.75211126099956,1.6144537685760856,0.2172769844061472,,0.004,0.06,legacy,,,,,,1000000.0,0.0,3000000.0,0.05,backtest_results_exp_blend_raw75_avg25_val\alpha.jsonl,,,,,,,,,,
backtest_results_exp_rank_smooth_w3_val\ledger\yearly_summary.csv,6,58.91808809578758,1.6083153258520793,0.154569197522911,,,,,,,,,2024,,,,,,,,,,,,,,,
backtest_results_exp_blend_raw25_avg75_val\ledger\yearly_summary.csv,36,57.45136023870516,1.606677205731179,0.189834378078263,,,,,,,,,2024,,,,,,,,,,,,,,,
backtest_results_exp_rebalance_band_val\execution_constraint_sweep_summary.csv,12,58.975929357128855,1.598253260184895,0.1513370608619545,,0.006,0.1,legacy,,,,,,1000000.0,0.0,3000000.0,0.05,backtest_results_test_plan_v9_avgw3_val\v9_daily_alpha_top_order.jsonl,0.1,,,,,,,,,
backtest_results_exp_rebalance_band_val\top_by_sharpe.csv,12,58.975929357128855,1.598253260184895,0.1513370608619545,,0.006,0.1,legacy,,,,,,1000000.0,0.0,3000000.0,0.05,backtest_results_test_plan_v9_avgw3_val\v9_daily_alpha_top_order.jsonl,0.1,,,,,,,,,
backtest_results_exp_band20_mintrade_val\execution_constraint_sweep_summary.csv,12,58.805272036261,1.598177513169787,0.1546072455442367,,0.006,0.1,legacy,,,,,,1000000.0,0.0,3000000.0,0.05,backtest_results_test_plan_v9_avgw3_val\v9_daily_alpha_top_order.jsonl,0.2,,,,,,,,,
backtest_results_exp_band20_mintrade_val\top_by_sharpe.csv,12,58.805272036261,1.598177513169787,0.1546072455442367,,0.006,0.1,legacy,,,,,,1000000.0,0.0,3000000.0,0.05,backtest_results_test_plan_v9_avgw3_val\v9_daily_alpha_top_order.jsonl,0.2,,,,,,,,,
backtest_results_exp_consensus_geo_val\ledger\execution_constraint_sweep_summary.csv,12,56.66279171258826,1.597841192995825,0.1821840607218859,,0.01,0.06,legacy,,,,,,1000000.0,0.0,3000000.0,0.05,backtest_results_exp_consensus_geo_val\alpha.jsonl,,,,,,,,,,
backtest_results_exp_consensus_geo_val\ledger\top_by_sharpe.csv,12,56.66279171258826,1.597841192995825,0.1821840607218859,,0.01,0.06,legacy,,,,,,1000000.0,0.0,3000000.0,0.05,backtest_results_exp_consensus_geo_val\alpha.jsonl,,,,,,,,,,
backtest_results_exp_band20_ranktilt_val\execution_constraint_sweep_summary.csv,12,58.8274466714839,1.597317081198393,0.1547681748688182,,0.006,0.1,legacy,,,,,,1000000.0,0.0,3000000.0,0.05,backtest_results_test_plan_v9_avgw3_val\v9_daily_alpha_top_order.jsonl,0.2,,,,,,,,,
backtest_results_exp_band20_ranktilt_val\top_by_sharpe.csv,12,58.8274466714839,1.597317081198393,0.1547681748688182,,0.006,0.1,legacy,,,,,,1000000.0,0.0,3000000.0,0.05,backtest_results_test_plan_v9_avgw3_val\v9_daily_alpha_top_order.jsonl,0.2,,,,,,,,,
backtest_results_exp_band20_volpen_val\execution_constraint_sweep_summary.csv,12,58.8274466714839,1.597317081198393,0.1547681748688182,,0.006,0.1,legacy,,,,,,1000000.0,0.0,3000000.0,0.05,backtest_results_test_plan_v9_avgw3_val\v9_daily_alpha_top_order.jsonl,0.2,,,,,,,,,
backtest_results_exp_band20_volpen_val\top_by_sharpe.csv,12,58.8274466714839,1.597317081198393,0.1547681748688182,,0.006,0.1,legacy,,,,,,1000000.0,0.0,3000000.0,0.05,backtest_results_test_plan_v9_avgw3_val\v9_daily_alpha_top_order.jsonl,0.2,,,,,,,,,
backtest_results_exp_legacy_bear60_val\execution_constraint_sweep_summary.csv,2,57.26251728559464,1.5926910256133648,0.1463221563029464,,0.006,0.1,legacy,,,,,,1000000.0,0.0,3000000.0,0.05,backtest_results_test_plan_v9_avgw3_val\v9_daily_alpha_top_order.jsonl,,,,,,,,,,
backtest_results_exp_legacy_bear60_val\top_by_sharpe.csv,2,57.26251728559464,1.5926910256133648,0.1463221563029464,,0.006,0.1,legacy,,,,,,1000000.0,0.0,3000000.0,0.05,backtest_results_test_plan_v9_avgw3_val\v9_daily_alpha_top_order.jsonl,,,,,,,,,,
backtest_results_exp_legacy_bear80_val\yearly_summary.csv,6,60.63357071072,1.591186668675377,0.1683747235784558,,,,,,,,,2024,,,,,,,,,,,,,,,
backtest_results_v9_retention_20260531\topfocus_avgw3_val_legacy_finegrid_cost2x\yearly_summary.csv,9,63.5571046782353,1.590903627997453,0.1642640583108025,,,,,,,,,2024,,,,,,,,,,,,,,,
backtest_results_exp_pairwise_w001_band20_val\yearly_summary.csv,6,60.50146976329533,1.590801045861321,0.1649580567840748,,,,,,,,,2024,,,,,,,,,,,,,,,
backtest_results_test_plan_share_ledger_avgw3_val\yearly_summary.csv,6,58.90349153910775,1.5891323772294583,0.1786304771576831,,,,,,,,,2024,,,,,,,,,,,,,,,
backtest_results_exp_pairwise_w001_avgw3_val\v9_retention_summary.csv,1,73.18461466158594,1.5882211091539449,0.1673320809433151,val,0.006,0.1,legacy,checkpoints_exp_topfocus_w005_pairwise_w001_20260530_053300\ultimate_v7_best.pt,v9_raw_persistent_average_w3,3.0,equal,,,,,,,,,,,,,,,,
backtest_results_exp_market_dynamic_val\yearly_summary.csv,36,48.15997315543154,1.5881733598719097,0.1116589376200821,,,,,,,,,2024,,,,,,,,,,,,,,,
backtest_results_exp_topic_pairwise_blend_70_val\ledger\execution_constraint_sweep_summary.csv,2,57.15366330416829,1.587208288516604,0.1468805609643804,,0.006,0.1,legacy,,,,,,500000.0,0.0,3000000.0,0.05,backtest_results_exp_topic_pairwise_blend_70_val\alpha.jsonl,0.2,,,,,,,,,
backtest_results_exp_topic_pairwise_blend_70_val\ledger\top_by_sharpe.csv,2,57.15366330416829,1.587208288516604,0.1468805609643804,,0.006,0.1,legacy,,,,,,500000.0,0.0,3000000.0,0.05,backtest_results_exp_topic_pairwise_blend_70_val\alpha.jsonl,0.2,,,,,,,,,
backtest_results_exp_market_dynamic_min35_val\yearly_summary.csv,6,50.432038867099614,1.5853451211054483,0.1267840520293681,,,,,,,,,2024,,,,,,,,,,,,,,,
backtest_results_v9_retention_20260531\topfocus_avgw3_val_legacy_finegrid\v9_retention_summary.csv,30,64.11805978591715,1.5842416696451131,0.1662201587515846,val,0.03,0.25,legacy,checkpoints_exp_topfocus_w005_topic\ultimate_v7_best.pt,v9_raw_persistent_average_w3,3.0,equal,,,,,,,,,,,,,,,,
backtest_results_exp_band20_rankshrink_val\execution_constraint_sweep_summary.csv,10,58.21935484679468,1.5826998557502014,0.1558585815155992,,0.006,0.1,legacy,,,,,,500000.0,0.0,3000000.0,0.05,backtest_results_test_plan_v9_avgw3_val\v9_daily_alpha_top_order.jsonl,0.2,,,,,,,,,
backtest_results_exp_band20_rankshrink_val\top_by_sharpe.csv,10,58.21935484679468,1.5826998557502014,0.1558585815155992,,0.006,0.1,legacy,,,,,,500000.0,0.0,3000000.0,0.05,backtest_results_test_plan_v9_avgw3_val\v9_daily_alpha_top_order.jsonl,0.2,,,,,,,,,
backtest_results_exp_base_avgw3_val\v9_retention_summary.csv,1,67.25269166357013,1.5805718177749857,0.2033114362259219,val,0.006,0.1,legacy,checkpoints_exp\ultimate_v7_best.pt,v9_raw_persistent_average_w3,3.0,equal,,,,,,,,,,,,,,,,
backtest_results_test_plan_v9_avgw3_val\v9_retention_summary.csv,2,62.94697745117603,1.5782207145587472,0.1538762897865639,val,0.03,0.3,legacy,checkpoints_exp_topfocus_w005_topic/ultimate_v7_best.pt,v9_raw_persistent_average_w3,3.0,equal,,,,,,,,,,,,,,,,
backtest_results_exp_topic_pairwise_blend_90_val\ledger\execution_constraint_sweep_summary.csv,2,55.643116164256746,1.5779830464971694,0.1600599036583646,,0.006,0.1,legacy,,,,,,500000.0,0.0,3000000.0,0.05,backtest_results_exp_topic_pairwise_blend_90_val\alpha.jsonl,0.2,,,,,,,,,
backtest_results_exp_topic_pairwise_blend_90_val\ledger\top_by_sharpe.csv,2,55.643116164256746,1.5779830464971694,0.1600599036583646,,0.006,0.1,legacy,,,,,,500000.0,0.0,3000000.0,0.05,backtest_results_exp_topic_pairwise_blend_90_val\alpha.jsonl,0.2,,,,,,,,,
backtest_results_exp_rank_smooth_w4_val\ledger\yearly_summary.csv,6,55.29231926543061,1.5695134996998878,0.1581555484737408,,,,,,,,,2024,,,,,,,,,,,,,,,
backtest_results_exp_ablate_fundamental_avgw3_val\v9_retention_summary.csv,1,68.30910688432583,1.5687477873527682,0.1823254137174347,val,0.006,0.1,legacy,checkpoints_exp_topfocus_w005_topic\ultimate_v7_best.pt,v9_raw_persistent_average_w3,3.0,equal,,,,,,,,,,,,,,,,
backtest_results_exp_blend_raw50_avg50_val\ledger\execution_constraint_sweep_summary.csv,12,55.18793177488466,1.568474927934477,0.1848487086581796,,0.01,0.06,legacy,,,,,,1000000.0,0.0,3000000.0,0.05,backtest_results_exp_blend_raw50_avg50_val\alpha.jsonl,,,,,,,,,,
backtest_results_exp_blend_raw50_avg50_val\ledger\top_by_sharpe.csv,12,55.18793177488466,1.568474927934477,0.1848487086581796,,0.01,0.06,legacy,,,,,,1000000.0,0.0,3000000.0,0.05,backtest_results_exp_blend_raw50_avg50_val\alpha.jsonl,,,,,,,,,,
backtest_results_exp_consensus_min_val\ledger\execution_constraint_sweep_summary.csv,12,57.51901364264711,1.5655471681485125,0.236988797819494,,0.006,0.06,legacy,,,,,,1000000.0,0.0,3000000.0,0.05,backtest_results_exp_consensus_min_val\alpha.jsonl,,,,,,,,,,
backtest_results_exp_consensus_min_val\ledger\top_by_sharpe.csv,12,57.51901364264711,1.5655471681485125,0.236988797819494,,0.006,0.06,legacy,,,,,,1000000.0,0.0,3000000.0,0.05,backtest_results_exp_consensus_min_val\alpha.jsonl,,,,,,,,,,
backtest_results_test_plan_share_ledger_candidate_sweep_val\execution_constraint_sweep_summary.csv,12,56.38565940897129,1.5434505632742894,0.1569216507799539,,0.006,0.1,legacy,,,,,,1000000.0,0.0,3000000.0,0.05,backtest_results_test_plan_v9_avgw3_val\v9_daily_alpha_top_order.jsonl,,,,,,,,,,
backtest_results_test_plan_share_ledger_candidate_sweep_val\top_by_sharpe.csv,12,56.38565940897129,1.5434505632742894,0.1569216507799539,,0.006,0.1,legacy,,,,,,1000000.0,0.0,3000000.0,0.05,backtest_results_test_plan_v9_avgw3_val\v9_daily_alpha_top_order.jsonl,,,,,,,,,,
reranker_validation_20260615\regression_v3\summary.csv,8,54.12908080427818,1.5422226314321907,0.1557940217199017,,0.006,0.1,legacy,,,,,,1000000.0,0.0,,,,0.2,,,,regression_v3,,,base,,
reranker_validation_20260615\meta_gate_v41\summary.csv,16,55.842988549303584,1.5384330502542574,0.1556117940263464,,0.006,0.1,legacy,,,,,,1000000.0,0.0,,,,0.2,,,,v41,,,base,,
backtest_results_exp_market_dynamic_min50_val\yearly_summary.csv,6,51.83618099673102,1.5094227178063306,0.1590249040540508,,,,,,,,,2024,,,,,,,,,,,,,,,
backtest_results_exp_market_dynamic_val\execution_constraint_sweep_summary.csv,12,44.67559704464341,1.5022189897600873,0.1116589376200821,,0.006,0.1,dynamic,,,,,,1000000.0,0.0,3000000.0,0.05,backtest_results_test_plan_v9_avgw3_val\v9_daily_alpha_top_order.jsonl,,,,,,,,,,
backtest_results_exp_market_dynamic_val\top_by_sharpe.csv,12,44.67559704464341,1.5022189897600873,0.1116589376200821,,0.006,0.1,dynamic,,,,,,1000000.0,0.0,3000000.0,0.05,backtest_results_test_plan_v9_avgw3_val\v9_daily_alpha_top_order.jsonl,,,,,,,,,,
backtest_results_exp_rebalance_band20_stress_2x\yearly_summary.csv,6,54.07335373574127,1.5014647424235577,0.1694626935063582,,,,,,,,,2024,,,,,,,,,,,,,,,
backtest_results_test_plan_share_ledger_avgw3_val\execution_constraint_sweep_summary.csv,2,54.174039575600496,1.4973179829924583,0.1786304771576831,,0.004,0.06,legacy,,,,,,1000000.0,0.0,3000000.0,0.05,backtest_results_test_plan_v9_avgw3_val\v9_daily_alpha_top_order.jsonl,,,,,,,,,,
backtest_results_test_plan_share_ledger_avgw3_val\top_by_sharpe.csv,2,54.174039575600496,1.4973179829924583,0.1786304771576831,,0.004,0.06,legacy,,,,,,1000000.0,0.0,3000000.0,0.05,backtest_results_test_plan_v9_avgw3_val\v9_daily_alpha_top_order.jsonl,,,,,,,,,,
backtest_results_exp_rank_smooth_w2_val\ledger\yearly_summary.csv,6,52.84136957603322,1.4961072907618207,0.160313127027152,,,,,,,,,2024,,,,,,,,,,,,,,,
backtest_results_exp_blend_raw25_avg75_val\ledger\execution_constraint_sweep_summary.csv,12,51.83734146992314,1.4905804427828548,0.189834378078263,,0.01,0.06,legacy,,,,,,1000000.0,0.0,3000000.0,0.05,backtest_results_exp_blend_raw25_avg75_val\alpha.jsonl,,,,,,,,,,
backtest_results_exp_blend_raw25_avg75_val\ledger\top_by_sharpe.csv,12,51.83734146992314,1.4905804427828548,0.189834378078263,,0.01,0.06,legacy,,,,,,1000000.0,0.0,3000000.0,0.05,backtest_results_exp_blend_raw25_avg75_val\alpha.jsonl,,,,,,,,,,
backtest_results_exp_rebalance_band10_pv1m_stress_2x\yearly_summary.csv,3,53.53735926797265,1.4894886681571546,0.1681183783998225,,,,,,,,,2024,,,,,,,,,,,,,,,
backtest_results_exp_market_dynamic_min35_val\execution_constraint_sweep_summary.csv,2,46.32642100484416,1.4886078147227026,0.1267840520293681,,0.006,0.1,dynamic,,,,,,1000000.0,0.0,3000000.0,0.05,backtest_results_test_plan_v9_avgw3_val\v9_daily_alpha_top_order.jsonl,,,,,,,,,,
backtest_results_exp_market_dynamic_min35_val\top_by_sharpe.csv,2,46.32642100484416,1.4886078147227026,0.1267840520293681,,0.006,0.1,dynamic,,,,,,1000000.0,0.0,3000000.0,0.05,backtest_results_test_plan_v9_avgw3_val\v9_daily_alpha_top_order.jsonl,,,,,,,,,,
backtest_results_exp_rank_smooth_w3_val\ledger\execution_constraint_sweep_summary.csv,2,52.83690381720807,1.485938310249308,0.154569197522911,,0.006,0.1,legacy,,,,,,1000000.0,0.0,3000000.0,0.05,backtest_results_exp_rank_smooth_w3_val\alpha.jsonl,0.2,,,,,,,,,
backtest_results_exp_rank_smooth_w3_val\ledger\top_by_sharpe.csv,2,52.83690381720807,1.485938310249308,0.154569197522911,,0.006,0.1,legacy,,,,,,1000000.0,0.0,3000000.0,0.05,backtest_results_exp_rank_smooth_w3_val\alpha.jsonl,0.2,,,,,,,,,
backtest_results_exp_legacy_bear80_val\execution_constraint_sweep_summary.csv,2,54.734266009122855,1.4783281809356477,0.1683747235784558,,0.006,0.1,legacy,,,,,,1000000.0,0.0,3000000.0,0.05,backtest_results_test_plan_v9_avgw3_val\v9_daily_alpha_top_order.jsonl,,,,,,,,,,
backtest_results_exp_legacy_bear80_val\top_by_sharpe.csv,2,54.734266009122855,1.4783281809356477,0.1683747235784558,,0.006,0.1,legacy,,,,,,1000000.0,0.0,3000000.0,0.05,backtest_results_test_plan_v9_avgw3_val\v9_daily_alpha_top_order.jsonl,,,,,,,,,,
backtest_results_exp_pairwise_w001_band20_val\execution_constraint_sweep_summary.csv,2,54.1915667942873,1.4689632590062298,0.1649580567840748,,0.006,0.1,legacy,,,,,,1000000.0,0.0,3000000.0,0.05,backtest_results_exp_pairwise_w001_avgw3_val\v9_daily_alpha_top_order.jsonl,0.2,,,,,,,,,
backtest_results_exp_pairwise_w001_band20_val\top_by_sharpe.csv,2,54.1915667942873,1.4689632590062298,0.1649580567840748,,0.006,0.1,legacy,,,,,,1000000.0,0.0,3000000.0,0.05,backtest_results_exp_pairwise_w001_avgw3_val\v9_daily_alpha_top_order.jsonl,0.2,,,,,,,,,
backtest_results_exp_rank_smooth_w5_val\ledger\yearly_summary.csv,6,51.47381288345108,1.4672576225152578,0.1740024768758578,,,,,,,,,2024,,,,,,,,,,,,,,,
backtest_results_exp_rank_smooth_w4_val\ledger\execution_constraint_sweep_summary.csv,2,50.24861120469573,1.4641548178088544,0.1581555484737408,,0.006,0.1,legacy,,,,,,500000.0,0.0,3000000.0,0.05,backtest_results_exp_rank_smooth_w4_val\alpha.jsonl,0.2,,,,,,,,,
backtest_results_exp_rank_smooth_w4_val\ledger\top_by_sharpe.csv,2,50.24861120469573,1.4641548178088544,0.1581555484737408,,0.006,0.1,legacy,,,,,,500000.0,0.0,3000000.0,0.05,backtest_results_exp_rank_smooth_w4_val\alpha.jsonl,0.2,,,,,,,,,
backtest_results_v9_retention_20260531\topfocus_avgw3_val_legacy_finegrid_cost2x\v9_retention_summary.csv,3,56.264066858884455,1.4578408113334562,0.1642640583108025,val,0.03,0.3,legacy,checkpoints_exp_topfocus_w005_topic\ultimate_v7_best.pt,v9_raw_persistent_average_w3,3.0,equal,,,,,,,,,,,,,,,,
backtest_results_v9_retention_20260531\topfocus_avgw3_val_legacy_widegrid\yearly_summary.csv,90,52.627431579366736,1.4508377977593707,0.1492580837647298,,,,,,,,,2024,,,,,,,,,,,,,,,
backtest_results_test_plan_share_ledger_smoke\yearly_summary.csv,3,55.382569973166575,1.4270746304784176,0.2093676195521398,,,,,,,,,2024,,,,,,,,,,,,,,,
backtest_results_exp_market_dynamic_min65_val\yearly_summary.csv,6,52.16234776813948,1.4195975517953856,0.2032232343433493,,,,,,,,,2024,,,,,,,,,,,,,,,
backtest_results_exp_topret_avgw3_val\yearly_summary.csv,3,64.92254118235634,1.4169723103374068,0.2601698576659898,,,,,,,,,2024,,,,,,,,,,,,,,,
backtest_results_exp_blend_raw75_avg25_hold100_stress_2x\yearly_summary.csv,6,50.195112069335465,1.413169593266565,0.252999937564552,,,,,,,,,2024,,,,,,,,,,,,,,,
backtest_results_exp_market_dynamic_min50_val\execution_constraint_sweep_summary.csv,2,47.144037377354685,1.4080834071737764,0.1590249040540508,,0.006,0.1,dynamic,,,,,,1000000.0,0.0,3000000.0,0.05,backtest_results_test_plan_v9_avgw3_val\v9_daily_alpha_top_order.jsonl,,,,,,,,,,
backtest_results_exp_market_dynamic_min50_val\top_by_sharpe.csv,2,47.144037377354685,1.4080834071737764,0.1590249040540508,,0.006,0.1,dynamic,,,,,,1000000.0,0.0,3000000.0,0.05,backtest_results_test_plan_v9_avgw3_val\v9_daily_alpha_top_order.jsonl,,,,,,,,,,
backtest_results_test_plan_share_ledger_primary_stress_2x\yearly_summary.csv,6,49.32936874687657,1.4011510865973047,0.176300189690554,,,,,,,,,2024,,,,,,,,,,,,,,,
backtest_results_exp_rebalance_band20_stress_2x\execution_constraint_sweep_summary.csv,2,48.87773361659915,1.395498471978322,0.1694626935063582,,0.006,0.1,legacy,,,,,,1000000.0,0.0,3000000.0,0.05,backtest_results_test_plan_v9_avgw3_val\v9_daily_alpha_top_order.jsonl,0.2,,,,,,,,,
backtest_results_exp_rebalance_band20_stress_2x\top_by_sharpe.csv,2,48.87773361659915,1.395498471978322,0.1694626935063582,,0.006,0.1,legacy,,,,,,1000000.0,0.0,3000000.0,0.05,backtest_results_test_plan_v9_avgw3_val\v9_daily_alpha_top_order.jsonl,0.2,,,,,,,,,
backtest_results_exp_rebalance_band10_pv1m_stress_2x\execution_constraint_sweep_summary.csv,1,48.404050333710224,1.3845875279561402,0.1681183783998225,,0.006,0.1,legacy,,,,,,1000000.0,0.0,3000000.0,0.05,backtest_results_test_plan_v9_avgw3_val\v9_daily_alpha_top_order.jsonl,0.1,,,,,,,,,
backtest_results_exp_rebalance_band10_pv1m_stress_2x\top_by_sharpe.csv,1,48.404050333710224,1.3845875279561402,0.1681183783998225,,0.006,0.1,legacy,,,,,,1000000.0,0.0,3000000.0,0.05,backtest_results_test_plan_v9_avgw3_val\v9_daily_alpha_top_order.jsonl,0.1,,,,,,,,,
backtest_results_v9_retention_20260531\avgw3_val_execution_sensitivity_20260531\yearly_summary.csv,162,50.78401553815184,1.38406587998142,0.1623587040711468,,,,,,,,,2024,,,,,,,,,,,,,,,
backtest_results_v9_retention_20260531\avgw3_val_target3_execution_cap5_adv20m_holdgrid\yearly_summary.csv,15,50.78401553815184,1.38406587998142,0.1623587040711468,,,,,,,,,2024,,,,,,,,,,,,,,,
backtest_results_exp_ablate_fundamental_share_ledger_val\yearly_summary.csv,36,47.57385363425091,1.3775743182391995,0.1916930259914189,,,,,,,,,2024,,,,,,,,,,,,,,,
backtest_results_exp_rank_smooth_w2_val\ledger\execution_constraint_sweep_summary.csv,2,47.14468077543115,1.3753674125218376,0.160313127027152,,0.006,0.1,legacy,,,,,,1000000.0,0.0,3000000.0,0.05,backtest_results_exp_rank_smooth_w2_val\alpha.jsonl,0.2,,,,,,,,,
backtest_results_exp_rank_smooth_w2_val\ledger\top_by_sharpe.csv,2,47.14468077543115,1.3753674125218376,0.160313127027152,,0.006,0.1,legacy,,,,,,1000000.0,0.0,3000000.0,0.05,backtest_results_exp_rank_smooth_w2_val\alpha.jsonl,0.2,,,,,,,,,
backtest_results_exp_blend_raw75_avg25_stress_2x\yearly_summary.csv,6,48.67415892187565,1.3745115266127714,0.244556243601362,,,,,,,,,2024,,,,,,,,,,,,,,,
reranker_validation_20260615\conservative_v1\summary.csv,32,48.60859751133626,1.3652968274115296,0.1746863477548478,,0.006,0.1,legacy,,,,,,1000000.0,0.0,,,,0.2,,,,k3_m0w075,,,base,,
backtest_results_v9_retention_20260531\raw_val_target3_execution_cap5_adv20m\yearly_summary.csv,6,49.47701540846121,1.3625718633990629,0.1607751916741093,,,,,,,,,2024,,,,,,,,,,,,,,,
backtest_results_v9_retention_20260531\raw_val_target3_execution_cap5_adv20m_holdgrid\yearly_summary.csv,15,49.47701540846121,1.3625718633990629,0.1607751916741093,,,,,,,,,2024,,,,,,,,,,,,,,,
backtest_results_v9_retention_20260531\topfocus_compositew3_val_legacy_target3\yearly_summary.csv,6,55.12996362957192,1.3581403614901333,0.1418847881586382,,,,,,,,,2024,,,,,,,,,,,,,,,
reranker_validation_20260615\gated_v4\summary.csv,8,47.08539729865129,1.3555003461388593,0.1733456018622109,,0.006,0.1,legacy,,,,,,500000.0,0.0,,,,0.2,,,,gated_v4,,,base,,
backtest_results_exp_rank_smooth_w5_val\ledger\execution_constraint_sweep_summary.csv,2,45.855512527681874,1.3481381168893802,0.1740024768758578,,0.006,0.1,legacy,,,,,,500000.0,0.0,3000000.0,0.05,backtest_results_exp_rank_smooth_w5_val\alpha.jsonl,0.2,,,,,,,,,
backtest_results_exp_rank_smooth_w5_val\ledger\top_by_sharpe.csv,2,45.855512527681874,1.3481381168893802,0.1740024768758578,,0.006,0.1,legacy,,,,,,500000.0,0.0,3000000.0,0.05,backtest_results_exp_rank_smooth_w5_val\alpha.jsonl,0.2,,,,,,,,,
backtest_results_test_plan_share_ledger_smoke\execution_constrained_summary.csv,1,50.87899851749456,1.3452428555701887,0.2093676195521398,,0.004,0.06,legacy,,,,,,500000.0,0.0,3000000.0,0.05,backtest_results_test_plan_v9_avgw3_val\v9_daily_alpha_top_order.jsonl,,,,,,,,,,
backtest_results_test_plan_small_account_avgw3_val\yearly_summary.csv,12,48.24852124340442,1.3441707749566154,0.167721337666782,,,,,,,,,2024,,,,,,,,,,,,,,,
backtest_results_test_plan_small_account_raw_val\yearly_summary.csv,12,48.06639573193608,1.3355897985549687,0.1605591722343451,,,,,,,,,2024,,,,,,,,,,,,,,,
reranker_validation_20260615\reranker_validation_summary.csv,80,45.727887762318375,1.3265359290103005,0.1741407055507812,,0.006,0.1,legacy,,,,,,500000.0,0.0,,,,0.2,,,,m0w100,,,base,maxret095,
reranker_validation_20260615\regression_v2\summary.csv,8,46.65397835988279,1.324690192539633,0.1758451286702705,,0.006,0.1,legacy,,,,,,1000000.0,0.0,,,,0.2,,,,regression_v2,,,base,,
backtest_results_test_plan_share_ledger_stress_2x\yearly_summary.csv,6,45.61750288113318,1.3199205515213863,0.2013671335913993,,,,,,,,,2024,,,,,,,,,,,,,,,
backtest_results_v9_retention_20260531\avgw3_val_target3_execution_cap5_adv20m\yearly_summary.csv,6,47.34662836211261,1.3158529064904674,0.1754626501452051,,,,,,,,,2024,,,,,,,,,,,,,,,
backtest_results_exp_topret_avgw3_val\v9_retention_summary.csv,1,58.02918715641989,1.3147365941079456,0.2601698576659898,val,0.006,0.1,legacy,checkpoints_exp_topfocus_w005_topret\ultimate_v7_best.pt,v9_raw_persistent_average_w3,3.0,equal,,,,,,,,,,,,,,,,
backtest_results_exp_market_dynamic_min65_val\execution_constraint_sweep_summary.csv,2,46.845053246640056,1.3136336431182714,0.2032232343433493,,0.006,0.1,dynamic,,,,,,1000000.0,0.0,3000000.0,0.05,backtest_results_test_plan_v9_avgw3_val\v9_daily_alpha_top_order.jsonl,,,,,,,,,,
backtest_results_exp_market_dynamic_min65_val\top_by_sharpe.csv,2,46.845053246640056,1.3136336431182714,0.2032232343433493,,0.006,0.1,dynamic,,,,,,1000000.0,0.0,3000000.0,0.05,backtest_results_test_plan_v9_avgw3_val\v9_daily_alpha_top_order.jsonl,,,,,,,,,,
backtest_results_exp_blend_raw75_avg25_hold100_stress_2x\execution_constraint_sweep_summary.csv,2,44.8296790930315,1.30208360668139,0.252999937564552,,0.004,0.1,legacy,,,,,,1000000.0,0.0,3000000.0,0.05,backtest_results_exp_blend_raw75_avg25_val\alpha.jsonl,,,,,,,,,,
backtest_results_exp_blend_raw75_avg25_hold100_stress_2x\top_by_sharpe.csv,2,44.8296790930315,1.30208360668139,0.252999937564552,,0.004,0.1,legacy,,,,,,1000000.0,0.0,3000000.0,0.05,backtest_results_exp_blend_raw75_avg25_val\alpha.jsonl,,,,,,,,,,
backtest_results_v9_retention_20260531\topfocus_avgw3_val_legacy_widegrid\v9_retention_summary.csv,30,45.454860114509565,1.3019604182164817,0.1492580837647298,val,0.1,0.5,legacy,checkpoints_exp_topfocus_w005_topic\ultimate_v7_best.pt,v9_raw_persistent_average_w3,3.0,equal,,,,,,,,,,,,,,,,
backtest_results_test_plan_share_ledger_primary_stress_2x\execution_constraint_sweep_summary.csv,2,44.407330039501616,1.2980764596967134,0.176300189690554,,0.006,0.1,legacy,,,,,,1000000.0,0.0,3000000.0,0.05,backtest_results_test_plan_v9_avgw3_val\v9_daily_alpha_top_order.jsonl,,,,,,,,,,
backtest_results_test_plan_share_ledger_primary_stress_2x\top_by_sharpe.csv,2,44.407330039501616,1.2980764596967134,0.176300189690554,,0.006,0.1,legacy,,,,,,1000000.0,0.0,3000000.0,0.05,backtest_results_test_plan_v9_avgw3_val\v9_daily_alpha_top_order.jsonl,,,,,,,,,,
backtest_results_exp_rebalance_band20_stress_3x\yearly_summary.csv,6,43.85837954209544,1.2891070087800505,0.1862845537287239,,,,,,,,,2024,,,,,,,,,,,,,,,
backtest_results_exp_rebalance_band20_stress_lag1\yearly_summary.csv,6,42.66927609622471,1.2776402319211335,0.1578077772161154,,,,,,,,,2024,,,,,,,,,,,,,,,
downside_topfocus_validation_20260616\candidate_validation_summary.csv,16,44.32812459469084,1.2774454793432015,0.1738699472334804,,0.006,0.1,legacy,checkpoints_loss_ablation_D003_T001/epochs/epoch_006.pt,,,,,1000000.0,0.0,,,,0.2,,,,d003_t001_e6,,,base,maxret095,
backtest_results_exp_blend_raw75_avg25_stress_2x\execution_constraint_sweep_summary.csv,2,43.79331796866892,1.2734347352701083,0.244556243601362,,0.004,0.06,legacy,,,,,,1000000.0,0.0,3000000.0,0.05,backtest_results_exp_blend_raw75_avg25_val\alpha.jsonl,,,,,,,,,,
backtest_results_exp_blend_raw75_avg25_stress_2x\top_by_sharpe.csv,2,43.79331796866892,1.2734347352701083,0.244556243601362,,0.004,0.06,legacy,,,,,,1000000.0,0.0,3000000.0,0.05,backtest_results_exp_blend_raw75_avg25_val\alpha.jsonl,,,,,,,,,,
backtest_results_exp_rebalance_band10_pv1m_stress_3x\yearly_summary.csv,3,42.85343732446485,1.266400003943703,0.1853090362516337,,,,,,,,,2024,,,,,,,,,,,,,,,
backtest_results_exp_ablate_fundamental_share_ledger_val\execution_constraint_sweep_summary.csv,12,42.325717867172365,1.2647435749381302,0.1916930259914189,,0.004,0.06,legacy,,,,,,500000.0,0.0,3000000.0,0.05,backtest_results_exp_ablate_fundamental_avgw3_val\v9_daily_alpha_top_order.jsonl,,,,,,,,,,
backtest_results_exp_ablate_fundamental_share_ledger_val\top_by_sharpe.csv,12,42.325717867172365,1.2647435749381302,0.1916930259914189,,0.004,0.06,legacy,,,,,,500000.0,0.0,3000000.0,0.05,backtest_results_exp_ablate_fundamental_avgw3_val\v9_daily_alpha_top_order.jsonl,,,,,,,,,,
backtest_results_v9_retention_20260531\avgw3_val_target3_execution_cap5_adv20m_hold3040_cost2x\yearly_summary.csv,6,44.806803931133786,1.2644981822544252,0.1724565375434041,,,,,,,,,2024,,,,,,,,,,,,,,,
m0_topfocus_validation_20260614\portfolio\candidate_validation_summary.csv,16,42.173457965895935,1.2518552005237569,0.1700195791239286,,0.006,0.1,legacy,checkpoints_loss_ablation_M1_nomulti_topfocus_w005/epochs/epoch_006.pt,,,,,500000.0,0.0,,,,0.2,,,,m1_nomulti_topfocus_w005_e6,,,base,maxret095,
backtest_results_exp_market_none_val\yearly_summary.csv,36,53.21301193823456,1.2486850923528676,0.3015188755697501,,,,,,,,,2024,,,,,,,,,,,,,,,
backtest_results_v9_retention_20260531\avgw3_val_execution_sensitivity_20260531\execution_constraint_sweep_summary.csv,54,43.92146626872106,1.2459060341696615,0.1632940258182409,,0.03,0.3,legacy,,,,,,100000000.0,,20000000.0,0.03,backtest_results_v9_retention_20260531\topfocus_avgw3_val_legacy_finegrid\v9_daily_alpha_top_order.jsonl,,,,,,,,,,
backtest_results_v9_retention_20260531\avgw3_val_execution_sensitivity_20260531\top_by_sharpe.csv,20,43.92146626872106,1.2459060341696615,0.1632940258182409,,0.03,0.3,legacy,,,,,,100000000.0,,20000000.0,0.03,backtest_results_v9_retention_20260531\topfocus_avgw3_val_legacy_finegrid\v9_daily_alpha_top_order.jsonl,,,,,,,,,,
backtest_results_v9_retention_20260531\avgw3_val_target3_execution_cap5_adv20m_holdgrid\execution_constrained_summary.csv,5,43.96798836698612,1.245796858175405,0.1623587040711468,,0.03,0.3,legacy,,,,,,100000000.0,,20000000.0,0.05,backtest_results_v9_retention_20260531\topfocus_avgw3_val_legacy_finegrid\v9_daily_alpha_top_order.jsonl,,,,,,,,,,
backtest_results_v9_retention_20260531\topfocus_avgw3_val_legacy\yearly_summary.csv,12,40.16050960758015,1.2321868873363024,0.1499455897421459,,,,,,,,,2024,,,,,,,,,,,,,,,
backtest_results_test_plan_share_ledger_stress_2x\execution_constraint_sweep_summary.csv,2,41.355917976956704,1.2295335272608148,0.2013671335913993,,0.004,0.06,legacy,,,,,,1000000.0,0.0,3000000.0,0.05,backtest_results_test_plan_v9_avgw3_val\v9_daily_alpha_top_order.jsonl,,,,,,,,,,
backtest_results_test_plan_share_ledger_stress_2x\top_by_sharpe.csv,2,41.355917976956704,1.2295335272608148,0.2013671335913993,,0.004,0.06,legacy,,,,,,1000000.0,0.0,3000000.0,0.05,backtest_results_test_plan_v9_avgw3_val\v9_daily_alpha_top_order.jsonl,,,,,,,,,,
backtest_results_v9_retention_20260531\raw_val_target3_execution_cap5_adv20m\execution_constrained_summary.csv,2,42.82755523813686,1.2259244689962818,0.1607751916741093,,0.03,0.4,legacy,,,,,,100000000.0,,20000000.0,0.05,backtest_results_v9_retention_20260531\topfocus_raw_val_legacy_target3\v9_daily_alpha_top_order.jsonl,,,,,,,,,,
backtest_results_v9_retention_20260531\raw_val_target3_execution_cap5_adv20m_holdgrid\execution_constrained_summary.csv,5,42.82755523813686,1.2259244689962818,0.1607751916741093,,0.03,0.4,legacy,,,,,,100000000.0,,20000000.0,0.05,backtest_results_v9_retention_20260531\topfocus_raw_val_legacy_target3\v9_daily_alpha_top_order.jsonl,,,,,,,,,,
backtest_results_exp_rebalance_band10_pv1m_stress_lag1\yearly_summary.csv,3,40.988665140538494,1.224871827407434,0.1644655424318465,,,,,,,,,2024,,,,,,,,,,,,,,,
backtest_results_v9_retention_20260531\topfocus_compositew3_val_legacy_target3\v9_retention_summary.csv,2,47.38801059907731,1.2202504990329337,0.1578423371593486,val,0.03,0.4,legacy,checkpoints_exp_topfocus_w005_topic\ultimate_v7_best.pt,v9_raw_persistent_composite_w3,3.0,equal,,,,,,,,,,,,,,,,
backtest_results_test_plan_small_account_avgw3_val\execution_constraint_sweep_summary.csv,4,41.82919944825294,1.2107809031955896,0.167721337666782,,0.03,0.3,legacy,,,,,,500000.0,0.0,3000000.0,0.05,backtest_results_test_plan_v9_avgw3_val\v9_daily_alpha_top_order.jsonl,,,,,,,,,,
backtest_results_test_plan_small_account_avgw3_val\top_by_sharpe.csv,4,41.82919944825294,1.2107809031955896,0.167721337666782,,0.03,0.3,legacy,,,,,,500000.0,0.0,3000000.0,0.05,backtest_results_test_plan_v9_avgw3_val\v9_daily_alpha_top_order.jsonl,,,,,,,,,,
backtest_results_test_plan_small_account_raw_val\execution_constraint_sweep_summary.csv,4,41.7069891035448,1.203703321249392,0.1605591722343451,,0.03,0.3,legacy,,,,,,500000.0,0.0,3000000.0,0.05,backtest_results_test_plan_v9_raw_val\v9_daily_alpha_top_order.jsonl,,,,,,,,,,
backtest_results_test_plan_small_account_raw_val\top_by_sharpe.csv,4,41.7069891035448,1.203703321249392,0.1605591722343451,,0.03,0.3,legacy,,,,,,500000.0,0.0,3000000.0,0.05,backtest_results_test_plan_v9_raw_val\v9_daily_alpha_top_order.jsonl,,,,,,,,,,
backtest_results_test_plan_share_ledger_primary_stress_lag1\yearly_summary.csv,6,39.45797132009463,1.187674009425338,0.1672073819501756,,,,,,,,,2024,,,,,,,,,,,,,,,
backtest_results_exp_rebalance_band20_stress_3x\execution_constraint_sweep_summary.csv,2,39.01287392224268,1.183245333938983,0.1862845537287239,,0.006,0.1,legacy,,,,,,1000000.0,0.0,3000000.0,0.05,backtest_results_test_plan_v9_avgw3_val\v9_daily_alpha_top_order.jsonl,0.2,,,,,,,,,
backtest_results_exp_rebalance_band20_stress_3x\top_by_sharpe.csv,2,39.01287392224268,1.183245333938983,0.1862845537287239,,0.006,0.1,legacy,,,,,,1000000.0,0.0,3000000.0,0.05,backtest_results_test_plan_v9_avgw3_val\v9_daily_alpha_top_order.jsonl,0.2,,,,,,,,,
backtest_results_test_plan_fixed_names_avgw3_val\yearly_summary.csv,54,43.33029222156497,1.174276909307802,0.1633925305952363,,,,,,,,,2024,,,,,,,,,,,,,,,
backtest_results_v9_retention_20260531\avgw3_val_target3_execution_cap5_adv20m\execution_constrained_summary.csv,2,40.38413133124021,1.1709385647861343,0.1754626501452051,,0.03,0.25,legacy,,,,,,100000000.0,,20000000.0,0.05,backtest_results_v9_retention_20260531\topfocus_avgw3_val_legacy_finegrid\v9_daily_alpha_top_order.jsonl,,,,,,,,,,
backtest_results_v9_retention_20260531\v9v10_rankens_val_w75_25_exec100m_cap5_min20\yearly_summary.csv,6,40.63686277899823,1.1644851902494056,0.1805336557692335,,,,,,,,,2024,,,,,,,,,,,,,,,
backtest_results_exp_rebalance_band10_pv1m_stress_3x\execution_constraint_sweep_summary.csv,1,38.08158571882794,1.1615488003184322,0.1853090362516337,,0.006,0.1,legacy,,,,,,1000000.0,0.0,3000000.0,0.05,backtest_results_test_plan_v9_avgw3_val\v9_daily_alpha_top_order.jsonl,0.1,,,,,,,,,
backtest_results_exp_rebalance_band10_pv1m_stress_3x\top_by_sharpe.csv,1,38.08158571882794,1.1615488003184322,0.1853090362516337,,0.006,0.1,legacy,,,,,,1000000.0,0.0,3000000.0,0.05,backtest_results_test_plan_v9_avgw3_val\v9_daily_alpha_top_order.jsonl,0.1,,,,,,,,,
backtest_results_test_plan_share_ledger_primary_stress_3x\yearly_summary.csv,6,37.54268247609556,1.1476973168755906,0.1962618657722821,,,,,,,,,2024,,,,,,,,,,,,,,,
backtest_results_exp_market_none_val\execution_constraint_sweep_summary.csv,12,46.47608670776973,1.1383315187273486,0.3015188755697501,,0.006,0.1,none,,,,,,1000000.0,0.0,3000000.0,0.05,backtest_results_test_plan_v9_avgw3_val\v9_daily_alpha_top_order.jsonl,,,,,,,,,,
backtest_results_exp_market_none_val\top_by_sharpe.csv,12,46.47608670776973,1.1383315187273486,0.3015188755697501,,0.006,0.1,none,,,,,,1000000.0,0.0,3000000.0,0.05,backtest_results_test_plan_v9_avgw3_val\v9_daily_alpha_top_order.jsonl,,,,,,,,,,
backtest_results_v9_retention_20260531\avgw3_val_target3_open_to_close_exec1m_cap5_min20\yearly_summary.csv,9,35.24618412008842,1.1270281572139305,0.1574016429135884,,,,,,,,,2024,,,,,,,,,,,,,,,
backtest_results_v9_retention_20260531\avgw3_val_target3_execution_cap5_adv20m_hold3040_cost2x\execution_constrained_summary.csv,2,38.24558281626813,1.1261259146754914,0.1724565375434041,,0.03,0.3,legacy,,,,,,100000000.0,,20000000.0,0.05,backtest_results_v9_retention_20260531\topfocus_avgw3_val_legacy_finegrid\v9_daily_alpha_top_order.jsonl,,,,,,,,,,
backtest_results_v9_retention_20260531\avgw3_val_target3_execution_cap5_min20_lag1\yearly_summary.csv,6,37.58059838591559,1.1258561352056753,0.1764801154890035,,,,,,,,,2024,,,,,,,,,,,,,,,
backtest_results_v9_retention_20260531\avgw3_val_target3_execution_cap5_min20_lag1_hold50\yearly_summary.csv,3,37.02188975296852,1.1206390459778592,0.1775497078382646,,,,,,,,,2024,,,,,,,,,,,,,,,
backtest_results_v9_retention_20260531\avgw3_val_targetfine_open_to_open_exec1m_cap5_min20_market_dynamic\yearly_summary.csv,12,34.98358352413125,1.101740647206137,0.1568897905457921,,,,,,,,,2024,,,,,,,,,,,,,,,
backtest_results_v9_retention_20260531\avgw3_val_targetfine_open_to_open_exec1m_cap5_min20\yearly_summary.csv,24,40.40704437995464,1.0955043681268788,0.2020799197507218,,,,,,,,,2024,,,,,,,,,,,,,,,
backtest_results_v9_retention_20260531\avgw3_val_targetfine_open_to_open_exec1m_cap5_min20_market_dynamic_min0p30\yearly_summary.csv,12,35.52021198713173,1.0930205449850094,0.1611881422626759,,,,,,,,,2024,,,,,,,,,,,,,,,
backtest_results_v9_retention_20260531\topfocus_avgw3_val_legacy\v9_retention_summary.csv,4,34.00816079836198,1.0880718282397135,0.1499455897421459,val,0.3,0.8,legacy,checkpoints_exp_topfocus_w005_topic\ultimate_v7_best.pt,v9_raw_persistent_average_w3,3.0,equal,,,,,,,,,,,,,,,,
backtest_results_temporal_retention_20260604_v10_v9warm_toploss\temporal_retention_summary.csv,11,34.37846103324122,1.0872719647072535,0.1671527477618197,,0.03,0.4,legacy,,,,equal,,,,,,,,,,,,,,,,
backtest_results_exp_rebalance_band20_stress_lag1\execution_constraint_sweep_summary.csv,2,34.11847666355037,1.0827667094642508,0.1578077772161154,,0.006,0.1,legacy,,,,,,500000.0,1.0,3000000.0,0.05,backtest_results_test_plan_v9_avgw3_val\v9_daily_alpha_top_order.jsonl,0.2,,,,,,,,,
backtest_results_exp_rebalance_band20_stress_lag1\top_by_sharpe.csv,2,34.11847666355037,1.0827667094642508,0.1578077772161154,,0.006,0.1,legacy,,,,,,500000.0,1.0,3000000.0,0.05,backtest_results_test_plan_v9_avgw3_val\v9_daily_alpha_top_order.jsonl,0.2,,,,,,,,,
backtest_results_exp_blend_raw75_avg25_hold100_stress_3x\yearly_summary.csv,6,34.838006840939514,1.0815738692031909,0.2800695082728474,,,,,,,,,2024,,,,,,,,,,,,,,,
backtest_results_v9_retention_20260531\avgw3_val_target3_open_to_open_exec1m_cap5_min20_holdfine_mw0p03\yearly_summary.csv,12,39.45950436110224,1.0743090591215083,0.2110951011319165,,,,,,,,,2024,,,,,,,,,,,,,,,
backtest_results_v9_retention_20260531\avgw3_val_target3_open_to_open_exec1m_cap5_min20_holdfine_mw0p04\yearly_summary.csv,12,39.45950436110224,1.0743090591215083,0.2110951011319165,,,,,,,,,2024,,,,,,,,,,,,,,,
backtest_results_v9_retention_20260531\avgw3_val_target3_open_to_open_exec1m_cap5_min20_holdfine_mw0p05\yearly_summary.csv,12,39.45950436110224,1.0743090591215083,0.2110951011319165,,,,,,,,,2024,,,,,,,,,,,,,,,
backtest_results_v9_retention_20260531\v9v10_rankens_val_w50_50_exec100m_cap5_min20\yearly_summary.csv,6,36.50642101961883,1.058963623957238,0.1951550074860106,,,,,,,,,2024,,,,,,,,,,,,,,,
backtest_results_v9_retention_20260531\avgw3_val_target3_open_to_open_exec100m_cap5_min20\yearly_summary.csv,9,39.00497391874451,1.0558685662834235,0.2043638272733063,,,,,,,,,2024,,,,,,,,,,,,,,,
backtest_results_v9_retention_20260531\avgw3_val_target3_open_to_open_exec1m_cap5_min20\yearly_summary.csv,9,39.00497391874451,1.0558685662834235,0.2043638272733063,,,,,,,,,2024,,,,,,,,,,,,,,,
backtest_results_v9_retention_20260531\avgw3_val_target3_open_to_open_exec1m_cap5_min20_rerun\yearly_summary.csv,9,39.00497391874451,1.0558685662834235,0.2043638272733063,,,,,,,,,2024,,,,,,,,,,,,,,,
backtest_results_test_plan_share_ledger_stress_3x\yearly_summary.csv,6,33.392534882202554,1.049967017291224,0.2210333222439323,,,,,,,,,2024,,,,,,,,,,,,,,,
backtest_results_test_plan_share_ledger_primary_stress_3x\execution_constraint_sweep_summary.csv,2,33.00278749279579,1.0443112035007256,0.1962618657722821,,0.006,0.1,legacy,,,,,,1000000.0,0.0,3000000.0,0.05,backtest_results_test_plan_v9_avgw3_val\v9_daily_alpha_top_order.jsonl,,,,,,,,,,
backtest_results_test_plan_share_ledger_primary_stress_3x\top_by_sharpe.csv,2,33.00278749279579,1.0443112035007256,0.1962618657722821,,0.006,0.1,legacy,,,,,,1000000.0,0.0,3000000.0,0.05,backtest_results_test_plan_v9_avgw3_val\v9_daily_alpha_top_order.jsonl,,,,,,,,,,
backtest_results_v9_retention_20260531\avgw3_val_targetfine_open_to_open_exec1m_cap5_min20_market_dynamic\open_execution_summary.csv,4,32.42950554228214,1.0436920740316944,0.1568897905457921,,0.035,0.6,dynamic,,,,,,1000000.0,0.0,20000000.0,0.05,F:\stock_prediction\deepseek_model_exp\backtest_results_v9_retention_20260531\topfocus_avgw3_val_legacy_finegrid\v9_daily_alpha_top_order.jsonl,,open_to_open,,,,,,,,
backtest_results_v9_retention_20260531\avgw3_val_targetfine_open_to_open_exec1m_cap5_min20_market_dynamic_min0p40\yearly_summary.csv,12,34.350121244982205,1.039832674280194,0.1698219040911092,,,,,,,,,2024,,,,,,,,,,,,,,,
backtest_results_v9_retention_20260531\v9v10_rankens_val_w75_25_exec100m_cap5_min20\execution_constrained_summary.csv,2,34.32874322489232,1.0301292234374453,0.1805336557692335,,0.03,0.4,legacy,,,,,,100000000.0,,20000000.0,0.05,backtest_results_v9_retention_20260531\v9v10_rankens_val_w75_25\combined_alpha_top_order.jsonl,,,,,,,,,,
backtest_results_v9_retention_20260531\avgw3_val_targetfine_open_to_open_exec1m_cap5_min20_market_dynamic_min0p30\open_execution_summary.csv,4,32.67054105141649,1.0297663690018664,0.1611881422626759,,0.035,0.6,dynamic,,,,,,1000000.0,0.0,20000000.0,0.05,F:\stock_prediction\deepseek_model_exp\backtest_results_v9_retention_20260531\topfocus_avgw3_val_legacy_finegrid\v9_daily_alpha_top_order.jsonl,,open_to_open,,,,,,,,
backtest_results_exp_rebalance_band10_pv1m_stress_lag1\execution_constraint_sweep_summary.csv,1,32.2896035283067,1.0273975736627643,0.1644655424318465,,0.006,0.1,legacy,,,,,,1000000.0,1.0,3000000.0,0.05,backtest_results_test_plan_v9_avgw3_val\v9_daily_alpha_top_order.jsonl,0.1,,,,,,,,,
backtest_results_exp_rebalance_band10_pv1m_stress_lag1\top_by_sharpe.csv,1,32.2896035283067,1.0273975736627643,0.1644655424318465,,0.006,0.1,legacy,,,,,,1000000.0,1.0,3000000.0,0.05,backtest_results_test_plan_v9_avgw3_val\v9_daily_alpha_top_order.jsonl,0.1,,,,,,,,,
backtest_results_v9_retention_20260531\avgw3_val_targetfine_open_to_open_exec1m_cap5_min20\open_execution_summary.csv,8,36.64967653824569,1.0241669619481375,0.2020799197507218,,0.035,0.6,legacy,,,,,,1000000.0,0.0,20000000.0,0.05,F:\stock_prediction\deepseek_model_exp\backtest_results_v9_retention_20260531\topfocus_avgw3_val_legacy_finegrid\v9_daily_alpha_top_order.jsonl,,open_to_open,,,,,,,,
backtest_results_exp_blend_raw75_avg25_stress_3x\yearly_summary.csv,6,32.52960995748939,1.0230248293637236,0.2704056044478055,,,,,,,,,2024,,,,,,,,,,,,,,,
backtest_results_exp_base_band20_val\yearly_summary.csv,6,30.85695120164036,1.0224217407355625,0.234181945362584,,,,,,,,,2024,,,,,,,,,,,,,,,
_archive_results_20260604\backtest_results_temporal_retention_20260531\h3h5h7_seed5590_5591_rankens_val_legacy\temporal_retention_summary.csv,4,33.97396478226771,1.0117072528379436,0.1735750513666152,,0.2,0.8,legacy,,,,equal,,,,,,,,,,,,,,,,
backtest_results_v9_retention_20260531\avgw3_val_target3_open_to_open_exec1m_cap5_min50\yearly_summary.csv,9,36.076487276661865,1.0046422624016136,0.2252891480777893,,,,,,,,,2024,,,,,,,,,,,,,,,
_archive_results_20260604\backtest_results_temporal_retention_20260531\h3h5h7_seed5591_val_legacy_t20t30\temporal_retention_summary.csv,4,32.3759546978047,1.004498478623068,0.1631747048428832,,0.3,0.8,legacy,,,,equal,,,,,,,,,,,,,,,,
backtest_results_test_plan_fixed_names_avgw3_val\execution_constraint_sweep_summary.csv,18,34.852386260511125,1.00387646157573,0.1633925305952363,,0.004,0.06,legacy,,,,,,1000000.0,0.0,3000000.0,0.05,backtest_results_test_plan_v9_avgw3_val\v9_daily_alpha_top_order.jsonl,,,,,,,,,,
backtest_results_test_plan_fixed_names_avgw3_val\top_by_sharpe.csv,18,34.852386260511125,1.00387646157573,0.1633925305952363,,0.004,0.06,legacy,,,,,,1000000.0,0.0,3000000.0,0.05,backtest_results_test_plan_v9_avgw3_val\v9_daily_alpha_top_order.jsonl,,,,,,,,,,
backtest_results_v9_retention_20260531\avgw3_val_target3_open_to_open_exec1m_cap5_min10\yearly_summary.csv,9,36.17986723580528,1.0033109230961863,0.2111843547425416,,,,,,,,,2024,,,,,,,,,,,,,,,
backtest_results_v9_retention_20260531\avgw3_val_target3_open_to_open_exec1m_cap5_min20_holdfine_mw0p03\open_execution_summary.csv,4,35.639309891621295,1.00147444470071,0.2110951011319165,,0.03,0.6,legacy,,,,,,1000000.0,0.0,20000000.0,0.05,F:\stock_prediction\deepseek_model_exp\backtest_results_v9_retention_20260531\topfocus_avgw3_val_legacy_finegrid\v9_daily_alpha_top_order.jsonl,,open_to_open,,,,,,,,
backtest_results_v9_retention_20260531\avgw3_val_target3_open_to_open_exec1m_cap5_min20_holdfine_mw0p04\open_execution_summary.csv,4,35.639309891621295,1.00147444470071,0.2110951011319165,,0.03,0.6,legacy,,,,,,1000000.0,0.0,20000000.0,0.05,F:\stock_prediction\deepseek_model_exp\backtest_results_v9_retention_20260531\topfocus_avgw3_val_legacy_finegrid\v9_daily_alpha_top_order.jsonl,,open_to_open,,,,,,,,
backtest_results_v9_retention_20260531\avgw3_val_target3_open_to_open_exec1m_cap5_min20_holdfine_mw0p05\open_execution_summary.csv,4,35.639309891621295,1.00147444470071,0.2110951011319165,,0.03,0.6,legacy,,,,,,1000000.0,0.0,20000000.0,0.05,F:\stock_prediction\deepseek_model_exp\backtest_results_v9_retention_20260531\topfocus_avgw3_val_legacy_finegrid\v9_daily_alpha_top_order.jsonl,,open_to_open,,,,,,,,
backtest_results_exp_topret_band20_val\yearly_summary.csv,6,32.62996904696733,0.9961385561816178,0.2751822136655885,,,,,,,,,2024,,,,,,,,,,,,,,,
backtest_results_test_plan_share_ledger_primary_stress_lag1\execution_constraint_sweep_summary.csv,2,30.87072986098405,0.9914734854340796,0.1672073819501756,,0.006,0.1,legacy,,,,,,1000000.0,1.0,3000000.0,0.05,backtest_results_test_plan_v9_avgw3_val\v9_daily_alpha_top_order.jsonl,,,,,,,,,,
backtest_results_test_plan_share_ledger_primary_stress_lag1\top_by_sharpe.csv,2,30.87072986098405,0.9914734854340796,0.1672073819501756,,0.006,0.1,legacy,,,,,,1000000.0,1.0,3000000.0,0.05,backtest_results_test_plan_v9_avgw3_val\v9_daily_alpha_top_order.jsonl,,,,,,,,,,
backtest_results_v9_retention_20260531\final_dynamic_min0p20_val_target3_hold50_open_to_open_exec1m_2xcost\yearly_summary.csv,3,30.9750618234075,0.991431836821402,0.1627028126709649,,,,,,,,,2024,,,,,,,,,,,,,,,
_archive_results_20260604\backtest_results_temporal_retention_20260531\h3h5h7_longonly_val_market_legacy_t30h80\temporal_retention_summary.csv,1,32.65292257361387,0.991358482898356,0.167256263899736,,0.3,0.8,legacy,,,,equal,,,,,,,,,,,,,,,,
backtest_results_v9_retention_20260531\avgw3_val_target3_open_to_open_exec100m_cap5_min20\open_execution_summary.csv,3,35.46179729221337,0.9892816311779966,0.2043638272733063,,0.03,0.5,legacy,,,,,,100000000.0,0.0,20000000.0,0.05,backtest_results_v9_retention_20260531\topfocus_avgw3_val_legacy_finegrid\v9_daily_alpha_top_order.jsonl,,open_to_open,,,,,,,,
backtest_results_v9_retention_20260531\avgw3_val_target3_open_to_open_exec1m_cap5_min20\open_execution_summary.csv,3,35.46179729221337,0.9892816311779966,0.2043638272733063,,0.03,0.5,legacy,,,,,,1000000.0,0.0,20000000.0,0.05,backtest_results_v9_retention_20260531\topfocus_avgw3_val_legacy_finegrid\v9_daily_alpha_top_order.jsonl,,open_to_open,,,,,,,,
backtest_results_v9_retention_20260531\avgw3_val_target3_open_to_open_exec1m_cap5_min20_rerun\open_execution_summary.csv,3,35.46179729221337,0.9892816311779966,0.2043638272733063,,0.03,0.5,legacy,,,,,,1000000.0,0.0,20000000.0,0.05,F:\stock_prediction\deepseek_model_exp\backtest_results_v9_retention_20260531\topfocus_avgw3_val_legacy_finegrid\v9_daily_alpha_top_order.jsonl,,open_to_open,,,,,,,,
backtest_results_v9_retention_20260531\avgw3_val_target3_open_to_open_exec1m_cap5_min5\yearly_summary.csv,9,35.111892943735754,0.9863380336371276,0.2112290770446066,,,,,,,,,2024,,,,,,,,,,,,,,,
backtest_results_v9_retention_20260531\final_dynamic_min0p30_val_target3_hold50_open_to_open_exec1m_2xcost\yearly_summary.csv,3,31.36507997245581,0.9828034451044552,0.1693462905378212,,,,,,,,,2024,,,,,,,,,,,,,,,
backtest_results_v9_retention_20260531\final_legacy_val_target3_hold50_open_to_open_exec1m_2xcost\yearly_summary.csv,3,35.05573690561901,0.9798905769022848,0.2112249395073183,,,,,,,,,2024,,,,,,,,,,,,,,,
backtest_results_v9_retention_20260531\avgw3_val_target3_open_to_close_exec1m_cap5_min20\open_execution_summary.csv,3,29.05169957793987,0.9737431916908303,0.1574016429135884,,0.03,0.3,legacy,,,,,,1000000.0,0.0,20000000.0,0.05,F:\stock_prediction\deepseek_model_exp\backtest_results_v9_retention_20260531\topfocus_avgw3_val_legacy_finegrid\v9_daily_alpha_top_order.jsonl,,open_to_close,,,,,,,,
backtest_results_v9_retention_20260531\avgw3_val_targetfine_open_to_open_exec1m_cap5_min20_market_dynamic_min0p40\open_execution_summary.csv,4,31.25590405246532,0.9725800093490816,0.1698219040911092,,0.035,0.6,dynamic,,,,,,1000000.0,0.0,20000000.0,0.05,F:\stock_prediction\deepseek_model_exp\backtest_results_v9_retention_20260531\topfocus_avgw3_val_legacy_finegrid\v9_daily_alpha_top_order.jsonl,,open_to_open,,,,,,,,
_archive_results_20260604\backtest_results_temporal_retention_20260531\h3h5h7_longonly_val_market_legacy_one\temporal_retention_summary.csv,1,32.72039742013819,0.9725705583616696,0.173885411455439,,0.2,0.8,legacy,,,,equal,,,,,,,,,,,,,,,,
backtest_results_exp_blend_raw75_avg25_hold100_stress_3x\execution_constraint_sweep_summary.csv,2,30.03990827025657,0.9706985548040784,0.2800695082728474,,0.004,0.1,legacy,,,,,,1000000.0,0.0,3000000.0,0.05,backtest_results_exp_blend_raw75_avg25_val\alpha.jsonl,,,,,,,,,,
backtest_results_exp_blend_raw75_avg25_hold100_stress_3x\top_by_sharpe.csv,2,30.03990827025657,0.9706985548040784,0.2800695082728474,,0.004,0.1,legacy,,,,,,1000000.0,0.0,3000000.0,0.05,backtest_results_exp_blend_raw75_avg25_val\alpha.jsonl,,,,,,,,,,
_archive_results_20260604\backtest_results_temporal_retention_20260531\h3h5h7_seed5592_val_legacy_t20t30\temporal_retention_summary.csv,4,29.65548712100852,0.9673159994466896,0.1617772840914616,,0.3,0.8,legacy,,,,equal,,,,,,,,,,,,,,,,
backtest_results_v9_retention_20260531\raw_avgw3_rankblend_val_w25_75_open_to_open_exec1m_cap5_min20\yearly_summary.csv,12,33.8554336395118,0.9643267843817356,0.2135889337315705,,,,,,,,,2024,,,,,,,,,,,,,,,
backtest_results_test_plan_share_ledger_stress_3x\execution_constraint_sweep_summary.csv,2,29.509480728743533,0.959813482147763,0.2210333222439323,,0.004,0.06,legacy,,,,,,1000000.0,0.0,3000000.0,0.05,backtest_results_test_plan_v9_avgw3_val\v9_daily_alpha_top_order.jsonl,,,,,,,,,,
backtest_results_test_plan_share_ledger_stress_3x\top_by_sharpe.csv,2,29.509480728743533,0.959813482147763,0.2210333222439323,,0.004,0.06,legacy,,,,,,1000000.0,0.0,3000000.0,0.05,backtest_results_test_plan_v9_avgw3_val\v9_daily_alpha_top_order.jsonl,,,,,,,,,,
_archive_results_20260604\backtest_results_temporal_retention_20260531\h3h5h7_longonly_val_market_dynamic_t30h80\temporal_retention_summary.csv,1,26.56820921316143,0.9546559841624588,0.1378198118511689,,0.3,0.8,dynamic,,,,equal,,,,,,,,,,,,,,,,
_archive_results_20260604\backtest_results_temporal_retention_20260531\h3h5h7_longonly_val_market_legacy_hold90\temporal_retention_summary.csv,1,31.300888078063814,0.9481430707021504,0.1758682613952322,,0.2,0.9,legacy,,,,equal,,,,,,,,,,,,,,,,
backtest_results_v9_retention_20260531\avgw3_val_targetfine_open_to_open_exec1m_cap5_min20_market_dynamic_min0p50\yearly_summary.csv,12,31.459180696512902,0.946095963394062,0.1927173992284118,,,,,,,,,2024,,,,,,,,,,,,,,,
_archive_results_20260604\backtest_results_temporal_retention_20260531\h3h5h7_longonly_val_market_dynamic_one\temporal_retention_summary.csv,1,26.85227486009758,0.9416841318571112,0.1399412237898399,,0.2,0.8,dynamic,,,,equal,,,,,,,,,,,,,,,,
backtest_results_v9_retention_20260531\avgw3_val_target3_open_to_open_exec1m_cap5_min10\open_execution_summary.csv,3,32.808147655544914,0.938471774595056,0.2111843547425416,,0.03,0.5,legacy,,,,,,1000000.0,0.0,10000000.0,0.05,F:\stock_prediction\deepseek_model_exp\backtest_results_v9_retention_20260531\topfocus_avgw3_val_legacy_finegrid\v9_daily_alpha_top_order.jsonl,,open_to_open,,,,,,,,
backtest_results_v9_retention_20260531\final_dynamic_min0p20_val_target3_hold50_open_to_open_exec1m_2xcost\open_execution_summary.csv,1,28.579622551097337,0.9364089568704697,0.1627028126709649,,0.03,0.5,dynamic,,,,,,1000000.0,0.0,20000000.0,0.05,F:\stock_prediction\deepseek_model_exp\backtest_results_v9_retention_20260531\topfocus_avgw3_val_legacy_finegrid\v9_daily_alpha_top_order.jsonl,,open_to_open,,,,,,,,
backtest_results_v9_retention_20260531\avgw3_val_target3_execution_cap5_min20_lag1_hold50\execution_constrained_summary.csv,1,28.913226647989564,0.9353587413350876,0.1775497078382646,,0.03,0.5,legacy,,,,,,100000000.0,1.0,20000000.0,0.05,backtest_results_v9_retention_20260531\topfocus_avgw3_val_legacy_finegrid\v9_daily_alpha_top_order.jsonl,,,,,,,,,,
backtest_results_v9_retention_20260531\avgw3_val_target3_open_to_open_exec1m_cap5_min50\open_execution_summary.csv,3,32.325068542697856,0.931406422392903,0.2252891480777893,,0.03,0.5,legacy,,,,,,1000000.0,0.0,50000000.0,0.05,F:\stock_prediction\deepseek_model_exp\backtest_results_v9_retention_20260531\topfocus_avgw3_val_legacy_finegrid\v9_daily_alpha_top_order.jsonl,,open_to_open,,,,,,,,
backtest_results_v9_retention_20260531\avgw3_val_target3_execution_cap5_min20_lag1\execution_constrained_summary.csv,2,28.85747796968896,0.92806451465674,0.1764801154890035,,0.03,0.3,legacy,,,,,,100000000.0,1.0,20000000.0,0.05,backtest_results_v9_retention_20260531\topfocus_avgw3_val_legacy_finegrid\v9_daily_alpha_top_order.jsonl,,,,,,,,,,
backtest_results_v9_retention_20260531\v9v10_rankens_val_w50_50_exec100m_cap5_min20\execution_constrained_summary.csv,2,30.34303984163005,0.9274967051142264,0.1951550074860106,,0.03,0.4,legacy,,,,,,100000000.0,,20000000.0,0.05,backtest_results_v9_retention_20260531\v9v10_rankens_val_w50_50\combined_alpha_top_order.jsonl,,,,,,,,,,
backtest_results_v9_retention_20260531\final_dynamic_min0p30_val_target3_hold50_open_to_open_exec1m_2xcost\open_execution_summary.csv,1,28.70534918097372,0.923108810838652,0.1693462905378212,,0.03,0.5,dynamic,,,,,,1000000.0,0.0,20000000.0,0.05,F:\stock_prediction\deepseek_model_exp\backtest_results_v9_retention_20260531\topfocus_avgw3_val_legacy_finegrid\v9_daily_alpha_top_order.jsonl,,open_to_open,,,,,,,,
backtest_results_exp_blend_raw75_avg25_stress_3x\execution_constraint_sweep_summary.csv,2,28.19880697228665,0.922262216991578,0.2704056044478055,,0.004,0.06,legacy,,,,,,1000000.0,0.0,3000000.0,0.05,backtest_results_exp_blend_raw75_avg25_val\alpha.jsonl,,,,,,,,,,
backtest_results_exp_blend_raw75_avg25_stress_3x\top_by_sharpe.csv,2,28.19880697228665,0.922262216991578,0.2704056044478055,,0.004,0.06,legacy,,,,,,1000000.0,0.0,3000000.0,0.05,backtest_results_exp_blend_raw75_avg25_val\alpha.jsonl,,,,,,,,,,
_archive_results_20260604\backtest_results_temporal_retention_20260531\h3h5h7_longonly_val_market_dynamic_hold90\temporal_retention_summary.csv,1,25.84679638910994,0.9215446867210282,0.1417257043019202,,0.2,0.9,dynamic,,,,equal,,,,,,,,,,,,,,,,
backtest_results_v9_retention_20260531\avgw3_val_target3_open_to_open_exec1m_cap5_min5\open_execution_summary.csv,3,31.773420596381357,0.9211939362647568,0.2112290770446066,,0.03,0.5,legacy,,,,,,1000000.0,0.0,5000000.0,0.05,F:\stock_prediction\deepseek_model_exp\backtest_results_v9_retention_20260531\topfocus_avgw3_val_legacy_finegrid\v9_daily_alpha_top_order.jsonl,,open_to_open,,,,,,,,
backtest_results_exp_blend_raw75_avg25_hold100_stress_lag1\yearly_summary.csv,6,27.57130493926605,0.916667014954014,0.2442314673914211,,,,,,,,,2024,,,,,,,,,,,,,,,
backtest_results_test_plan_stress_2x_val\yearly_summary.csv,6,30.36877878011368,0.913268012277056,0.1855391041661885,,,,,,,,,2024,,,,,,,,,,,,,,,
backtest_results_v9_retention_20260531\final_legacy_val_target3_hold50_open_to_open_exec1m_2xcost\open_execution_summary.csv,1,31.59279462849476,0.9127024555295152,0.2112249395073183,,0.03,0.5,legacy,,,,,,1000000.0,0.0,20000000.0,0.05,F:\stock_prediction\deepseek_model_exp\backtest_results_v9_retention_20260531\topfocus_avgw3_val_legacy_finegrid\v9_daily_alpha_top_order.jsonl,,open_to_open,,,,,,,,
backtest_results_test_plan_share_ledger_stress_lag1\yearly_summary.csv,6,27.33628889052133,0.8957521892296019,0.2241200720256234,,,,,,,,,2024,,,,,,,,,,,,,,,
backtest_results_v9_retention_20260531\raw_avgw3_rankblend_val_w25_75_open_to_open_exec1m_cap5_min20\open_execution_summary.csv,4,30.26219084691839,0.8927941552730503,0.2135889337315705,,0.03,0.6,legacy,,,,,,1000000.0,0.0,20000000.0,0.05,F:\stock_prediction\deepseek_model_exp\backtest_results_v9_retention_20260531\raw_avgw3_rankblend_val_w25_75\combined_alpha_top_order.jsonl,,open_to_open,,,,,,,,
backtest_results_exp_base_band20_val\execution_constraint_sweep_summary.csv,2,25.33376397601344,0.8825710364532218,0.234181945362584,,0.006,0.1,legacy,,,,,,1000000.0,0.0,3000000.0,0.05,backtest_results_exp_base_avgw3_val\v9_daily_alpha_top_order.jsonl,0.2,,,,,,,,,
backtest_results_exp_base_band20_val\top_by_sharpe.csv,2,25.33376397601344,0.8825710364532218,0.234181945362584,,0.006,0.1,legacy,,,,,,1000000.0,0.0,3000000.0,0.05,backtest_results_exp_base_avgw3_val\v9_daily_alpha_top_order.jsonl,0.2,,,,,,,,,
backtest_results_v9_retention_20260531\v9v10_rankens_val_w25_75_exec100m_cap5_min20\yearly_summary.csv,6,28.84263399323215,0.8817283088191142,0.2243450370066383,,,,,,,,,2024,,,,,,,,,,,,,,,
backtest_results_v9_retention_20260531\avgw3_val_targetfine_open_to_open_exec1m_cap5_min20_market_dynamic_min0p50\open_execution_summary.csv,4,28.182096964143422,0.8762453628900598,0.1927173992284118,,0.035,0.6,dynamic,,,,,,1000000.0,0.0,20000000.0,0.05,F:\stock_prediction\deepseek_model_exp\backtest_results_v9_retention_20260531\topfocus_avgw3_val_legacy_finegrid\v9_daily_alpha_top_order.jsonl,,open_to_open,,,,,,,,
backtest_results_exp_topret_band20_val\execution_constraint_sweep_summary.csv,2,26.915697142350894,0.8673557393965242,0.2751822136655885,,0.006,0.1,legacy,,,,,,1000000.0,0.0,3000000.0,0.05,backtest_results_exp_topret_avgw3_val\v9_daily_alpha_top_order.jsonl,0.2,,,,,,,,,
backtest_results_exp_topret_band20_val\top_by_sharpe.csv,2,26.915697142350894,0.8673557393965242,0.2751822136655885,,0.006,0.1,legacy,,,,,,1000000.0,0.0,3000000.0,0.05,backtest_results_exp_topret_avgw3_val\v9_daily_alpha_top_order.jsonl,0.2,,,,,,,,,
backtest_results_v9_retention_20260531\avgw3_val_targetfine_open_to_open_exec1m_cap5_min20_market_dynamic_min0p60\yearly_summary.csv,12,28.526095259334983,0.8577379389612685,0.2273940079870185,,,,,,,,,2024,,,,,,,,,,,,,,,
backtest_results_exp_blend_raw75_avg25_stress_lag1\yearly_summary.csv,6,24.1738068056939,0.8215740941908762,0.2630161090488802,,,,,,,,,2024,,,,,,,,,,,,,,,
backtest_results_test_plan_small_account_lots_avgw3_val\yearly_summary.csv,6,22.911938195592985,0.7899802207939685,0.1681974533507247,,,,,,,,,2024,,,,,,,,,,,,,,,
backtest_results_v9_retention_20260531\avgw3_val_targetfine_open_to_open_exec1m_cap5_min20_market_dynamic_min0p60\open_execution_summary.csv,4,25.07913728162321,0.7857874307834403,0.2273940079870185,,0.035,0.6,dynamic,,,,,,1000000.0,0.0,20000000.0,0.05,F:\stock_prediction\deepseek_model_exp\backtest_results_v9_retention_20260531\topfocus_avgw3_val_legacy_finegrid\v9_daily_alpha_top_order.jsonl,,open_to_open,,,,,,,,
backtest_results_v9_retention_20260531\raw_avgw3_rankblend_val_w50_50_open_to_open_exec1m_cap5_min20\yearly_summary.csv,12,24.2710173865593,0.7616660691951566,0.2294630468028176,,,,,,,,,2024,,,,,,,,,,,,,,,
backtest_results_v9_retention_20260531\v9v10_rankens_val_w25_75_exec100m_cap5_min20\execution_constrained_summary.csv,2,23.08897920101072,0.7552938495218167,0.2243450370066383,,0.03,0.3,legacy,,,,,,100000000.0,,20000000.0,0.05,backtest_results_v9_retention_20260531\v9v10_rankens_val_w25_75\combined_alpha_top_order.jsonl,,,,,,,,,,
backtest_results_test_plan_stress_2x_val\execution_constraint_sweep_summary.csv,2,22.69535358474273,0.7447385985114595,0.1855391041661885,,0.004,0.06,legacy,,,,,,1000000.0,0.0,3000000.0,0.05,backtest_results_test_plan_v9_avgw3_val\v9_daily_alpha_top_order.jsonl,,,,,,,,,,
backtest_results_test_plan_stress_2x_val\top_by_sharpe.csv,2,22.69535358474273,0.7447385985114595,0.1855391041661885,,0.004,0.06,legacy,,,,,,1000000.0,0.0,3000000.0,0.05,backtest_results_test_plan_v9_avgw3_val\v9_daily_alpha_top_order.jsonl,,,,,,,,,,
backtest_results_exp_blend_raw75_avg25_hold100_stress_lag1\execution_constraint_sweep_summary.csv,2,20.10302720255681,0.7296312486239693,0.2442314673914211,,0.004,0.1,legacy,,,,,,500000.0,1.0,3000000.0,0.05,backtest_results_exp_blend_raw75_avg25_val\alpha.jsonl,,,,,,,,,,
backtest_results_exp_blend_raw75_avg25_hold100_stress_lag1\top_by_sharpe.csv,2,20.10302720255681,0.7296312486239693,0.2442314673914211,,0.004,0.1,legacy,,,,,,500000.0,1.0,3000000.0,0.05,backtest_results_exp_blend_raw75_avg25_val\alpha.jsonl,,,,,,,,,,
backtest_results_test_plan_share_ledger_stress_lag1\execution_constraint_sweep_summary.csv,2,19.96139583451413,0.7158862937357074,0.2241200720256234,,0.004,0.06,legacy,,,,,,1000000.0,1.0,3000000.0,0.05,backtest_results_test_plan_v9_avgw3_val\v9_daily_alpha_top_order.jsonl,,,,,,,,,,
backtest_results_test_plan_share_ledger_stress_lag1\top_by_sharpe.csv,2,19.96139583451413,0.7158862937357074,0.2241200720256234,,0.004,0.06,legacy,,,,,,1000000.0,1.0,3000000.0,0.05,backtest_results_test_plan_v9_avgw3_val\v9_daily_alpha_top_order.jsonl,,,,,,,,,,
_archive_results_20260604\backtest_results_temporal_daily_top_20260531\temporal_daily_top_summary.csv,2,19.41688449292085,0.708197986582425,0.4196468992977004,,,,,,,,,,,,,,,,,,,,,,,,
backtest_results_v9_retention_20260531\raw_avgw3_rankblend_val_w50_50_open_to_open_exec1m_cap5_min20\open_execution_summary.csv,4,20.76063380545401,0.6866150308427718,0.2294630468028176,,0.03,0.6,legacy,,,,,,1000000.0,0.0,20000000.0,0.05,F:\stock_prediction\deepseek_model_exp\backtest_results_v9_retention_20260531\raw_avgw3_rankblend_val_w50_50\combined_alpha_top_order.jsonl,,open_to_open,,,,,,,,
backtest_results_exp_blend_raw75_avg25_stress_lag1\execution_constraint_sweep_summary.csv,2,17.1144422813718,0.6504753906089519,0.2532344642147741,,0.004,0.06,legacy,,,,,,500000.0,1.0,3000000.0,0.05,backtest_results_exp_blend_raw75_avg25_val\alpha.jsonl,,,,,,,,,,
backtest_results_exp_blend_raw75_avg25_stress_lag1\top_by_sharpe.csv,2,17.1144422813718,0.6504753906089519,0.2532344642147741,,0.004,0.06,legacy,,,,,,500000.0,1.0,3000000.0,0.05,backtest_results_exp_blend_raw75_avg25_val\alpha.jsonl,,,,,,,,,,
backtest_results_test_plan_stress_3x_val\yearly_summary.csv,6,18.407054958985647,0.6481899314212096,0.2112451297426405,,,,,,,,,2024,,,,,,,,,,,,,,,
backtest_results_v9_retention_20260531\raw_avgw3_rankblend_val_w75_25_open_to_open_exec1m_cap5_min20\yearly_summary.csv,12,18.577502498488908,0.6377830528731631,0.2247924220266572,,,,,,,,,2024,,,,,,,,,,,,,,,
backtest_results_test_plan_small_account_lots_avgw3_val\execution_constraint_sweep_summary.csv,2,16.04416049265309,0.6148885630550406,0.1681974533507247,,0.03,0.3,legacy,,,,,,1000000.0,0.0,3000000.0,0.05,backtest_results_test_plan_v9_avgw3_val\v9_daily_alpha_top_order.jsonl,,,,,,,,,,
backtest_results_test_plan_small_account_lots_avgw3_val\top_by_sharpe.csv,2,16.04416049265309,0.6148885630550406,0.1681974533507247,,0.03,0.3,legacy,,,,,,1000000.0,0.0,3000000.0,0.05,backtest_results_test_plan_v9_avgw3_val\v9_daily_alpha_top_order.jsonl,,,,,,,,,,
backtest_results_v9_retention_20260531\raw_avgw3_rankblend_val_w75_25_open_to_open_exec1m_cap5_min20\open_execution_summary.csv,4,15.482853794659857,0.5685057363283251,0.2247924220266572,,0.03,0.6,legacy,,,,,,1000000.0,0.0,20000000.0,0.05,F:\stock_prediction\deepseek_model_exp\backtest_results_v9_retention_20260531\raw_avgw3_rankblend_val_w75_25\combined_alpha_top_order.jsonl,,open_to_open,,,,,,,,
backtest_results_v9_retention_20260531\avgw3_val_targetfine_open_to_open_exec1m_cap5_min20_market_none\yearly_summary.csv,12,16.158126883527068,0.557380180979233,0.3531214742577701,,,,,,,,,2024,,,,,,,,,,,,,,,
backtest_results_test_plan_stress_3x_val\execution_constraint_sweep_summary.csv,2,11.472627057991392,0.4815252947676118,0.2112451297426405,,0.004,0.06,legacy,,,,,,1000000.0,0.0,3000000.0,0.05,backtest_results_test_plan_v9_avgw3_val\v9_daily_alpha_top_order.jsonl,,,,,,,,,,
backtest_results_test_plan_stress_3x_val\top_by_sharpe.csv,2,11.472627057991392,0.4815252947676118,0.2112451297426405,,0.004,0.06,legacy,,,,,,1000000.0,0.0,3000000.0,0.05,backtest_results_test_plan_v9_avgw3_val\v9_daily_alpha_top_order.jsonl,,,,,,,,,,
backtest_results_v9_retention_20260531\avgw3_val_targetfine_open_to_open_exec1m_cap5_min20_market_none\open_execution_summary.csv,4,12.243497262700089,0.4811557681234563,0.3531214742577701,,0.035,0.6,none,,,,,,1000000.0,0.0,20000000.0,0.05,F:\stock_prediction\deepseek_model_exp\backtest_results_v9_retention_20260531\topfocus_avgw3_val_legacy_finegrid\v9_daily_alpha_top_order.jsonl,,open_to_open,,,,,,,,
_archive_results_20260604\backtest_results_temporal_retention_20260531\h3h5h7_seed5591_val_extreme_hold\temporal_retention_summary.csv,4,7.085395307448006,0.3710753221632405,0.3191855893862511,,0.2,0.9,none,,,,equal,,,,,,,,,,,,,,,,
_archive_results_20260604\backtest_results_temporal_retention_20260531\h3h5h7_longonly_h128_t64_n3000_extreme_hold\temporal_retention_summary.csv,9,5.45902290850282,0.3352957381253358,0.3360065632860671,,0.2,0.9,,,,,,,,,,,,,,,,,,,,,
backtest_results_test_plan_stress_lag1_val\yearly_summary.csv,6,5.699516027769969,0.3350866626559297,0.2669222439403201,,,,,,,,,2024,,,,,,,,,,,,,,,
_archive_results_20260604\backtest_results_temporal_retention_20260531\h3h5h7_longonly_h128_t64_n3000_wide_nocost\temporal_retention_summary.csv,6,4.996649431322497,0.3274529692793549,0.3904304904750191,,0.3,0.4,,,,,,,,,,,,,,,,,,,,,
_archive_results_20260604\backtest_results_temporal_retention_20260531\h3h5h7_longonly_h128_t64_n3000_ultrawide\temporal_retention_summary.csv,9,3.8879328519886514,0.3003041417841251,0.3670495840907677,,0.3,0.7,,,,,,,,,,,,,,,,,,,,,
_archive_results_20260604\backtest_results_temporal_retention_20260531\h3h5h7_longonly_h128_t64_n3000_wide\temporal_retention_summary.csv,9,0.0120367193314985,0.2245522080368571,0.4079182978926465,,0.15,0.5,,,,,,,,,,,,,,,,,,,,,
_archive_results_20260604\backtest_results_temporal_retention_20260531\target_sampler_extreme_hold_compare\temporal_retention_summary.csv,9,1.681379914004788,0.2231070237201386,0.3095504869355016,,0.4,0.8,,,,,,,,,,,,,,,,,,,,,
_archive_results_20260604\backtest_results_temporal_retention_20260531\h3h5h7_longonly_rank_linear_weight\temporal_retention_summary.csv,6,-2.907365410432683,0.1555110488366492,0.3828118884736778,,0.2,0.9,,,,,rank_linear,,,,,,,,,,,,,,,,
_archive_results_20260604\backtest_results_temporal_retention_20260531\h3h5h7_longonly_h128_t64_n3000\temporal_retention_summary.csv,8,-5.345728945808748,0.1252644841562152,0.4300380014858077,,0.05,0.3,,,,,,,,,,,,,,,,,,,,,
_archive_results_20260604\backtest_results_temporal_retention_20260531\target_sampler_wide_compare\temporal_retention_summary.csv,9,-2.901333037238518,0.0939908173837317,0.3293951433972608,,0.3,0.5,,,,,,,,,,,,,,,,,,,,,
_archive_results_20260604\backtest_results_temporal_daily_top_20260531\h3h5h7_longonly_h128_t64_n3000_fullval_wide\temporal_daily_top_summary.csv,4,-6.094979758126717,0.0635949900300723,0.3943307598863592,,,,,,,,,,,,,,,,,,,,,,,,
backtest_results_test_plan_stress_lag1_val\execution_constraint_sweep_summary.csv,2,-4.667721738894093,0.0478770841292514,0.2672667039735428,,0.004,0.06,legacy,,,,,,1000000.0,1.0,3000000.0,0.05,backtest_results_test_plan_v9_avgw3_val\v9_daily_alpha_top_order.jsonl,,,,,,,,,,
backtest_results_test_plan_stress_lag1_val\top_by_sharpe.csv,2,-4.667721738894093,0.0478770841292514,0.2672667039735428,,0.004,0.06,legacy,,,,,,1000000.0,1.0,3000000.0,0.05,backtest_results_test_plan_v9_avgw3_val\v9_daily_alpha_top_order.jsonl,,,,,,,,,,
_archive_results_20260604\backtest_results_temporal_retention_20260531\h3h5h7_longonly_alpha_positive_weight\temporal_retention_summary.csv,6,-9.48282111507045,-0.0013851512199548,0.4084812301932394,,0.4,0.9,,,,,alpha_positive,,,,,,,,,,,,,,,,
_archive_results_20260604\backtest_results_temporal_daily_top_20260531\h3h5h7_longonly_h128_t64_n3000_fullval\temporal_daily_top_summary.csv,3,-15.977665538316932,-0.1576646957977539,0.43162878540882,,,,,,,,,,,,,,,,,,,,,,,,
_archive_results_20260604\backtest_results_temporal_daily_top_20260531\h5_adapter_h192_t96_n4500_fullval_compare\temporal_daily_top_summary.csv,3,-16.88671650524173,-0.1795662039606237,0.4279229570564786,,,,,,,,,,,,,,,,,,,,,,,,
_archive_results_20260604\backtest_results_temporal_daily_top_20260531\target_sampler_compare\temporal_daily_top_summary.csv,3,-15.172357084031308,-0.2967060976460114,0.3351677738492606,,,,,,,,,,,,,,,,,,,,,,,,
forward_results\frozen_v9_avgw3\primary_ledger_20260519_20260611_funda_fixed\execution_constraint_sweep_summary.csv,2,-52.61195729835284,-2.569054783317795,0.0797562129908328,,0.006,0.1,legacy,,,,,,1000000.0,0.0,3000000.0,0.05,forward_results\frozen_v9_avgw3\alpha_20260519_20260611_funda_fixed.jsonl,,,,,,,,,,
forward_results\frozen_v9_avgw3\primary_ledger_20260519_20260611_funda_fixed\top_by_sharpe.csv,2,-52.61195729835284,-2.569054783317795,0.0797562129908328,,0.006,0.1,legacy,,,,,,1000000.0,0.0,3000000.0,0.05,forward_results\frozen_v9_avgw3\alpha_20260519_20260611_funda_fixed.jsonl,,,,,,,,,,
forward_results\frozen_v9_avgw3\primary_ledger_20260519_20260611_funda_fixed\yearly_summary.csv,4,-52.61195729835284,-2.569054783317795,0.0797562129908328,,,,,,,,,2026,,,,,,,,,,,,,,,
forward_results\shadow_rebalance_band20\ledger_20260519_20260611\execution_constraint_sweep_summary.csv,2,-61.15405400062164,-2.7832568690450725,0.0789019932522055,,0.006,0.1,legacy,,,,,,1000000.0,0.0,3000000.0,0.05,forward_results\frozen_v9_avgw3\alpha_20260519_20260611.jsonl,0.2,,,,,,,,,
forward_results\shadow_rebalance_band20\ledger_20260519_20260611\top_by_sharpe.csv,2,-61.15405400062164,-2.7832568690450725,0.0789019932522055,,0.006,0.1,legacy,,,,,,1000000.0,0.0,3000000.0,0.05,forward_results\frozen_v9_avgw3\alpha_20260519_20260611.jsonl,0.2,,,,,,,,,
forward_results\shadow_rebalance_band20\ledger_20260519_20260611\yearly_summary.csv,4,-61.15405400062164,-2.7832568690450725,0.0789019932522055,,,,,,,,,2026,,,,,,,,,,,,,,,
forward_results\frozen_v9_avgw3\primary_ledger_20260519_20260611\execution_constraint_sweep_summary.csv,2,-62.68217645212456,-2.8858374339324384,0.0804018413523677,,0.006,0.1,legacy,,,,,,1000000.0,0.0,3000000.0,0.05,forward_results\frozen_v9_avgw3\alpha_20260519_20260611.jsonl,,,,,,,,,,
forward_results\frozen_v9_avgw3\primary_ledger_20260519_20260611\top_by_sharpe.csv,2,-62.68217645212456,-2.8858374339324384,0.0804018413523677,,0.006,0.1,legacy,,,,,,1000000.0,0.0,3000000.0,0.05,forward_results\frozen_v9_avgw3\alpha_20260519_20260611.jsonl,,,,,,,,,,
forward_results\frozen_v9_avgw3\primary_ledger_20260519_20260611\yearly_summary.csv,4,-62.68217645212456,-2.8858374339324384,0.0804018413523677,,,,,,,,,2026,,,,,,,,,,,,,,,
forward_results\m0_v3_20260615\summary.csv,4,-72.82849300000669,-4.200420565698377,0.1131289960749022,,0.006,0.1,legacy,,,,,,1000000.0,0.0,,,,0.2,,,,m0,,,,,
forward_results\m0_v3_20260615\v4_forward_summary.csv,4,-72.82849300000669,-4.200420565698377,0.1131289960749022,,0.006,0.1,legacy,,,,,,1000000.0,0.0,,,,0.2,,,,m0,,,,,
forward_results\m0_v41_20260615\summary.csv,4,-72.82849300000669,-4.200420565698377,0.1131289960749022,,0.006,0.1,legacy,,,,,,1000000.0,0.0,,,,0.2,,,,m0,,,base,,
forward_results\shadow_raw75_avg25\ledger_20260519_20260611\execution_constraint_sweep_summary.csv,2,-74.83307814547805,-4.434875831823398,0.1041677532566739,,0.004,0.1,legacy,,,,,,500000.0,0.0,3000000.0,0.05,forward_results\shadow_raw75_avg25\alpha_20260519_20260611.jsonl,,,,,,,,,,
forward_results\shadow_raw75_avg25\ledger_20260519_20260611\top_by_sharpe.csv,2,-74.83307814547805,-4.434875831823398,0.1041677532566739,,0.004,0.1,legacy,,,,,,500000.0,0.0,3000000.0,0.05,forward_results\shadow_raw75_avg25\alpha_20260519_20260611.jsonl,,,,,,,,,,
forward_results\shadow_raw75_avg25\ledger_20260519_20260611\yearly_summary.csv,4,-74.83307814547805,-4.434875831823398,0.1041677532566739,,,,,,,,,2026,,,,,,,,,,,,,,,
backtest_results_small_account_smoke_20260612\execution_constraint_sweep_summary.csv,2,-50.00427506429055,-6.902636416898761,0.0555627068454153,,0.03,0.3,legacy,,,,,,500000.0,0.0,3000000.0,0.05,cache\v9_alpha_switch_smoke_val20.jsonl,,,,,,,,,,
backtest_results_small_account_smoke_20260612\top_by_sharpe.csv,2,-50.00427506429055,-6.902636416898761,0.0555627068454153,,0.03,0.3,legacy,,,,,,500000.0,0.0,3000000.0,0.05,cache\v9_alpha_switch_smoke_val20.jsonl,,,,,,,,,,
backtest_results_small_account_smoke_20260612\yearly_summary.csv,4,-50.00427506429055,-6.902636416898761,0.0555627068454153,,,,,,,,,2024,,,,,,,,,,,,,,,
backtest_results_test_plan_v9_smoke5\v9_retention_summary.csv,1,-40.15715917658393,-12.979423912978714,0.0121512188387654,val,0.03,0.4,legacy,checkpoints_exp_topfocus_w005_topic/ultimate_v7_best.pt,v9_raw,1.0,equal,,,,,,,,,,,,,,,,
backtest_results_test_plan_v9_smoke5\yearly_summary.csv,2,-40.15715917658393,-12.979423912978714,0.0121512188387654,,,,,,,,,2024,,,,,,,,,,,,,,,
